Sample_ID,Experimental_Tg_K,Predicted_Tg_K,Max_Train_Tanimoto,Residual_K,Absolute_Error_K,PSMILES,Nearest_Train_PSMILES,Similarity_Group
0,149.0,200.88875,0.5333333333333333,51.88874816894531,51.88874816894531,[*]O[Si]([*])(C)C,[*]O[Si](C)(C)[Si]([*])(C)C,0.50 to 0.60
1,643.15,543.00024,0.65,-100.14975585937498,100.14975585937498,[*]Nc1ccc(C2(c3ccc(NC(=O)c4cc(NC(=O)C56CC7CC(CC(C7)C5)C6)cc(C([*])=O)c4)cc3)c3ccccc3-c3ccccc32)cc1,[*]Nc1ccc(C2(c3ccc(NC(=O)c4cccc(C([*])=O)c4)cc3)c3ccccc3-c3ccccc32)cc1,0.60 to 0.70
2,638.15,528.8782,0.603448275862069,-109.27182617187498,109.27182617187498,[*]Nc1ccc(C(c2ccc(NC(=O)c3cc(NC(=O)C45CC6CC(CC(C6)C4)C5)cc(C([*])=O)c3)cc2)(C(F)(F)F)C(F)(F)F)cc1,[*]Nc1ccc(C(c2ccc(NC(=O)c3cccc(C([*])=O)c3)cc2)(C(F)(F)F)C(F)(F)F)cc1,0.60 to 0.70
3,638.15,524.09064,0.5208333333333334,-114.05936279296873,114.05936279296873,[*]Nc1ccc(NC(=O)c2cc(NC(=O)C34CC5CC(CC(C5)C3)C4)cc(C(=O)Nc3ccc(C([*])=O)cc3)c2)cc1,[*]Nc1ccc(-c2ccc(NC(=O)c3ccc(C([*])=O)cc3)cc2)cc1,0.50 to 0.60
4,618.15,512.64923,0.5277777777777778,-105.50076904296873,105.50076904296873,[*]Nc1ccc(Oc2ccc(C34CC5CC(CC(C5)C3)C4)c(Oc3ccc(NC(=O)c4cc(NC(=O)C56CC7CC(CC(C7)C5)C6)cc(C([*])=O)c4)cc3)c2)cc1,[*]Nc1ccc(Oc2ccc(C3(c4ccc(Oc5ccc(NC(=O)c6cccc(C([*])=O)c6)cc5)cc4)C4CC5CC(C4)CC3C5)cc2)cc1,0.50 to 0.60
5,608.15,528.1794,0.5873015873015873,-79.97061767578123,79.97061767578123,[*]Nc1ccc(Oc2ccc(NC(=O)c3cc(NC(=O)C45CC6CC(CC(C6)C4)C5)cc(C([*])=O)c3)cc2)cc1,[*]Nc1ccc(Oc2ccc(C3(c4ccc(Oc5ccc(NC(=O)c6cccc(C([*])=O)c6)cc5)cc4)C4CC5CC(C4)CC3C5)cc2)cc1,0.50 to 0.60
6,638.15,490.62692,0.5714285714285714,-147.5230773925781,147.5230773925781,[*]Nc1cccc(NC(=O)c2cc(NC(=O)C34CC5CC(CC(C5)C3)C4)cc(C([*])=O)c2)c1,[*]Nc1cccc(NC(=O)c2cccc(C([*])=O)c2)c1,0.50 to 0.60
7,431.15,412.36624,0.6153846153846154,-18.783758544921852,18.783758544921852,[*]c1ccc(Cc2ccc(N3C(=O)C(=O)N(CCCCCCN4C(=O)C(=O)N([*])C4=O)C3=O)cc2)cc1,[*]c1ccc(CCc2ccccc2N2C(=O)C(=O)N(CCCCCCN3C(=O)C(=O)N([*])C3=O)C2=O)cc1,0.60 to 0.70
8,445.15,415.6544,0.5686274509803921,-29.495611572265602,29.495611572265602,[*]c1ccc(Oc2ccc(N3C(=O)C(=O)N(CCCCCCN4C(=O)C(=O)N([*])C4=O)C3=O)cc2)cc1,[*]c1ccc(C)c(N2C(=O)C(=O)N(CCCCCCN3C(=O)C(=O)N([*])C3=O)C2=O)c1,0.50 to 0.60
9,356.15,352.1477,0.6588235294117647,-4.002294921874977,4.002294921874977,[*]C(=O)OCCN(CCOC(=O)c1cc([*])cc(OCCN(C)c2ccc(S(=O)(=O)C(F)(F)C(F)(F)C(F)(F)C(F)(F)C(F)(F)C(F)(F)C(F)(F)C(F)(F)F)cc2)c1)c1ccc(S(=O)(=O)C(F)(F)C(F)(F)C(F)(F)C(F)(F)C(F)(F)C(F)(F)C(F)(F)C(F)(F)F)cc1,[*]NC(=O)c1cc(OCCN(C)c2ccc(C#N)cc2)cc(C(=O)Nc2cc([*])cc(C(=O)OCCN(C)c3ccc(S(=O)(=O)C(F)(F)C(F)(F)C(F)(F)C(F)(F)C(F)(F)C(F)(F)C(F)(F)C(F)(F)F)cc3)c2)c1,0.60 to 0.70
10,353.15,347.76263,0.59375,-5.387365722656227,5.387365722656227,[*]C(=O)OCCN(CCOC(=O)c1cc([*])cc(OCCN(C)c2ccc(S(=O)(=O)CCCCCCCC)cc2)c1)c1ccc(S(=O)(=O)C(F)(F)C(F)(F)C(F)(F)C(F)(F)C(F)(F)C(F)(F)C(F)(F)C(F)(F)F)cc1,[*]NC(=O)c1cc(OCCN(C)c2ccc(C#N)cc2)cc(C(=O)Nc2cc([*])cc(C(=O)OCCN(C)c3ccc(S(=O)(=O)C(F)(F)C(F)(F)C(F)(F)C(F)(F)C(F)(F)C(F)(F)C(F)(F)C(F)(F)F)cc3)c2)c1,0.50 to 0.60
11,481.15,443.38586,0.5151515151515151,-37.76413574218748,37.76413574218748,[*]CC([*])(C)c1ccc2ccccc2c1,[*]CC([*])(C)c1ccc(C(C)C)cc1,0.50 to 0.60
12,304.15,354.92706,0.5833333333333334,50.77706298828127,50.77706298828127,[*]CC([*])(C)C(=O)OCCCCCCc1ccc(/C(C)=C/c2ccc(OC)cc2)cc1,[*]CC([*])(C)C(=O)OCCCCCCCCCCOc1ccc(OC(=O)c2ccc(OC)cc2)cc1,0.50 to 0.60
13,361.35,344.7552,0.4666666666666667,-16.594812011718773,16.594812011718773,[*]=CCS(=O)(=O)CC(=[*])C,[*]=CCS(=O)(=O)C(C)C(=[*])C,< 0.50
14,568.15,563.3443,0.5789473684210527,-4.805700683593727,4.805700683593727,[*]Nc1ccc(-c2cc(-c3ccccc3)cc(-c3ccc(NC(=O)c4ccc5c(c4)C(=O)N(c4ccc(Oc6cccc7c(N8C(=O)c9ccc(C([*])=O)cc9C8=O)cccc67)cc4)C5=O)cc3)n2)cc1,[*]Nc1ccc(Oc2ccc3nc(-c4ccccc4)c(-c4ccc(-c5ccc(-c6nc7cc(Oc8ccc(NC(=O)c9ccc%10c(c9)C(=O)N(c9ccc(C(c%11ccc(N%12C(=O)c%13ccc(C([*])=O)cc%13C%12=O)cc%11)(C(F)(F)F)C(F)(F)F)cc9)C%10=O)cc8)ccc7nc6-c6ccccc6)cc5)cc4)nc3c2)cc1,0.50 to 0.60
15,575.15,561.7129,0.8142857142857143,-13.437109374999977,13.437109374999977,[*]Nc1ccc(-c2cc(-c3ccc(-c4ccccc4)cc3)cc(-c3ccc(NC(=O)Nc4ccc5c(c4)C(=O)N(c4ccc(Oc6ccc7ccccc7c6-c6c(Oc7ccc(N8C(=O)c9ccc(NC([*])=O)cc9C8=O)cc7)ccc7ccccc67)cc4)C5=O)cc3)n2)cc1,[*]Nc1ccc(Oc2ccc(NC(=O)Nc3ccc4c(c3)C(=O)N(c3ccc(Oc5ccc6ccccc6c5-c5c(Oc6ccc(N7C(=O)c8ccc(NC([*])=O)cc8C7=O)cc6)ccc6ccccc56)cc3)C4=O)cc2)cc1,>= 0.80
16,531.15,549.52765,0.7878787878787878,18.377648925781273,18.377648925781273,[*]Nc1ccc(-c2cc(-c3ccccc3)cc(-c3ccc(NC(=O)c4ccc5c(c4)C(=O)N(c4cccc(P(=O)(c6ccccc6)c6cccc(N7C(=O)c8ccc(C([*])=O)cc8C7=O)c6)c4)C5=O)cc3)n2)cc1,[*]Nc1ccc(C(=O)c2ccc(NC(=O)c3ccc4c(c3)C(=O)N(c3cccc(P(=O)(c5ccccc5)c5cccc(N6C(=O)c7ccc(C([*])=O)cc7C6=O)c5)c3)C4=O)cc2)cc1,0.70 to 0.80
17,488.15,562.5808,0.6027397260273972,74.43081054687502,74.43081054687502,[*]Nc1ccc(N2C(=O)c3ccc(C(=O)Nc4ccc(-c5cc(-c6ccccc6)cc(-c6ccc(NC(=O)c7ccc8c(c7)C(=O)N(c7ccc(NC([*])=O)cc7)C8=O)cc6)n5)cc4)cc3C2=O)cc1,[*]Nc1ccc(Cc2ccc(NC(=O)c3ccc4c(c3)C(=O)N(c3ccc(-c5sc(-c6ccc(N7C(=O)c8ccc(C([*])=O)cc8C7=O)cc6)c(-c6ccccc6)c5-c5ccccc5)cc3)C4=O)cc2)cc1,0.60 to 0.70
18,514.15,574.5829,0.6714285714285714,60.43288574218752,60.43288574218752,[*]Nc1ccc(Oc2ccc(NC(=O)Nc3ccc4c(c3)C(=O)N(c3ccc(-c5cc(-c6ccc(-c7ccccc7)cc6)cc(-c6ccc(N7C(=O)c8ccc(NC([*])=O)cc8C7=O)cc6)n5)cc3)C4=O)cc2)cc1,[*]Nc1ccc(Oc2ccc(NC(=O)Nc3ccc4c(c3)C(=O)N(c3ccc(Oc5ccc6ccccc6c5-c5c(Oc6ccc(N7C(=O)c8ccc(NC([*])=O)cc8C7=O)cc6)ccc6ccccc56)cc3)C4=O)cc2)cc1,0.60 to 0.70
19,522.15,536.5711,0.7123287671232876,14.421105957031273,14.421105957031273,[*]Nc1ccc(Oc2ccccc2-c2ccccc2Oc2ccc(NC(=O)Nc3ccc4c(c3)C(=O)N(c3ccc(-c5cc(-c6ccc(-c7ccccc7)cc6)cc(-c6ccc(N7C(=O)c8ccc(NC([*])=O)cc8C7=O)cc6)n5)cc3)C4=O)cc2)cc1,[*]Nc1ccc(Oc2ccccc2-c2ccccc2Oc2ccc(NC(=O)Nc3ccc4c(c3)C(=O)N(c3ccc(Oc5ccc6ccccc6c5-c5c(Oc6ccc(N7C(=O)c8ccc(NC([*])=O)cc8C7=O)cc6)ccc6ccccc56)cc3)C4=O)cc2)cc1,0.70 to 0.80
20,566.15,561.5621,0.6233766233766234,-4.587927246093727,4.587927246093727,[*]Nc1cccc(NC(=O)c2ccc3c(c2)C(=O)N(c2ccc(Oc4cccc5c(N6C(=O)c7ccc(C([*])=O)cc7C6=O)cccc45)cc2)C3=O)n1,[*]c1ccc(NC(=O)c2ccc3c(c2)C(=O)N(c2ccc(Oc4cccc5c(N6C(=O)c7ccc(C(=O)Nc8ccc([*])cc8OC)cc7C6=O)cccc45)cc2)C3=O)c(OC)c1,0.60 to 0.70
21,572.15,548.37585,0.684931506849315,-23.774145507812477,23.774145507812477,[*]Nc1cccc2c(NC(=O)c3ccc4c(c3)C(=O)N(c3ccc(Oc5cccc6c(N7C(=O)c8ccc(C([*])=O)cc8C7=O)cccc56)cc3)C4=O)cccc12,[*]c1ccc(NC(=O)c2ccc3c(c2)C(=O)N(c2ccc(Oc4cccc5c(N6C(=O)c7ccc(C(=O)Nc8ccc([*])cc8OC)cc7C6=O)cccc45)cc2)C3=O)c(OC)c1,0.60 to 0.70
22,564.15,551.7732,0.5783132530120482,-12.376806640624977,12.376806640624977,[*]Nc1nc(NC(=O)c2ccc3c(c2)C(=O)N(c2ccc(Oc4cccc5c(N6C(=O)c7ccc(C([*])=O)cc7C6=O)cccc45)cc2)C3=O)nc(-c2ccccc2)n1,[*]c1ccc(NC(=O)c2ccc3c(c2)C(=O)N(c2ccc(Oc4cccc5c(N6C(=O)c7ccc(C(=O)Nc8ccc([*])cc8OC)cc7C6=O)cccc45)cc2)C3=O)c(OC)c1,0.50 to 0.60
23,383.15,395.66592,0.3333333333333333,12.515924072265648,12.515924072265648,[*]/C=C(/[*])c1c(F)c(F)c(CCCC)c(F)c1F,[*]/C=C(/[*])c1c(C)cc(C(C)(C)C)cc1C,< 0.50
24,471.15,503.3851,0.44,32.2351013183594,32.2351013183594,[*]Sc1c(C)cc([*])cc1C,[*]Oc1c(C)cc([*])cc1C,< 0.50
25,314.15,318.43454,0.5161290322580645,4.284539794921898,4.284539794921898,[*]CC([*])C(=O)OCCCCCCOc1ccc(/C=N/c2ccc(OCCCCC)cc2)c(O)c1,[*]CC([*])C(=O)OCCOc1ccc(C(=O)Oc2ccc(OC(=O)c3ccc(OCCCCC)cc3)cc2)cc1,0.50 to 0.60
26,356.15,347.46536,0.4375,-8.684637451171852,8.684637451171852,[*]=CC(C)S(=O)(=O)CC(=[*])C,[*]=CCS(=O)(=O)C(C)C(=[*])C,< 0.50
27,471.15,503.0395,0.78,31.889489746093773,31.889489746093773,[*]c1ccc(Oc2ccc(-c3nnc(-c4ccc(Oc5ccc(C([*])(C)C)cc5)cc4)n3-c3ccc(S(=O)(=O)c4ccccc4)cc3)cc2)cc1,[*]c1ccc(Oc2ccc(-c3nnc(-c4ccc(Oc5ccc(C([*])(C)C)cc5)cc4)n3-c3ccccc3)cc2)cc1,0.70 to 0.80
28,503.15,460.08014,0.7321428571428571,-43.06986083984373,43.06986083984373,[*]c1ccc(Oc2ccc(-c3nnc(-c4ccc(Oc5ccc(C([*])(C)C)cc5)cc4)n3-c3ccc(S(C)(=O)=O)cc3)cc2)cc1,[*]c1ccc(Oc2ccc(C(c3ccc(Oc4ccc(-c5nnc([*])n5-c5ccc(S(C)(=O)=O)cc5)cc4)cc3)(C(F)(F)F)C(F)(F)F)cc2)cc1,0.70 to 0.80
29,463.15,467.27585,0.7551020408163265,4.125848388671898,4.125848388671898,[*]c1ccc(Oc2ccc(-c3nnc(-c4ccc(Oc5ccc(C([*])(C)C)cc5)cc4)n3-c3cccc(C(F)(F)F)c3)cc2)cc1,[*]c1ccc(Oc2ccc(-c3nnc(-c4ccc(Oc5ccc(C([*])(C)C)cc5)cc4)n3-c3ccccc3)cc2)cc1,0.70 to 0.80
30,484.15,516.23035,0.7931034482758621,32.08034667968752,32.08034667968752,[*]c1ccc(Oc2ccc(C(c3ccc(Oc4ccc(-c5nnc([*])n5-c5ccc(S(=O)(=O)c6ccccc6)cc5)cc4)cc3)(C(F)(F)F)C(F)(F)F)cc2)cc1,[*]c1ccc(Oc2ccc(C(c3ccc(Oc4ccc(-c5nnc([*])n5-c5ccc(S(C)(=O)=O)cc5)cc4)cc3)(C(F)(F)F)C(F)(F)F)cc2)cc1,0.70 to 0.80
31,293.15,362.1437,0.5128205128205128,68.99370727539065,68.99370727539065,[*]CC([*])OC(=O)CC(C)(C)c1ccccc1,[*]CC([*])OC(=O)c1ccccc1,0.50 to 0.60
32,461.15,487.20926,0.4666666666666667,26.059259033203148,26.059259033203148,[*]CC1C(=O)N(c2ccccc2)C(=O)C1C([*])(C)C,[*]CC1C(=O)N(C2CCCCC2)C(=O)C1C([*])(C)C,< 0.50
33,348.15,412.5588,0.2826086956521739,64.4088073730469,64.4088073730469,[*]CC1([*])OCC(c2ccccc2)O1,[*]CC1([*])CC(=O)N(c2ccccc2)C1=O,< 0.50
34,539.15,566.357,0.6727272727272727,27.206994628906273,27.206994628906273,[*]c1ccc(C)c(N2C(=O)c3ccc(C(c4ccc5c(c4)C(=O)N(c4ccc(C([*])(C(F)(F)F)C(F)(F)F)cc4C)C5=O)(C(F)(F)F)C(F)(F)F)cc3C2=O)c1,[*]c1ccc2c(c1)C(=O)N(c1cc(C(c3ccc(O)c(N4C(=O)c5ccc(C([*])(C(F)(F)F)C(F)(F)F)cc5C4=O)c3)(C(F)(F)F)C(F)(F)F)ccc1O)C2=O,0.60 to 0.70
35,566.65,563.1591,0.8387096774193549,-3.4908813476562273,3.4908813476562273,[*]C(=O)Nc1ccc(C(c2ccc(NC(=O)c3ccc(C)c(N4C(=O)c5ccc(C(c6ccc7c(c6)C(=O)N(c6cc([*])ccc6C)C7=O)(C(F)(F)F)C(F)(F)F)cc5C4=O)c3)cc2)(C(F)(F)F)C(F)(F)F)cc1,[*]C(=O)Nc1ccc(C(c2ccc(NC(=O)c3ccc(N4C(=O)c5ccc(C(c6ccc7c(c6)C(=O)N(c6ccc([*])cc6C)C7=O)(C(F)(F)F)C(F)(F)F)cc5C4=O)c(C)c3)cc2)(C(F)(F)F)C(F)(F)F)cc1,>= 0.80
36,539.65,519.1743,0.6724137931034483,-20.475683593749977,20.475683593749977,[*]c1ccc(OC(C)=O)c(N2C(=O)c3ccc(C(c4ccc5c(c4)C(=O)N(c4cc(C([*])(C(F)(F)F)C(F)(F)F)ccc4OC(C)=O)C5=O)(C(F)(F)F)C(F)(F)F)cc3C2=O)c1,[*]c1ccc2c(c1)C(=O)N(c1cc(C(c3ccc(O)c(N4C(=O)c5ccc(C([*])(C(F)(F)F)C(F)(F)F)cc5C4=O)c3)(C(F)(F)F)C(F)(F)F)ccc1O)C2=O,0.60 to 0.70
37,471.15,387.79358,0.6578947368421053,-83.35642089843748,83.35642089843748,[*]CC([*])(C)C(=O)Oc1c(C(C)C)cccc1C(C)C,[*]CC([*])(C)C(=O)Oc1c(C)cccc1C,0.60 to 0.70
38,351.15,409.31,0.8484848484848485,58.15999755859377,58.15999755859377,[*]CC([*])C(=O)Oc1ccc(C(=O)c2ccc(Cl)cc2)cc1,[*]CC([*])C(=O)Oc1ccc(Cl)cc1,>= 0.80
39,381.15,405.13104,0.4871794871794871,23.981042480468773,23.981042480468773,[*]C(=C(Cl)Cl)c1ccc(OCOc2ccc([*])cc2)cc1,[*]C(=O)c1ccc(OCC(O)COc2ccc([*])cc2)cc1,< 0.50
40,351.15,363.01834,0.5873015873015873,11.868341064453148,11.868341064453148,[*]OC(=O)CCCCCn1c(=O)c2cc3c(=O)n(CCCCCC(=O)Oc4ccc([*])cc4C)c(=O)c3cc2c1=O,[*]OC(=O)CCCCCCN1C(=O)c2ccc(C(=O)Oc3ccc([*])cc3C)cc2C1=O,0.50 to 0.60
41,547.15,508.39932,0.5211267605633803,-38.75067749023435,38.75067749023435,[*]c1cc(C(C)C)c(N2C(=O)c3ccc(C(c4ccc5c(c4)C(=O)N(c4c(C(C)C)cc(C([*])(c6ccccc6)C(F)(F)F)cc4C(C)C)C5=O)(C(F)(F)F)C(F)(F)F)cc3C2=O)c(C(C)C)c1,[*]c1ccc(N2C(=O)c3ccc(C(c4ccc5c(c4)C(=O)N(c4ccc(C6([*])c7ccccc7-c7ccccc76)cc4C(C)C)C5=O)(C(F)(F)F)C(F)(F)F)cc3C2=O)c(C(C)C)c1,0.50 to 0.60
42,197.15,196.90276,0.56,-0.24724426269531818,0.24724426269531818,[*]CCOCOCCCCSSCC[*],[*]CCCOCOCC[*],0.50 to 0.60
43,197.15,192.83315,0.4782608695652174,-4.316854858398443,4.316854858398443,[*]CCOCCCCSSCC[*],[*]CCCCOCCCC[*],< 0.50
44,365.15,372.30716,0.515625,7.157159423828148,7.157159423828148,[*]OC(=O)c1ccc(C(=O)Oc2cc(OCCOC)c([*])cc2OCCOC)cc1-c1ccccc1,[*]OC(=O)c1ccc(-c2ccc(C(=O)Oc3ccc([*])cc3C)cc2)cc1-c1ccccc1,0.50 to 0.60
45,334.15,385.4622,0.5421686746987951,51.31218872070315,51.31218872070315,[*]c1cc(CCCCCCCC)c(-c2ccc(C(=O)OCC(COc3ccc(/N=N/c4ccc(C#N)cc4)cc3)OC(=O)c3ccc([*])c(F)c3F)c(F)c2F)cc1CCCCCCCC,[*]C(=O)OCC(COc1ccc(/N=N/c2ccc(C#N)cc2)cc1)OC(=O)c1cc(C)ccc1[*],0.50 to 0.60
46,398.65,312.43246,0.45,-86.2175354003906,86.2175354003906,[*]CC(OCC(C)C)C(C)(C(=O)OC)C([*])(C)C(=O)OC,[*]CCC(C)C([*])(C)C(=O)OC,< 0.50
47,407.15,324.52612,0.4722222222222222,-82.62387695312498,82.62387695312498,[*]CC(OC)C(C)(C(=O)OC)C([*])(C)C(=O)OC,[*]CC(C)CC([*])(C)C(=O)OC,< 0.50
48,388.65,361.57498,0.5833333333333334,-27.075018310546852,27.075018310546852,[*]CC([*])c1ccc(C(C)=O)cc1,[*]CC([*])c1ccc(C(=O)OCCC)cc1,0.50 to 0.60
49,407.15,398.2986,0.5384615384615384,-8.851385498046852,8.851385498046852,[*]CC([*])c1ccc(/C(C)=N/O)cc1,[*]CC([*])c1ccc(/C(Cc2ccccc2)=N/O)cc1,0.50 to 0.60
50,368.15,356.29825,0.5588235294117647,-11.851751708984352,11.851751708984352,[*]CC([*])c1ccc(C(=O)C(F)(F)F)cc1,[*]CC([*])c1ccc(C(O)C(F)(F)F)cc1,0.50 to 0.60
51,375.15,339.8067,0.6111111111111112,-35.34329833984373,35.34329833984373,[*]CC([*])c1ccc(C(=O)CC)cc1,[*]CC([*])c1ccc(C(=O)Cc2ccccc2)cc1,0.60 to 0.70
52,347.15,349.0497,0.6052631578947368,1.8997131347656477,1.8997131347656477,[*]CC([*])c1ccc(C(=O)CCC)cc1,[*]CC([*])c1ccc(C(=O)OCCC)cc1,0.60 to 0.70
53,343.15,347.44052,0.625,4.290521240234398,4.290521240234398,[*]CC([*])c1ccc(C(=O)CCCC)cc1,[*]CC([*])c1ccc(C(=O)OCCCC)cc1,0.60 to 0.70
54,398.15,414.6298,0.575,16.479791259765648,16.479791259765648,[*]CC([*])c1ccc(C(=O)N(C)C)cc1,[*]CC([*])c1ccc(C(=O)OCCN(C)C)cc1,0.50 to 0.60
55,375.15,389.3032,0.5581395348837209,14.153192138671898,14.153192138671898,[*]CC([*])c1ccc(C(=O)N(CC)CC)cc1,[*]CC([*])c1ccc(C(=O)OCCN(CC)CC)cc1,0.50 to 0.60
56,368.15,361.8679,0.6756756756756757,-6.282110595703102,6.282110595703102,[*]CC([*])c1ccc(C(=O)OC(C)C)cc1,[*]CC([*])c1ccc(C(=O)OCC(C)C)cc1,0.60 to 0.70
57,367.15,360.6722,0.7714285714285715,-6.477789306640602,6.477789306640602,[*]CC([*])c1ccc(C(=O)OCC)cc1,[*]CC([*])c1ccc(C(=O)OCCC)cc1,0.70 to 0.80
58,376.15,393.50333,0.7419354838709677,17.353326416015648,17.353326416015648,[*]CC([*])c1ccc(C(=O)c2ccc(OC)cc2)cc1,[*]CC([*])c1ccc(OC)cc1,0.70 to 0.80
59,371.15,384.60095,0.6571428571428571,13.450952148437523,13.450952148437523,[*]CC([*])c1ccc(C(=O)c2ccccc2)cc1,[*]CC([*])c1ccc(C(=O)Cc2ccccc2)cc1,0.60 to 0.70
60,372.075,376.13004,0.7142857142857143,4.055035400390636,4.055035400390636,[*]CC([*])c1ccc(C(=O)c2ccc(C)cc2)cc1,[*]CC([*])c1ccc(C)cc1,0.70 to 0.80
61,394.575,349.41196,0.6666666666666666,-45.163043212890614,45.163043212890614,[*]CC([*])c1ccc(OC(C)=O)cc1,[*]CC([*])c1cccc(OC(C)=O)c1,0.60 to 0.70
62,386.0,383.57318,0.6666666666666666,-2.42681884765625,2.42681884765625,[*]CC([*])c1ccc(C(=O)OC)cc1,[*]CC([*])c1ccc(C(=O)OCCC)cc1,0.60 to 0.70
63,230.15,276.98746,0.36,46.83745727539062,46.83745727539062,[*]SC1CCCCC1[*],[*]OC1CCCCC1[*],< 0.50
64,409.15,365.21536,0.5517241379310345,-43.93463745117185,43.93463745117185,[*]CC([*])c1ccc(C)nc1,[*]CC([*])c1ccc(C)cc1,0.50 to 0.60
65,503.15,422.80048,0.55,-80.34952392578123,80.34952392578123,[*]c1cc(C)c(S(=O)(=O)c2c(C)cc(C([*])(C)C)cc2C)c(C)c1,[*]c1cc(C)c(Oc2ccc(S(=O)(=O)c3ccc(Oc4c(C)cc(C([*])(C)C)cc4C)cc3)cc2)c(C)c1,0.50 to 0.60
66,436.15,471.59293,0.8541666666666666,35.44292602539065,35.44292602539065,[*]Nc1ccc(Oc2ccc(C(c3ccc(Oc4ccc(NC(=O)c5ccc(Oc6ccc7ccc(Oc8ccc(C([*])=O)cc8)cc7c6)cc5)cc4)cc3)(C(F)(F)F)C(F)(F)F)cc2)cc1,[*]Nc1ccc(NC(=O)c2ccc(Oc3ccc(C(c4ccc(Oc5ccc(C([*])=O)cc5)cc4)(C(F)(F)F)C(F)(F)F)cc3)cc2)cc1,>= 0.80
67,435.15,445.36533,0.8787878787878788,10.215325927734398,10.215325927734398,[*]C(=O)c1ccc(Oc2ccc(C(c3ccc(Oc4ccc(C([*])=O)cc4)cc3)(C(F)(F)F)C(F)(F)F)cc2)cc1,[*]C(=O)c1ccc(Oc2ccc(C(c3ccc(Oc4ccc([*])cc4)cc3)(C(F)(F)F)C(F)(F)F)cc2)cc1,>= 0.80
68,513.15,513.2127,0.75,0.06270751953127274,0.06270751953127274,[*]Nc1ccc(-c2ccc(NC(=O)c3ccc(Oc4ccc(C(c5ccc(Oc6ccc(C([*])=O)cc6)cc5)(C(F)(F)F)C(F)(F)F)cc4)cc3)cc2C(F)(F)F)c(C(F)(F)F)c1,[*]Nc1ccc(NC(=O)c2ccc(Oc3ccc(C(c4ccc(Oc5ccc(C([*])=O)cc5)cc4)(C(F)(F)F)C(F)(F)F)cc3)cc2)cc1,0.70 to 0.80
69,563.15,536.6407,0.8536585365853658,-26.509313964843727,26.509313964843727,[*]Nc1ccc(C(c2ccc(NC(=O)c3ccc(C([*])=O)cc3)cc2)(C(F)(F)F)C(F)(F)F)cc1,[*]Nc1ccc(NC(=O)c2ccc(Oc3ccc(C(c4ccc(Oc5ccc(C([*])=O)cc5)cc4)(C(F)(F)F)C(F)(F)F)cc3)cc2)cc1,>= 0.80
70,539.15,478.18323,0.8085106382978723,-60.96677246093748,60.96677246093748,[*]Nc1ccc(C(c2ccc(NC(=O)c3ccc(OC(=O)c4ccc(C(=O)Oc5ccc(C([*])=O)cc5)cc4)cc3)cc2)(C(F)(F)F)C(F)(F)F)cc1,[*]Nc1ccc(NC(=O)c2ccc(Oc3ccc(C(c4ccc(Oc5ccc(C([*])=O)cc5)cc4)(C(F)(F)F)C(F)(F)F)cc3)cc2)cc1,>= 0.80
71,500.15,480.46262,0.7592592592592593,-19.687384033203102,19.687384033203102,[*]Nc1ccc(C(c2ccc(NC(=O)c3ccc(OC(=O)c4cccc(C(=O)Oc5ccc(C([*])=O)cc5)c4)cc3)cc2)(C(F)(F)F)C(F)(F)F)cc1,[*]Nc1ccc(Oc2ccc(C(c3ccc(Oc4ccc(NC(=O)c5cccc(C([*])=O)c5)cc4)cc3)(C(F)(F)F)C(F)(F)F)cc2)cc1,0.70 to 0.80
72,505.15,489.37296,0.7222222222222222,-15.777044677734352,15.777044677734352,[*]Nc1ccc(Oc2ccc(C(c3ccc(Oc4ccc(NC(=O)c5cc(C([*])=O)cc([N+](=O)[O-])c5)cc4)cc3)(C(F)(F)F)C(F)(F)F)cc2)cc1,[*]Nc1ccc(NC(=O)c2ccc(Oc3ccc(C(c4ccc(Oc5ccc(C([*])=O)cc5)cc4)(C(F)(F)F)C(F)(F)F)cc3)cc2)cc1,0.70 to 0.80
73,514.15,492.22485,0.8392857142857143,-21.925146484374977,21.925146484374977,[*]Nc1ccc(Oc2ccc(C3(c4ccc(Oc5ccc(NC(=O)c6ccc(C(c7ccc(C([*])=O)cc7)(C(F)(F)F)C(F)(F)F)cc6)cc5)cc4)C4CC5CC(C4)CC3C5)cc2)cc1,[*]Nc1ccc(Oc2ccc(C3(c4ccc(Oc5ccc(NC(=O)c6ccc(Oc7ccc(C([*])=O)cc7)cc6)cc5)cc4)C4CC5CC(C4)CC3C5)cc2)cc1,>= 0.80
74,525.15,515.24316,0.8392857142857143,-9.906835937499977,9.906835937499977,[*]Nc1ccc(Oc2ccc3cccc(Oc4ccc(NC(=O)c5ccc(C(c6ccc(C([*])=O)cc6)(C(F)(F)F)C(F)(F)F)cc5)cc4)c3c2)cc1,[*]Nc1ccc(Oc2ccc3cccc(Oc4ccc(NC(=O)c5ccc(Oc6ccc(C([*])=O)cc6)cc5)cc4)c3c2)cc1,>= 0.80
75,441.15,507.90594,0.8695652173913043,66.75594482421877,66.75594482421877,[*]Nc1cccc(NC(=O)c2ccc(Oc3ccc4ccc(Oc5ccc(C([*])=O)cc5)cc4c3)cc2)c1,[*]Nc1ccc(Oc2cccc(NC(=O)c3ccc(Oc4ccc5ccc(Oc6ccc(C([*])=O)cc6)cc5c4)cc3)c2)cc1,>= 0.80
76,352.15,345.5422,0.4264705882352941,-6.607794189453102,6.607794189453102,[*]OCCCCOc1ccc(/C=C2\CC/C(=C\c3ccc(OCCCCOP([*])(=O)OCC)c(OC)c3)C2=O)cc1OC,[*]OCCCCCCCCCCOc1ccc(/C=C/c2ccc(OCCCCCCCCCCOP([*])(=O)OCCCCCCCCCCOc3ccc(/N=N/c4ccc(OC)cc4)cc3)cc2)cc1,< 0.50
77,320.15,340.59723,0.4411764705882353,20.447229003906273,20.447229003906273,[*]OCCCCCCCCCCOc1ccc(/C=C2\CC/C(=C\c3ccc(OCCCCCCCCCCOP([*])(=O)OCC)c(OC)c3)C2=O)cc1OC,[*]OCCCCCCCCCCOc1ccc(/C=C/c2ccc(OCCCCCCCCCCOP([*])(=O)OCCCCCCCCCCOc3ccc(/N=N/c4ccc(OC)cc4)cc3)cc2)cc1,< 0.50
78,335.15,342.87888,0.4411764705882353,7.728875732421898,7.728875732421898,[*]OCCCCCCCCOc1ccc(/C=C2\CC/C(=C\c3ccc(OCCCCCCCCOP([*])(=O)OCC)c(OC)c3)C2=O)cc1OC,[*]OCCCCCCCCCCOc1ccc(/C=C/c2ccc(OCCCCCCCCCCOP([*])(=O)OCCCCCCCCCCOc3ccc(/N=N/c4ccc(OC)cc4)cc3)cc2)cc1,< 0.50
79,348.15,343.21594,0.4411764705882353,-4.934057617187477,4.934057617187477,[*]OCCCCCCOc1ccc(/C=C2\CC/C(=C\c3ccc(OCCCCCCOP([*])(=O)OCC)c(OC)c3)C2=O)cc1OC,[*]OCCCCCCCCCCOc1ccc(/C=C/c2ccc(OCCCCCCCCCCOP([*])(=O)OCCCCCCCCCCOc3ccc(/N=N/c4ccc(OC)cc4)cc3)cc2)cc1,< 0.50
80,353.15,363.30933,0.373134328358209,10.159326171875023,10.159326171875023,[*]OCCOc1ccc(/C=C2\CC/C(=C\c3ccc(OCCOP([*])(=O)OCC)c(OC)c3)C2=O)cc1OC,[*]OCCOc1ccc(S(=O)(=O)c2ccc(OCCOP([*])(=O)Oc3ccc(OC)cc3)cc2)cc1,< 0.50
81,443.15,399.2685,0.5,-43.88150634765623,43.88150634765623,[*]c1ccc(N(c2ccc(C)cc2)c2ccc(C([*])c3ccc(OCCCC)cc3)cc2)cc1,[*]CC([*])c1ccc(OCCCC)cc1,0.50 to 0.60
82,323.15,407.27182,0.4936708860759494,84.1218200683594,84.1218200683594,[*]OC(=O)c1ccc(-c2ccc(C(=O)Oc3ccc(-c4ccc([*])cc4C(=O)OCCCCCCCCCCCOc4ccc(-c5ccc(C#N)cc5)cc4)c(C(=O)OCCCCCCCCCCCOc4ccc(-c5ccc(C#N)cc5)cc4)c3)cc2C(F)(F)F)c(C(F)(F)F)c1,[*]OC(=O)c1ccc(OCCCCCCOc2ccc(C(=O)Oc3ccc([*])cc3/N=N/c3ccc(C#N)cc3)cc2)cc1,< 0.50
83,230.15,267.8688,0.5714285714285714,37.71880493164062,37.71880493164062,[*]CC(COC(F)(C(F)(F)F)C(F)(F)F)O[*],[*]CC(COC(C)(C)C)O[*],0.50 to 0.60
84,646.15,591.98456,0.7111111111111111,-54.16544189453123,54.16544189453123,[*]Oc1ccc2c(c1)C(=O)N(c1ccc(C3(c4ccc(N5C(=O)c6ccc([*])cc6C5=O)cc4)c4ccccc4-c4ccccc43)cc1)C2=O,[*]Oc1ccc2c(c1)C(=O)N(c1ccc(N3C(=O)c4ccc([*])cc4C3=O)cc1)C2=O,0.70 to 0.80
85,552.15,512.947,0.7627118644067796,-39.20297851562498,39.20297851562498,[*]c1ccc(N2C(=O)c3ccc(Oc4ccc(C5(c6ccc(Oc7ccc8c(c7)C(=O)N(c7ccc(N([*])c9ccc(C#N)cc9)cc7)C8=O)cc6)c6ccccc6-c6ccccc65)cc4)cc3C2=O)cc1,[*]c1ccc(N2C(=O)c3ccc(Oc4ccc5c(c4)C(=O)N(c4ccc(N([*])c6ccc(C#N)cc6)cc4)C5=O)cc3C2=O)cc1,0.70 to 0.80
86,665.15,625.7242,0.6727272727272727,-39.42581787109373,39.42581787109373,[*]c1ccc2c(c1)C(=O)N(c1ccc(C3(c4ccc(N5C(=O)c6ccc(S([*])(=O)=O)cc6C5=O)cc4)c4ccccc4-c4ccccc43)cc1)C2=O,[*]C(=O)c1ccc2c(c1)C(=O)N(c1ccc(C3(c4ccc(N5C(=O)c6ccc([*])cc6C5=O)cc4)c4ccccc4-c4ccccc43)cc1)C2=O,0.60 to 0.70
87,661.15,617.04913,0.8043478260869565,-44.10086669921873,44.10086669921873,[*]c1ccc2c(c1)C(=O)N(c1ccc(C3(c4ccc(N5C(=O)c6ccc([*])cc6C5=O)cc4)c4ccccc4-c4ccccc43)cc1)C2=O,[*]C(=O)c1ccc2c(c1)C(=O)N(c1ccc(C3(c4ccc(N5C(=O)c6ccc([*])cc6C5=O)cc4)c4ccccc4-c4ccccc43)cc1)C2=O,>= 0.80
88,580.65,616.0205,0.8108108108108109,35.37050781250002,35.37050781250002,[*]c1ccc2nc(-c3ccccc3)c(-c3ccc(Oc4ccc(-c5c(-c6ccccc6)nc6ccc([*])cc6c5-c5ccccc5)cc4)cc3)c(-c3ccccc3)c2c1,[*]c1ccc2nc(-c3ccccc3)c(-c3ccc(-c4ccc(-c5c(-c6ccccc6)nc6ccc([*])cc6c5-c5ccccc5)cc4)cc3)c(-c3ccccc3)c2c1,>= 0.80
89,624.15,622.43604,0.7948717948717948,-1.7139648437499773,1.7139648437499773,[*]Oc1ccc2nc(-c3ccc(-c4ccc(-c5nc6ccc([*])cc6c(-c6ccccc6)c5-c5ccccc5)cc4)cc3)c(-c3ccccc3)c(-c3ccccc3)c2c1,[*]c1ccc2nc(-c3ccccc3)c(-c3ccc(-c4ccc(-c5c(-c6ccccc6)nc6ccc([*])cc6c5-c5ccccc5)cc4)cc3)c(-c3ccccc3)c2c1,0.70 to 0.80
90,578.15,602.90607,0.7142857142857143,24.756066894531273,24.756066894531273,[*]Oc1ccc2nc(-c3ccc(Oc4ccc(-c5nc6ccc([*])cc6c(-c6ccccc6)c5-c5ccccc5)cc4)cc3)c(-c3ccccc3)c(-c3ccccc3)c2c1,[*]c1ccc2nc(-c3ccccc3)c(-c3ccc(-c4ccc(-c5c(-c6ccccc6)nc6ccc([*])cc6c5-c5ccccc5)cc4)cc3)c(-c3ccccc3)c2c1,0.70 to 0.80
91,525.65,603.3857,0.7142857142857143,77.73568115234377,77.73568115234377,[*]Oc1ccc2nc(-c3ccccc3)c(-c3ccc(Oc4ccc(-c5c(-c6ccccc6)nc6ccc([*])cc6c5-c5ccccc5)cc4)cc3)c(-c3ccccc3)c2c1,[*]c1ccc2nc(-c3ccccc3)c(-c3ccc(-c4ccc(-c5c(-c6ccccc6)nc6ccc([*])cc6c5-c5ccccc5)cc4)cc3)c(-c3ccccc3)c2c1,0.70 to 0.80
92,643.15,644.3338,0.7368421052631579,1.1838012695312727,1.1838012695312727,[*]c1ccc(-c2c(-c3ccccc3)nc3ccc(-c4ccc5nc(-c6ccccc6)c([*])c(-c6ccccc6)c5c4)cc3c2-c2ccccc2)cc1,[*]c1ccc2nc(-c3ccccc3)c(-c3ccc(-c4ccc(-c5c(-c6ccccc6)nc6ccc([*])cc6c5-c5ccccc5)cc4)cc3)c(-c3ccccc3)c2c1,0.70 to 0.80
93,584.15,598.472,0.6511627906976745,14.321984863281273,14.321984863281273,[*]c1ccc(-c2c(-c3ccccc3)nc3ccc(Oc4ccc5nc(-c6ccccc6)c([*])c(-c6ccccc6)c5c4)cc3c2-c2ccccc2)cc1,[*]c1ccc2nc(-c3ccccc3)c(-c3ccc(-c4ccc(-c5c(-c6ccccc6)nc6ccc([*])cc6c5-c5ccccc5)cc4)cc3)c(-c3ccccc3)c2c1,0.60 to 0.70
94,603.15,615.98846,0.6744186046511628,12.838464355468773,12.838464355468773,[*]c1ccc(-c2ccc(-c3c(-c4ccccc4)nc4ccc(Oc5ccc6nc(-c7ccccc7)c([*])c(-c7ccccc7)c6c5)cc4c3-c3ccccc3)cc2)cc1,[*]c1ccc2nc(-c3ccccc3)c(-c3ccc(-c4ccc(-c5c(-c6ccccc6)nc6ccc([*])cc6c5-c5ccccc5)cc4)cc3)c(-c3ccccc3)c2c1,0.60 to 0.70
95,693.15,673.5662,0.7631578947368421,-19.583776855468727,19.583776855468727,[*]c1ccc(-c2ccc(-c3nc4ccc(-c5ccc6nc([*])c(-c7ccccc7)c(-c7ccccc7)c6c5)cc4c(-c4ccccc4)c3-c3ccccc3)cc2)cc1,[*]c1ccc2nc(-c3ccccc3)c(-c3ccc(-c4ccc(-c5c(-c6ccccc6)nc6ccc([*])cc6c5-c5ccccc5)cc4)cc3)c(-c3ccccc3)c2c1,0.70 to 0.80
96,618.15,608.425,0.5777777777777777,-9.725012207031227,9.725012207031227,[*]c1ccc(-c2ccc(-c3nc4ccccc4c(-c4ccc(Oc5ccc(-c6c(-c7ccccc7)c([*])nc7ccccc67)cc5)cc4)c3-c3ccccc3)cc2)cc1,[*]c1ccc2nc(-c3ccccc3)c(-c3ccc(-c4ccc(-c5c(-c6ccccc6)nc6ccc([*])cc6c5-c5ccccc5)cc4)cc3)c(-c3ccccc3)c2c1,0.50 to 0.60
97,673.15,653.8027,0.7368421052631579,-19.347326660156227,19.347326660156227,[*]c1ccc(-c2nc3ccc(-c4ccc5nc([*])c(-c6ccccc6)c(-c6ccccc6)c5c4)cc3c(-c3ccccc3)c2-c2ccccc2)cc1,[*]c1ccc2nc(-c3ccccc3)c(-c3ccc(-c4ccc(-c5c(-c6ccccc6)nc6ccc([*])cc6c5-c5ccccc5)cc4)cc3)c(-c3ccccc3)c2c1,0.70 to 0.80
98,618.15,597.97894,0.6511627906976745,-20.171057128906227,20.171057128906227,[*]c1ccc(-c2nc3ccc(Oc4ccc5nc([*])c(-c6ccccc6)c(-c6ccccc6)c5c4)cc3c(-c3ccccc3)c2-c2ccccc2)cc1,[*]c1ccc2nc(-c3ccccc3)c(-c3ccc(-c4ccc(-c5c(-c6ccccc6)nc6ccc([*])cc6c5-c5ccccc5)cc4)cc3)c(-c3ccccc3)c2c1,0.60 to 0.70
99,546.15,584.15326,0.5555555555555556,38.00325927734377,38.00325927734377,[*]c1ccc(Oc2ccc(-c3c(-c4ccccc4)c(-c4ccc(-c5nc6ccccc6c([*])c5-c5ccccc5)cc4)nc4ccccc34)cc2)cc1,[*]c1ccc2nc(-c3ccccc3)c(-c3ccc(-c4ccc(-c5c(-c6ccccc6)nc6ccc([*])cc6c5-c5ccccc5)cc4)cc3)c(-c3ccccc3)c2c1,0.50 to 0.60
100,573.15,613.0259,0.6363636363636364,39.87587890625002,39.87587890625002,[*]c1ccc(Oc2ccc(-c3nc4ccc(-c5ccc6nc([*])c(-c7ccccc7)c(-c7ccccc7)c6c5)cc4c(-c4ccccc4)c3-c3ccccc3)cc2)cc1,[*]c1ccc2nc(-c3ccccc3)c(-c3ccc(-c4ccc(-c5c(-c6ccccc6)nc6ccc([*])cc6c5-c5ccccc5)cc4)cc3)c(-c3ccccc3)c2c1,0.60 to 0.70
101,578.15,578.08307,0.7291666666666666,-0.06693115234372726,0.06693115234372726,[*]c1ccc(Oc2ccc(-c3nc4ccc(Oc5ccc6nc([*])cc(-c7ccccc7)c6c5)cc4c(-c4ccccc4)c3-c3ccccc3)cc2)cc1,[*]c1ccc(Oc2ccc(-c3cc(-c4ccccc4)c4cc(Oc5ccc6nc([*])cc(-c7ccccc7)c6c5)ccc4n3)cc2)cc1,0.70 to 0.80
102,505.65,504.54852,0.8695652173913043,-1.1014770507812273,1.1014770507812273,[*]C(=O)Nc1ccc(Oc2ccc(S(=O)(=O)c3ccc(Oc4ccc(NC(=O)c5cc([*])cc(C(C)(C)C)c5)cc4)cc3)cc2)cc1,[*]C(=O)Nc1ccc(Oc2ccc(NC(=O)c3cc([*])cc(C(C)(C)C)c3)cc2)cc1,>= 0.80
103,521.65,515.5896,0.873015873015873,-6.060400390624977,6.060400390624977,[*]C(=O)Nc1ccc(-c2ccc(Oc3ccc(C(C)(C)c4ccc(Oc5ccc(-c6ccc(NC(=O)c7cc([*])cc(C(C)(C)C)c7)cc6)cc5C(F)(F)F)cc4)cc3)c(C(F)(F)F)c2)cc1,[*]C(=O)Nc1ccc(-c2ccc(Oc3ccc(C(c4ccc(Oc5ccc(-c6ccc(NC(=O)c7cc([*])cc(C(C)(C)C)c7)cc6)cc5C(F)(F)F)cc4)(C(F)(F)F)C(F)(F)F)cc3)c(C(F)(F)F)c2)cc1,>= 0.80
104,544.15,555.1865,0.7727272727272727,11.036523437500023,11.036523437500023,[*]C(=O)Nc1ccc(C(=O)c2ccc(NC(=O)c3cc([*])cc(C(C)(C)C)c3)cc2)cc1,[*]C(=O)Nc1ccc(Oc2ccc(NC(=O)c3cc([*])cc(C(C)(C)C)c3)cc2)cc1,0.70 to 0.80
105,557.25,515.4586,0.7083333333333334,-41.7913818359375,41.7913818359375,[*]C(=O)Nc1ccc(C(c2ccc(NC(=O)c3cc([*])cc(C(C)(C)C)c3)cc2)(C(F)(F)F)C(F)(F)F)cc1,[*]C(=O)Nc1ccc(Oc2ccc(NC(=O)c3cc([*])cc(C(C)(C)C)c3)cc2)cc1,0.70 to 0.80
106,439.15,404.4508,0.7708333333333334,-34.69919433593748,34.69919433593748,[*]C(=O)Nc1ccc(OCCCCCCOc2ccc(NC(=O)c3cc([*])cc(C(C)(C)C)c3)cc2)cc1,[*]C(=O)Nc1ccc(Oc2ccc(NC(=O)c3cc([*])cc(C(C)(C)C)c3)cc2)cc1,0.70 to 0.80
107,528.65,525.4112,0.8333333333333334,-3.2388061523437273,3.2388061523437273,[*]C(=O)Nc1ccc(Oc2ccc(C(c3ccc(Oc4ccc(NC(=O)c5cc([*])cc(C(C)(C)C)c5)cc4)cc3)(C(F)(F)F)C(F)(F)F)cc2)cc1,[*]C(=O)Nc1ccc(Oc2ccc(NC(=O)c3cc([*])cc(C(C)(C)C)c3)cc2)cc1,>= 0.80
108,545.15,526.91925,0.6779661016949152,-18.230749511718727,18.230749511718727,[*]C(=O)Nc1ccc(Oc2ccc(C3(c4ccc(Oc5ccc(NC(=O)c6cc([*])cc(C(C)(C)C)c6)cc5)cc4)CC4CCC3C4)cc2)cc1,[*]C(=O)Nc1ccc(Oc2ccc(NC(=O)c3cc([*])cc(C(C)(C)C)c3)cc2)cc1,0.60 to 0.70
109,536.15,499.59808,0.7407407407407407,-36.55191650390623,36.55191650390623,[*]C(=O)Nc1ccc(Oc2ccc3cccc(Oc4ccc(NC(=O)c5cc([*])cc(C(C)(C)C)c5)cc4)c3c2)cc1,[*]C(=O)Nc1ccc(Oc2ccc(NC(=O)c3cc([*])cc(C(C)(C)C)c3)cc2)cc1,0.70 to 0.80
110,301.15,289.90402,0.5238095238095238,-11.245977783203102,11.245977783203102,[*]CC(Cc1ccc(-c2ccccc2)cc1)C[Si]([*])(C)C,[*]CC(Cc1cccc2ccccc12)C[Si]([*])(C)C,0.50 to 0.60
111,491.15,472.18018,0.5581395348837209,-18.969824218749977,18.969824218749977,[*]c1ccc(Oc2ccc(N(c3ccccc3)c3ccc(-c4ccc(N([*])c5ccccc5)cc4)cc3)cc2)cc1,[*]c1ccc(-c2ccc(N(c3ccc(C)cc3)c3ccc(C(c4ccccc4)c4ccc(N([*])c5ccc(C)cc5)cc4)cc3)cc2)cc1,0.50 to 0.60
112,315.65,370.54147,0.5,54.8914733886719,54.8914733886719,[*]c1ccc(OCCCCCCCCCCCCOc2ccc(N(c3ccccc3)c3ccc(-c4ccc(N([*])c5ccccc5)cc4)cc3)cc2)cc1,[*]c1ccc(-c2ccc(N(c3ccc(C)cc3)c3ccc(C(c4ccccc4)c4ccc(N([*])c5ccc(C)cc5)cc4)cc3)cc2)cc1,0.50 to 0.60
113,363.15,378.01904,0.5,14.869042968750023,14.869042968750023,[*]c1ccc(OCCCCCCCCCCOc2ccc(N(c3ccccc3)c3ccc(-c4ccc(N([*])c5ccccc5)cc4)cc3)cc2)cc1,[*]c1ccc(-c2ccc(N(c3ccc(C)cc3)c3ccc(C(c4ccccc4)c4ccc(N([*])c5ccc(C)cc5)cc4)cc3)cc2)cc1,0.50 to 0.60
114,358.15,379.88083,0.5,21.730828857421898,21.730828857421898,[*]c1ccc(OCCCCCCOc2ccc(N(c3ccccc3)c3ccc(-c4ccc(N([*])c5ccccc5)cc4)cc3)cc2)cc1,[*]c1ccc(-c2ccc(N(c3ccc(C)cc3)c3ccc(C(c4ccccc4)c4ccc(N([*])c5ccc(C)cc5)cc4)cc3)cc2)cc1,0.50 to 0.60
115,378.15,391.17062,0.5333333333333333,13.020623779296898,13.020623779296898,[*]c1ccc(Oc2ccc(N(c3ccc(OCCCCCC)cc3)c3ccc(-c4ccc(N([*])c5ccc(OCCCCCC)cc5)cc4)cc3)cc2)cc1,[*]c1ccc(-c2ccc(N([*])c3ccc(CCCC)cc3)cc2)cc1,0.50 to 0.60
116,626.15,610.87054,0.58,-15.279455566406227,15.279455566406227,[*]c1ccc(-n2c(=O)c3cc4c(=O)n(-c5ccc(N([*])c6ccc(C#N)cc6)cc5)c(=O)c4cc3c2=O)cc1,[*]c1ccc(N2C(=O)c3ccc(-c4ccc5c(c4)C(=O)N(c4ccc(N([*])c6ccc(C#N)cc6)cc4)C5=O)cc3C2=O)cc1,0.50 to 0.60
117,479.65,516.84515,0.56,37.19515380859377,37.19515380859377,[*]Nc1ccc(Cc2ccc(NC(=O)Nc3cccc(NC([*])=O)n3)cc2)cc1,[*]Nc1ccc(CCc2ccccc2NC(=O)Nc2ccc(Cc3ccc(NC([*])=O)cc3)cc2)cc1,0.50 to 0.60
118,313.15,364.7976,0.3150684931506849,51.64760742187502,51.64760742187502,[*]c1cc2c(OCC(CC)CCCC)c3sc(-c4sc([*])c5c(F)c(C(=O)OCC(CC)CCCC)sc45)cc3c(OCC(CC)CCCC)c2s1,[*]CC([*])(C)C(=O)OCC(CC)CCCC,< 0.50
119,449.15,481.0344,0.6779661016949152,31.884393310546898,31.884393310546898,[*]Oc1cccc(Oc2cccc(Oc3cccc(N4C(=O)c5ccc(Oc6ccc7c(c6)C(=O)N(c6cccc(Oc8cccc([*])c8C#N)c6)C7=O)cc5C4=O)c3)c2C#N)c1,[*]Oc1cccc(N2C(=O)c3ccc(Oc4ccc5c(c4)C(=O)N(c4cccc(Oc6cc([*])ccc6C#N)c4)C5=O)cc3C2=O)c1,0.60 to 0.70
120,544.15,537.2623,0.576271186440678,-6.887670898437477,6.887670898437477,[*]Oc1ccc(N2C(=O)c3ccc(-c4ccc5c(c4)C(=O)N(c4ccc(Oc6cccc([*])c6C#N)cc4)C5=O)cc3C2=O)cc1,[*]Oc1ccc(-c2ccc(Oc3cccc4c3C(=O)N(c3ccc(Oc5ccc(N6C(=O)c7cccc([*])c7C6=O)cc5)cc3)C4=O)cc2)cc1,0.50 to 0.60
121,490.15,498.6824,0.5714285714285714,8.532403564453148,8.532403564453148,[*]Oc1ccc(N2C(=O)c3ccc(C(=O)Nc4ccc(Oc5cccc(Oc6ccc(NC(=O)c7ccc8c(c7)C(=O)N(c7ccc(Oc9cccc([*])c9C#N)cc7)C8=O)cc6)c5)cc4)cc3C2=O)cc1,[*]c1ccc(Oc2ccc(NC(=O)c3ccc4c(c3)C(=O)N(c3ccc(Oc5cccc(N6C(=O)c7ccc(C(=O)Nc8ccc(Oc9ccc(C([*])(C)C)cc9)cc8)cc7C6=O)c5)cc3)C4=O)cc2)cc1,0.50 to 0.60
122,472.15,510.19485,0.5540540540540541,38.04485473632815,38.04485473632815,[*]Oc1ccc(N2C(=O)c3ccc(C(=O)Nc4cccc(Oc5cccc(Oc6cccc(Oc7cccc(Oc8cccc(NC(=O)c9ccc%10c(c9)C(=O)N(c9ccc(Oc%11cccc([*])c%11C#N)cc9)C%10=O)c8)c7C#N)c6)c5C#N)c4)cc3C2=O)cc1,[*]Oc1cccc(NC(=O)c2cc(Oc3ccc(C(=O)O)c(C(=O)Nc4cccc(Oc5cccc([*])c5C#N)c4)c3)ccc2C(=O)O)c1,0.50 to 0.60
123,518.15,505.92737,0.5555555555555556,-12.222631835937477,12.222631835937477,[*]Oc1ccc(N2C(=O)c3ccc(C(=O)c4ccc5c(c4)C(=O)N(c4ccc(Oc6cccc([*])c6C#N)cc4)C5=O)cc3C2=O)cc1,[*]C(=O)c1ccc2c(c1)C(=O)N(c1ccc(Oc3ccc(N4C(=O)c5ccc(C(=O)c6cccc([*])c6)cc5C4=O)cc3)cc1)C2=O,0.50 to 0.60
124,553.15,514.4193,0.6212121212121212,-38.73068847656248,38.73068847656248,[*]Oc1ccc(N2C(=O)c3ccc(C(c4ccc5c(c4)C(=O)N(c4ccc(Oc6cccc([*])c6C#N)cc4)C5=O)(C(F)(F)F)C(F)(F)F)cc3C2=O)cc1,[*]Oc1ccc(C(c2ccc(Oc3cccc4c3C(=O)N(c3ccc(Oc5ccc(N6C(=O)c7cccc([*])c7C6=O)cc5)cc3)C4=O)cc2)(C(F)(F)F)C(F)(F)F)cc1,0.60 to 0.70
125,493.15,498.47513,0.5714285714285714,5.325128173828148,5.325128173828148,[*]Oc1ccc(NC(=O)c2ccc3c(c2)C(=O)N(c2ccc(Oc4cccc(Oc5ccc(N6C(=O)c7ccc(C(=O)Nc8ccc(Oc9cccc([*])c9C#N)cc8)cc7C6=O)cc5)c4C#N)cc2)C3=O)cc1,[*]c1ccc(Oc2ccc(NC(=O)c3ccc4c(c3)C(=O)N(c3ccc(Oc5cccc6c(Oc7ccc(N8C(=O)c9ccc(C(=O)Nc%10ccc(Oc%11ccc(C([*])(C)C)cc%11)cc%10)cc9C8=O)cc7)cccc56)cc3)C4=O)cc2)cc1,0.50 to 0.60
126,480.15,499.15286,0.5714285714285714,19.002862548828148,19.002862548828148,[*]Oc1cccc(N2C(=O)c3ccc(C(=O)Nc4ccc(Oc5cccc(Oc6ccc(NC(=O)c7ccc8c(c7)C(=O)N(c7cccc(Oc9cccc([*])c9C#N)c7)C8=O)cc6)c5)cc4)cc3C2=O)c1,[*]c1ccc(Oc2ccc(NC(=O)c3ccc4c(c3)C(=O)N(c3ccc(Oc5cccc(N6C(=O)c7ccc(C(=O)Nc8ccc(Oc9ccc(C([*])(C)C)cc9)cc8)cc7C6=O)c5)cc3)C4=O)cc2)cc1,0.50 to 0.60
127,492.15,491.84537,0.7017543859649122,-0.30463256835935226,0.30463256835935226,[*]Oc1cccc(N2C(=O)c3ccc(Oc4ccc5c(c4)C(=O)N(c4cccc(Oc6cccc([*])c6C#N)c4)C5=O)cc3C2=O)c1,[*]Oc1cccc(N2C(=O)c3ccc(Oc4ccc5c(c4)C(=O)N(c4cccc(Oc6cc([*])ccc6C#N)c4)C5=O)cc3C2=O)c1,0.70 to 0.80
128,487.15,500.63483,0.5774647887323944,13.484826660156273,13.484826660156273,[*]Oc1cccc(NC(=O)c2ccc3c(c2)C(=O)N(c2cccc(Oc4cccc(Oc5cccc(N6C(=O)c7ccc(C(=O)Nc8cccc(Oc9cccc([*])c9C#N)c8)cc7C6=O)c5)c4C#N)c2)C3=O)c1,[*]Oc1cccc(NC(=O)c2cc(Oc3ccc(C(=O)O)c(C(=O)Nc4cccc(Oc5cccc([*])c5C#N)c4)c3)ccc2C(=O)O)c1,0.50 to 0.60
129,466.15,524.8073,0.5694444444444444,58.65731201171877,58.65731201171877,[*]Oc1cccc(Oc2cccc(Oc3cccc(NC(=O)c4ccc5c(c4)C(=O)N(c4cccc(Oc6cccc(Oc7cccc(N8C(=O)c9ccc(C(=O)Nc%10cccc(Oc%11cccc([*])c%11C#N)c%10)cc9C8=O)c7)c6C#N)c4)C5=O)c3)c2C#N)c1,[*]Oc1cccc(NC(=O)c2cc(Oc3ccc(C(=O)O)c(C(=O)Nc4cccc(Oc5cccc([*])c5C#N)c4)c3)ccc2C(=O)O)c1,0.50 to 0.60
130,418.15,400.0654,0.5849056603773585,-18.084600830078102,18.084600830078102,[*]Oc1cccc(Oc2cccc([*])c2C#N)c1,[*]Oc1cccc(NC(=O)c2cc(Oc3ccc(C(=O)O)c(C(=O)Nc4cccc(Oc5cccc([*])c5C#N)c4)c3)ccc2C(=O)O)c1,0.50 to 0.60
131,536.15,487.19962,0.5681818181818182,-48.95038452148435,48.95038452148435,[*]c1ccc(Oc2ccc(C3(c4ccc(Oc5ccc(P([*])(C)=O)cc5)cc4)OC(=O)c4ccccc43)cc2)cc1,[*]c1ccc(Oc2ccc(Oc3ccc(P([*])(C)=O)cc3)cc2)cc1,0.50 to 0.60
132,407.15,416.8238,0.5,9.673791503906273,9.673791503906273,[*]C(=O)Oc1ccc(OC(=O)c2ccc([*])cc2Sc2ccc(C)cc2)cc1,[*]Oc1ccc(OC(=O)c2ccc(C([*])=O)cc2Sc2ccc(Cl)cc2)cc1,0.50 to 0.60
133,438.15,402.5976,0.4666666666666667,-35.55240478515623,35.55240478515623,[*]CC([*])c1c(Cl)cccc1Cl,[*]CC([*])c1ccc(Cl)c(Cl)c1,< 0.50
134,282.4,317.3423,0.6410256410256411,34.94228515625002,34.94228515625002,[*]CC([*])C(=O)OCc1ccccc1,[*]CC([*])C(=O)Oc1ccc(C(=O)OCc2ccccc2)cc1,0.60 to 0.70
135,270.15,323.4928,0.5714285714285714,53.34279785156252,53.34279785156252,[*]CC([*])C(=O)OCCc1ccccc1,[*]CC([*])C(=O)Oc1ccccc1,0.50 to 0.60
136,324.5,284.50967,0.391304347826087,-39.990325927734375,39.990325927734375,[*]OC(C)C([*])=O,[*]SC(C)C([*])=O,< 0.50
137,610.15,543.3628,0.7021276595744681,-66.78720703124998,66.78720703124998,[*]c1ccc(C(=O)Nc2ccc(C(=O)Nc3ccc(-c4sc(-c5ccc(NC(=O)c6ccc(NC(=O)c7ccc([Si]([*])(C)C)cc7)cc6)cc5)c(-c5ccccc5)c4-c4ccccc4)cc3)cc2)cc1,[*]c1ccc(C(=O)Nc2ccc(C(=O)Nc3ccc(-c4ccc(NC(=O)c5ccc(NC(=O)c6ccc([Si]([*])(C)C)cc6)cc5)cc4)cc3)cc2)cc1,0.70 to 0.80
138,393.15,388.5261,0.7209302325581395,-4.623907470703102,4.623907470703102,[*]CC([*])(C)C(=O)Oc1ccc(/N=N/c2ccc(OC)cc2)cc1,[*]CC([*])(C)C(=O)Oc1ccc(/N=N/c2ccc(C#N)cc2)cc1,0.70 to 0.80
139,373.15,419.09973,0.3720930232558139,45.94973144531252,45.94973144531252,[*]CC1C(=O)OC(=O)C1C([*])(C)N=C=O,[*]CC1C(=O)OC(=O)C1C([*])OC,< 0.50
140,414.15,406.83237,0.4324324324324324,-7.317633056640602,7.317633056640602,[*]CC1C(=O)OC(=O)C1C([*])(C)C,[*]CC1C(=O)OC(=O)C1C([*])OC,< 0.50
141,371.15,344.13388,0.8243243243243243,-27.016119384765602,27.016119384765602,[*]CC([*])(C)C(=O)OCCCCCCOc1ccc(C(=O)Oc2ccc(C(=O)/C=C/c3c(C)c4ccccc4n3C)cc2)cc1,[*]CC([*])(C)C(=O)OCCCCCCCCCCOc1ccc(C(=O)Oc2ccc(C(=O)/C=C/c3c(C)c4ccccc4n3CCCC)cc2)cc1,>= 0.80
142,345.15,338.63843,0.8243243243243243,-6.511572265624977,6.511572265624977,[*]CC([*])(C)C(=O)OCCCCCCCCCCOc1ccc(C(=O)Oc2ccc(C(=O)/C=C/c3c(C)c4ccccc4n3C)cc2)cc1,[*]CC([*])(C)C(=O)OCCCCCCCCCCOc1ccc(C(=O)Oc2ccc(C(=O)/C=C/c3c(C)c4ccccc4n3CCCC)cc2)cc1,>= 0.80
143,348.15,349.5833,0.8243243243243243,1.4333129882812727,1.4333129882812727,[*]CC([*])(C)C(=O)OCCCCCCCCOc1ccc(C(=O)Oc2ccc(C(=O)/C=C/c3c(C)c4ccccc4n3C)cc2)cc1,[*]CC([*])(C)C(=O)OCCCCCCCCCCOc1ccc(C(=O)Oc2ccc(C(=O)/C=C/c3c(C)c4ccccc4n3CCCC)cc2)cc1,>= 0.80
144,478.15,462.1247,0.5365853658536586,-16.025305175781227,16.025305175781227,[*]CCN1C(=O)c2ccc(C(c3ccc4c(c3)C(=O)N(CCN([*])c3ccc(/N=N/c5ccc([N+](=O)[O-])cc5C)cc3)C4=O)(C(F)(F)F)C(F)(F)F)cc2C1=O,[*]c1ccc2c(c1)C(=O)N(CCN(CCN1C(=O)c3ccc(C([*])(C(F)(F)F)C(F)(F)F)cc3C1=O)c1ccc(/N=N/c3ccc([N+](=O)[O-])cc3)cc1)C2=O,0.50 to 0.60
145,486.15,461.39157,0.5142857142857142,-24.758428955078102,24.758428955078102,[*]CCN1C(=O)c2ccc(C(c3ccc4c(c3)C(=O)N(CCN([*])c3ccc(/N=N/c5ccc(C#N)cc5)cc3)C4=O)(C(F)(F)F)C(F)(F)F)cc2C1=O,[*]c1ccc(N2C(=O)c3ccc(C(c4ccc5c(c4)C(=O)N(c4ccc(N([*])c6ccc(C#N)cc6)cc4)C5=O)(C(F)(F)F)C(F)(F)F)cc3C2=O)cc1,0.50 to 0.60
146,443.15,458.40988,0.4615384615384615,15.259881591796898,15.259881591796898,[*]CCN1C(=O)c2ccc(C(c3ccc4c(c3)C(=O)N(CCN([*])c3ccc(/N=N/c5ccc(C=O)cc5)cc3)C4=O)(C(F)(F)F)C(F)(F)F)cc2C1=O,[*]c1ccc2c(c1)C(=O)N(CCN(CCN1C(=O)c3ccc(C([*])(C(F)(F)F)C(F)(F)F)cc3C1=O)c1ccc(/N=N/c3ccc([N+](=O)[O-])cc3)cc1)C2=O,< 0.50
147,398.15,379.89688,0.5128205128205128,-18.253118896484352,18.253118896484352,[*]c1ccc(OC(Oc2ccccc2)(Oc2ccccc2)Oc2ccc([*])cc2C)c(C)c1,[*]c1ccc(OC(Oc2ccccc2)(Oc2ccccc2)Oc2ccc(C([*])(C)C)cc2)cc1,0.50 to 0.60
148,299.15,371.66855,0.4827586206896552,72.5185485839844,72.5185485839844,[*]CC([*])C(=O)NCP(=O)(O)O,[*]CC([*])C(=O)NC,< 0.50
149,303.15,353.6806,0.5873015873015873,50.53060302734377,50.53060302734377,[*]NCc1ccc(CNC(=O)OC(COC([*])=O)c2ccco2)o1,[*]c1ccc(CNC(=O)OCC(OC(=O)NCc2ccc(C([*])(C)C)o2)c2ccco2)o1,0.50 to 0.60
150,290.15,320.13925,0.5689655172413793,29.989251708984398,29.989251708984398,[*]NCCCCCCNC(=O)OC(COC([*])=O)c1ccco1,[*]Nc1ccc(Cc2ccc(NC(=O)OC(COC([*])=O)c3ccco3)cc2)cc1,0.50 to 0.60
151,473.15,472.19736,0.5909090909090909,-0.9526428222656023,0.9526428222656023,[*]Nc1cc(NC(=O)c2ccc(C([*])=O)cc2)cc(C(=O)Oc2ccccc2)c1,[*]Nc1cccc(NC(=O)c2ccc(C([*])=O)cc2)c1,0.50 to 0.60
152,490.15,465.90955,0.5531914893617021,-24.240454101562477,24.240454101562477,[*]Nc1cc(NC(=O)c2ccc(C([*])=O)cc2)cc(C(=O)OC(c2ccccc2)c2ccccc2)c1,[*]Nc1cccc(NC(=O)c2ccc(C([*])=O)cc2)c1,0.50 to 0.60
153,451.15,477.68436,0.5531914893617021,26.534356689453148,26.534356689453148,[*]Nc1cc(NC(=O)c2ccc(C([*])=O)cc2)cc(C(=O)Oc2ccc(-c3ccccc3)cc2)c1,[*]Nc1ccc(-c2ccc(NC(=O)c3ccc(C([*])=O)cc3)cc2)cc1,0.50 to 0.60
154,465.15,457.16724,0.5573770491803278,-7.982763671874977,7.982763671874977,[*]Nc1cc(NC(=O)c2ccc(C([*])=O)cc2)cc(C(=O)Oc2cccc3ccccc23)c1,[*]Nc1ccc(Oc2ccc3cccc(Oc4ccc(NC(=O)c5ccc(Oc6ccccc6Oc6ccc(C([*])=O)cc6)cc5)cc4)c3c2)cc1,0.50 to 0.60
155,290.15,343.18173,0.5142857142857142,53.0317321777344,53.0317321777344,[*]c1sc([*])c(CCCCCCN(CC)c2ccc(/N=N/c3ccc([N+](=O)[O-])cc3)cc2)c1CCCCCC,[*]c1cc(CC(=O)OCCN(CC)c2ccc(/N=N/c3ccc([N+](=O)[O-])cc3)cc2)c([*])s1,0.50 to 0.60
156,391.65,370.9998,0.5671641791044776,-20.650213623046852,20.650213623046852,[*]CC([*])(C)C(=O)OCCCCCCOc1ccc(/N=N/c2ccc(C3OCC4(CO3)CC3C=CC4C3)cc2)cc1,[*]CC([*])(C)C(=O)OCCCCCCOc1ccc(/N=N/c2ccc(OCCCC)cc2)cc1,0.50 to 0.60
157,376.35,360.55197,0.5671641791044776,-15.798028564453148,15.798028564453148,[*]CC([*])(C)C(=O)OCCCCCCCCCCOc1ccc(/N=N/c2ccc(C3OCC4(CO3)CC3C=CC4C3)cc2)cc1,[*]CC([*])(C)C(=O)OCCCCCCOc1ccc(/N=N/c2ccc(OCCCC)cc2)cc1,0.50 to 0.60
158,379.35,366.48972,0.5671641791044776,-12.860284423828148,12.860284423828148,[*]CC([*])(C)C(=O)OCCCCCCCCOc1ccc(/N=N/c2ccc(C3OCC4(CO3)CC3C=CC4C3)cc2)cc1,[*]CC([*])(C)C(=O)OCCCCCCOc1ccc(/N=N/c2ccc(OCCCC)cc2)cc1,0.50 to 0.60
159,312.15,329.75958,0.4318181818181818,17.609582519531273,17.609582519531273,[*]=Cc1ccc(OCCOCCOc2ccc(C(=[*])C)cc2)cc1,[*]OC(=O)c1ccc(OCCOCCOc2ccc(C([*])=O)cc2)cc1,< 0.50
160,290.15,290.35736,0.4318181818181818,0.20736083984377274,0.20736083984377274,[*]=Cc1ccc(OCCOCCOCCOCCOCCOc2ccc(C(=[*])C)cc2)cc1,[*]OC(=O)c1ccc(OCCOCCOc2ccc(C([*])=O)cc2)cc1,< 0.50
161,280.65,307.43332,0.4318181818181818,26.783319091796898,26.783319091796898,[*]=Cc1ccc(OCCOCCOCCOCCOc2ccc(C(=[*])C)cc2)cc1,[*]OC(=O)c1ccc(OCCOCCOc2ccc(C([*])=O)cc2)cc1,< 0.50
162,289.15,313.2188,0.4318181818181818,24.068811035156273,24.068811035156273,[*]=Cc1ccc(OCCOCCOCCOc2ccc(C(=[*])C)cc2)cc1,[*]OC(=O)c1ccc(OCCOCCOc2ccc(C([*])=O)cc2)cc1,< 0.50
163,373.65,397.59586,0.54,23.945855712890648,23.945855712890648,[*]Oc1ccc(S(=O)(=O)c2ccc(OP([*])(=O)Oc3ccccc3)cc2)cc1,[*]OC(CCl)COc1ccc(S(=O)(=O)c2ccc(OCC(CCl)OP([*])(=O)Oc3ccccc3)cc2)cc1,0.50 to 0.60
164,322.15,320.2404,0.8,-1.9096130371093523,1.9096130371093523,[*]OCCOc1ccc(S(=O)(=O)c2ccc(OCCOP([*])(=O)Oc3ccccc3)cc2)cc1,[*]OCCOc1ccc(S(=O)(=O)c2ccc(OCCOP([*])(=O)Oc3ccc(Br)cc3)cc2)cc1,>= 0.80
165,385.15,397.2559,0.5833333333333334,12.105889892578148,12.105889892578148,[*]Oc1ccc(-c2ccc(OP([*])(=O)Oc3ccccc3)cc2)cc1,[*]Oc1c(Cl)c(Cl)c(OP([*])(=O)Oc2ccccc2)c(Cl)c1Cl,0.50 to 0.60
166,370.15,384.4919,0.6363636363636364,14.341912841796898,14.341912841796898,[*]Oc1ccc(OP([*])(=O)Oc2ccccc2)cc1,[*]Oc1c(Cl)c(Cl)c(OP([*])(=O)Oc2ccccc2)c(Cl)c1Cl,0.60 to 0.70
167,393.15,387.40314,0.8157894736842105,-5.746862792968727,5.746862792968727,[*]Oc1ccc(S(=O)(=O)c2ccc(OP([*])(=O)OC3CCCCC3)cc2)cc1,[*]Oc1ccc(OP([*])(=O)OC2CCCCC2)cc1,>= 0.80
168,362.15,390.42203,0.6222222222222222,28.272027587890648,28.272027587890648,[*]Oc1ccc(S(=O)(=O)c2ccc(OP([*])(=O)Oc3ccc(Br)cc3)cc2)cc1,[*]OCCOc1ccc(S(=O)(=O)c2ccc(OCCOP([*])(=O)Oc3ccc(Br)cc3)cc2)cc1,0.60 to 0.70
169,339.15,384.20108,0.6222222222222222,45.05108032226565,45.05108032226565,[*]Oc1ccc(S(=O)(=O)c2ccc(OP([*])(=O)Oc3ccc(C)cc3)cc2)cc1,[*]OCCOc1ccc(S(=O)(=O)c2ccc(OCCOP([*])(=O)Oc3ccc(C)cc3)cc2)cc1,0.60 to 0.70
170,354.15,386.38324,0.6222222222222222,32.23323974609377,32.23323974609377,[*]Oc1ccc(S(=O)(=O)c2ccc(OP([*])(=O)Oc3ccc(OC)cc3)cc2)cc1,[*]OCCOc1ccc(S(=O)(=O)c2ccc(OCCOP([*])(=O)Oc3ccc(OC)cc3)cc2)cc1,0.60 to 0.70
171,387.15,392.12137,0.6458333333333334,4.971368408203148,4.971368408203148,[*]Oc1ccc(S(=O)(=O)c2ccc(OP([*])(=O)Oc3ccc([N+](=O)[O-])cc3)cc2)cc1,[*]OCCOc1ccc(S(=O)(=O)c2ccc(OCCOP([*])(=O)Oc3ccc([N+](=O)[O-])cc3)cc2)cc1,0.60 to 0.70
172,578.15,504.45834,0.6060606060606061,-73.6916564941406,73.6916564941406,[*]c1ccc2c(c1)C(=O)N(c1cc(C(c3ccc(OC(=O)C45CC6CC(CC(C6)C4)C5)c(N4C(=O)c5ccc(C([*])(C(F)(F)F)C(F)(F)F)cc5C4=O)c3)(C(F)(F)F)C(F)(F)F)ccc1OC(=O)C13CC4CC(CC(C4)C1)C3)C2=O,[*]c1ccc2c(c1)C(=O)N(c1cc(C(c3ccc(O)c(N4C(=O)c5ccc(C([*])(C(F)(F)F)C(F)(F)F)cc5C4=O)c3)(C(F)(F)F)C(F)(F)F)ccc1O)C2=O,0.60 to 0.70
173,343.25,329.71298,0.3448275862068966,-13.537017822265625,13.537017822265625,[*]C=CCS(=O)(=O)C([*])CC,[*]C=CCC([*])C,< 0.50
174,344.15,351.7046,0.4230769230769231,7.554589843750023,7.554589843750023,[*]C=CCS(=O)(=O)C([*])C,[*]C=CCC([*])C,< 0.50
175,390.85,384.59897,0.6351351351351351,-6.251031494140648,6.251031494140648,[*]=Cc1ccc2c(c1)c1ccccc1n2CCCCCCn1c2ccccc2c2cc(/C=C(\C#N)C(=O)OCCCCCCOC(=O)C(=[*])C#N)ccc21,[*]CC([*])(C)C(=O)OCCCCCCCCCCn1c2ccccc2c2cc(/C=C(\C#N)C(=O)OC)ccc21,0.60 to 0.70
176,360.15,369.89178,0.4893617021276595,9.741784667968773,9.741784667968773,[*]=Cc1ccc2c(c1)c1cc(/C=C(\C#N)C(=O)OCCCCCCOC(=O)C(=[*])C#N)ccc1n2CCCCCCCCCCCOc1ccc(/C=C/c2ccc([N+](=O)[O-])cc2)cc1,[*]CC([*])(C)C(=O)OCCCCCCCCCCn1c2ccccc2c2cc(/C=C(\C#N)c3ccc([N+](=O)[O-])cc3)ccc21,< 0.50
177,336.15,364.50766,0.6351351351351351,28.357659912109398,28.357659912109398,[*]=Cc1ccc2c(c1)c1cc(/C=C(\C#N)C(=O)OCCCCCCOC(=O)C(=[*])C#N)ccc1n2CCCCCCCCCCCn1c2ccccc2c2ccccc21,[*]CC([*])(C)C(=O)OCCCCCCCCCCn1c2ccccc2c2cc(/C=C(\C#N)C(=O)OC)ccc21,0.60 to 0.70
178,367.65,381.6108,0.6351351351351351,13.960809326171898,13.960809326171898,[*]=Cc1ccc2c(c1)c1ccccc1n2CCCCCCCCCCn1c2ccccc2c2cc(/C=C(\C#N)C(=O)OCCCCCCOC(=O)C(=[*])C#N)ccc21,[*]CC([*])(C)C(=O)OCCCCCCCCCCn1c2ccccc2c2cc(/C=C(\C#N)C(=O)OC)ccc21,0.60 to 0.70
179,369.55,379.09888,0.6351351351351351,9.548876953124989,9.548876953124989,[*]=Cc1ccc2c(c1)c1ccccc1n2CCCCCCCCCn1c2ccccc2c2cc(/C=C(\C#N)C(=O)OCCCCCCOC(=O)C(=[*])C#N)ccc21,[*]CC([*])(C)C(=O)OCCCCCCCCCCn1c2ccccc2c2cc(/C=C(\C#N)C(=O)OC)ccc21,0.60 to 0.70
180,369.85,376.4969,0.6351351351351351,6.646887207031227,6.646887207031227,[*]=Cc1ccc2c(c1)c1ccccc1n2CCCCCCCCn1c2ccccc2c2cc(/C=C(\C#N)C(=O)OCCCCCCOC(=O)C(=[*])C#N)ccc21,[*]CC([*])(C)C(=O)OCCCCCCCCCCn1c2ccccc2c2cc(/C=C(\C#N)C(=O)OC)ccc21,0.60 to 0.70
181,380.95,374.99902,0.6351351351351351,-5.950976562499989,5.950976562499989,[*]=Cc1ccc2c(c1)c1ccccc1n2CCCCCCCn1c2ccccc2c2cc(/C=C(\C#N)C(=O)OCCCCCCOC(=O)C(=[*])C#N)ccc21,[*]CC([*])(C)C(=O)OCCCCCCCCCCn1c2ccccc2c2cc(/C=C(\C#N)C(=O)OC)ccc21,0.60 to 0.70
182,395.15,407.25583,0.5517241379310345,12.105828857421898,12.105828857421898,[*]=Cc1ccc2c(c1)c1ccccc1n2CCCCOC(=O)Nc1ccc(Cc2ccc(NC(=O)OCCCCn3c4ccccc4c4cc(/C=C(\C#N)C(=O)OCCCCCCOC(=O)C(=[*])C#N)ccc43)cc2)cc1,[*]CC([*])(C)C(=O)OCCCCCCCCCCn1c2ccccc2c2cc(/C=C(\C#N)C(=O)OC)ccc21,0.50 to 0.60
183,332.15,343.15717,0.5512820512820513,11.007165527343773,11.007165527343773,[*]C=C(C#N)C(=O)OCCCCCCCCCCOC(=O)/C(C#N)=C/c1ccc2c(c1)c1cc([*])ccc1n2CCCCCCC,[*]CC([*])(C)C(=O)OCCCCCCCCCCn1c2ccccc2c2cc(/C=C(\C#N)C(=O)OC)ccc21,0.50 to 0.60
184,308.15,348.7249,0.5512820512820513,40.57491455078127,40.57491455078127,[*]C=C(C#N)C(=O)OCCCCCCCCCCOC(=O)/C(C#N)=C/c1ccc2c(c1)c1cc([*])ccc1n2CCCCCCCCCCCCCC,[*]CC([*])(C)C(=O)OCCCCCCCCCCn1c2ccccc2c2cc(/C=C(\C#N)C(=O)OC)ccc21,0.50 to 0.60
185,360.15,351.21872,0.5512820512820513,-8.931280517578102,8.931280517578102,[*]C=C(C#N)C(=O)OCCCCCCOC(=O)/C(C#N)=C/c1ccc2c(c1)c1cc([*])ccc1n2CCCCCCC,[*]CC([*])(C)C(=O)OCCCCCCCCCCn1c2ccccc2c2cc(/C=C(\C#N)C(=O)OC)ccc21,0.50 to 0.60
186,326.15,351.01523,0.5512820512820513,24.865228271484398,24.865228271484398,[*]C=C(C#N)C(=O)OCCCCCCOC(=O)/C(C#N)=C/c1ccc2c(c1)c1cc([*])ccc1n2CCCCCCCCCCCCCC,[*]CC([*])(C)C(=O)OCCCCCCCCCCn1c2ccccc2c2cc(/C=C(\C#N)C(=O)OC)ccc21,0.50 to 0.60
187,390.15,413.2163,0.5764705882352941,23.066308593750023,23.066308593750023,[*]NC(=O)OCCCCn1c2ccccc2c2cc(/C=C(\C#N)C(=O)OCCCCCCOC(=O)/C(C#N)=C/c3ccc4c(c3)c3ccccc3n4CCCCOC(=O)Nc3cc([*])ccc3C)ccc21,[*]CC([*])(C)C(=O)OCCCCCCCCCCn1c2ccccc2c2cc(/C=C(\C#N)C(=O)OC)ccc21,0.50 to 0.60
188,386.15,421.14468,0.6049382716049383,34.99468383789065,34.99468383789065,[*]c1ccc(NC(=O)OCCCCn2c3ccccc3c3cc(/C=C(\C#N)C(=O)OCCCCCCOC(=O)/C(C#N)=C/c4ccc5c(c4)c4ccccc4n5CCCCOC(=O)Nc4ccc([*])cc4C)ccc32)c(C)c1,[*]CC([*])(C)C(=O)OCCCCCCCCCCn1c2ccccc2c2cc(/C=C(\C#N)C(=O)OC)ccc21,0.60 to 0.70
189,470.15,499.31485,0.5849056603773585,29.164849853515648,29.164849853515648,[*]c1ccc(Oc2ccc(S(=O)(=O)c3ccc(Oc4ccc(C5([*])CCCCC5)cc4C)cc3)cc2)c(C)c1,[*]c1ccc(Oc2ccc(S(=O)(=O)c3ccc(Oc4ccc(C([*])(C)C)cc4C)cc3)cc2)c(C)c1,0.50 to 0.60
190,410.65,462.502,0.5740740740740741,51.85201416015627,51.85201416015627,[*]c1ccc(OC(=O)Oc2ccc(C3([*])CCCCC3)cc2C)c(C)c1,[*]c1ccc(OC(=O)Oc2ccc(C3([*])CC4CCC3C4)cc2C)c(C)c1,0.50 to 0.60
191,414.15,431.4382,0.5081967213114754,17.288201904296898,17.288201904296898,[*]c1ccc(OS(=O)(=O)c2ccc(C)c(S(=O)(=O)Oc3ccc(C4([*])CCCCC4)cc3C)c2)c(C)c1,[*]c1ccc(C)c(S(=O)(=O)Oc2ccc(C3(c4ccc(OS([*])(=O)=O)cc4)CCCCC3)cc2)c1,0.50 to 0.60
192,435.15,463.2469,0.6382978723404256,28.096887207031273,28.096887207031273,[*]Oc1ccc(C(c2ccc(OC(=O)c3ccccc3-c3ccccc3C([*])=O)cc2)(C(F)(F)F)C(F)(F)F)cc1,[*]Oc1ccc(C(c2ccc(OC(=O)c3ccc(C(c4ccc(C([*])=O)cc4)(C(F)(F)F)C(F)(F)F)cc3)cc2)(C(F)(F)F)C(F)(F)F)cc1,0.60 to 0.70
193,420.15,418.30508,0.6086956521739131,-1.8449157714843523,1.8449157714843523,[*]Oc1ccc(Oc2ccc(OC(=O)c3ccccc3-c3ccccc3C([*])=O)cc2)cc1,[*]Oc1ccc(OC(=O)c2ccc(C([*])=O)cc2Oc2ccc(Oc3ccccc3)cc2)cc1,0.60 to 0.70
194,543.15,536.0904,0.9782608695652174,-7.059606933593727,7.059606933593727,[*]c1ccc(Oc2ccc(-c3nc4ccccc4n3-c3ccc(-n4c(-c5ccc(Oc6ccc(S([*])(=O)=O)cc6)cc5)nc5ccccc54)cc3)cc2)cc1,[*]c1ccc(Oc2ccc(-c3nc4ccccc4n3-c3ccc(-c4ccc(-n5c(-c6ccc(Oc7ccc(S([*])(=O)=O)cc7)cc6)nc6ccccc65)cc4)cc3)cc2)cc1,>= 0.80
195,353.15,367.03915,0.5111111111111111,13.889154052734398,13.889154052734398,[*]CC(O)CN([*])c1cc(C)cc(C)c1,[*]CC(O)CN([*])c1cc(C)c(/N=N/c2ccc(Cl)cc2)c(C)c1,0.50 to 0.60
196,470.15,417.81097,0.5789473684210527,-52.33902587890623,52.33902587890623,[*]CC([*])(CC(=O)OC)C(=O)OC12CC3CC(CC(C3)C1)C2,[*]CC([*])(CC(=O)OC)C(=O)OC,0.50 to 0.60
197,456.15,479.87717,0.6666666666666666,23.727166748046898,23.727166748046898,[*]CC([*])(C)C(=O)OC12CC3CC(CC(C3)C1)C2,[*]CC([*])(C)C(=O)OC12CC3CC(C)(CC(C)(C3)C1)C2,0.60 to 0.70
198,453.15,419.96335,0.7291666666666666,-33.1866516113281,33.1866516113281,[*]CC([*])(CC(=O)OC(C)C)C(=O)OC12CC3CC(CC(C3)C1)C2,[*]CC([*])(CC(=O)OC(C)C)C(=O)OC12CC3CC(C)(CC(C)(C3)C1)C2,0.70 to 0.80
199,417.15,427.13214,0.7708333333333334,9.982141113281273,9.982141113281273,[*]CC([*])(CC(=O)OC)C(=O)OC12CC3CC(C)(CC(C)(C3)C1)C2,[*]CC([*])(CC(=O)OC(C)C)C(=O)OC12CC3CC(C)(CC(C)(C3)C1)C2,0.70 to 0.80
200,474.15,484.983,0.6721311475409836,10.833001708984398,10.833001708984398,[*]Oc1ccc2c(c1)C(=O)N(CC1CC3CC1C1CCC(CN4C(=O)c5ccc([*])cc5C4=O)C31)C2=O,[*]c1ccc2c(c1)C(=O)N(CC1CCC3C4CC(CC4CN4C(=O)c5ccc(C([*])(C(F)(F)F)C(F)(F)F)cc5C4=O)C13)C2=O,0.60 to 0.70
201,490.15,484.22498,0.6721311475409836,-5.925024414062477,5.925024414062477,[*]C(=O)c1ccc2c(c1)C(=O)N(CC1CC3CC1C1CCC(CN4C(=O)c5ccc([*])cc5C4=O)C31)C2=O,[*]c1ccc2c(c1)C(=O)N(CC1CCC3C4CC(CC4CN4C(=O)c5ccc(C([*])(C(F)(F)F)C(F)(F)F)cc5C4=O)C13)C2=O,0.60 to 0.70
202,503.15,485.37125,0.7735849056603774,-17.778753662109352,17.778753662109352,[*]c1ccc2c(c1)C(=O)N(CC1CC3CC1C1CCC(CN4C(=O)c5ccc([*])cc5C4=O)C31)C2=O,[*]c1ccc2c(c1)C(=O)N(CC1CCC3C4CC(CC4CN4C(=O)c5ccc(C([*])(C(F)(F)F)C(F)(F)F)cc5C4=O)C13)C2=O,0.70 to 0.80
203,572.65,553.4617,0.6153846153846154,-19.188330078124977,19.188330078124977,[*]Cc1cc(C)c(Oc2ccc(-n3c(=O)c4cc5c(=O)n(-c6ccc(Oc7c(C)cc([*])cc7C)cc6)c(=O)c5cc4c3=O)cc2)c(C)c1,[*]Cc1cc(C)c(Oc2ccc3c(c2)C(=O)N(c2ccc(Oc4ccc(N5C(=O)c6ccc(Oc7c(C)cc([*])cc7C)cc6C5=O)cc4)cc2)C3=O)c(C)c1,0.60 to 0.70
204,563.15,562.23914,0.8541666666666666,-0.9108642578124773,0.9108642578124773,[*]OC(=O)c1ccc(C(=O)Oc2ccc3c(c2)C2(CC(C)(C)c4ccc([*])cc42)CC3(C)C)cc1,[*]OC(=O)c1cccc(C(=O)Oc2ccc3c(c2)C2(CC(C)(C)c4ccc([*])cc42)CC3(C)C)c1,>= 0.80
205,501.15,483.09583,0.7,-18.054174804687477,18.054174804687477,[*]OC(=O)Oc1ccc2c(c1)C1(CC(C)(C)c3ccc([*])cc31)CC2(C)C,[*]OC(=O)c1cccc(C(=O)Oc2ccc3c(c2)C2(CC(C)(C)c4ccc([*])cc42)CC3(C)C)c1,0.70 to 0.80
206,523.15,469.91702,0.5178571428571429,-53.23297729492185,53.23297729492185,[*]Nc1ccc(/C=C/c2ccc(NC(=C(C#N)C#N)c3ccc(C([*])=C(C#N)C#N)cc3)cc2)cc1,[*]Nc1ccc(Oc2ccc(NC(=O)c3ccc(C(=O)Nc4ccc(Oc5ccc(NC(=C(C#N)C#N)c6cccc(C([*])=C(C#N)C#N)c6)cc5)cc4)cc3)cc2)cc1,0.50 to 0.60
207,323.15,372.5024,0.5294117647058824,49.3524108886719,49.3524108886719,[*]C#Cc1cccc(C#C[Si]([*])(C)C)c1,[*]C#Cc1cccc(C#C[SiH]([*])C)c1,0.50 to 0.60
208,533.15,485.16714,0.9285714285714286,-47.98285522460935,47.98285522460935,[*]Nc1ccc(S(=O)(=O)c2ccc(NC(=O)c3ccc(Oc4ccc(C(=O)c5ccc(S(=O)(=O)c6ccc(C(=O)c7ccc(Oc8ccc(C([*])=O)cc8)cc7)cc6)cc5)cc4)cc3)cc2)cc1,[*]Nc1ccc(Oc2ccc(S(=O)(=O)c3ccc(Oc4ccc(NC(=O)c5ccc(Oc6ccc(Oc7ccc(C([*])=O)cc7)cc6)cc5)cc4)cc3)cc2)cc1,>= 0.80
209,573.15,540.5341,0.8125,-32.61588134765623,32.61588134765623,[*]Nc1ccc(C(=O)c2ccc(NC(=O)c3ccc(C([*])=O)cc3)cc2)cc1,[*]Nc1ccc(-c2ccc(NC(=O)c3ccc(C([*])=O)cc3)cc2)cc1,>= 0.80
210,513.15,482.19485,0.8125,-30.955145263671852,30.955145263671852,[*]Nc1ccc(Cc2ccc(NC(=O)c3ccc(Oc4ccc(C(=O)c5ccc(S(=O)(=O)c6ccc(C(=O)c7ccc(Oc8ccc(C([*])=O)cc8)cc7)cc6)cc5)cc4)cc3)cc2)cc1,[*]Nc1ccc(Oc2ccc(S(=O)(=O)c3ccc(Oc4ccc(NC(=O)c5ccc(Oc6ccc(Oc7ccc(C([*])=O)cc7)cc6)cc5)cc4)cc3)cc2)cc1,>= 0.80
211,568.15,545.0362,0.896551724137931,-23.113806152343727,23.113806152343727,[*]Nc1ccc(NC(=O)c2ccc(C([*])=O)cc2)cc1,[*]Nc1ccc(-c2ccc(NC(=O)c3ccc(C([*])=O)cc3)cc2)cc1,>= 0.80
212,443.15,473.95084,0.6530612244897959,30.800836181640648,30.800836181640648,[*]Nc1ccc(Oc2ccc(C(=O)c3ccc(Oc4ccc(NC(=O)c5ccc(C([*])=O)cn5)cc4)cc3)cc2)cc1,[*]Nc1ccc(C(=O)c2ccc(Oc3ccc(C(=O)c4ccc(NC(=O)c5cccc(C([*])=O)c5)cc4)cc3)cc2)cc1,0.60 to 0.70
213,523.15,509.6435,0.8541666666666666,-13.506506347656227,13.506506347656227,[*]Nc1ccc(Oc2ccc(C(c3ccc(Oc4ccc(NC(=O)c5ccc(S(=O)(=O)c6ccc(C([*])=O)cc6)cc5)cc4)cc3)(C(F)(F)F)C(F)(F)F)cc2)cc1,[*]Nc1ccc(NC(=O)c2ccc(Oc3ccc(C(c4ccc(Oc5ccc(C([*])=O)cc5)cc4)(C(F)(F)F)C(F)(F)F)cc3)cc2)cc1,>= 0.80
214,525.15,499.14853,0.8703703703703703,-26.001470947265602,26.001470947265602,[*]Nc1ccc(Oc2ccc(C3(c4ccc(Oc5ccc(NC(=O)c6ccc(S(=O)(=O)c7ccc(C([*])=O)cc7)cc6)cc5)cc4)C4CC5CC(C4)CC3C5)cc2)cc1,[*]Nc1ccc(Oc2ccc(C3(c4ccc(Oc5ccc(NC(=O)c6ccc(Oc7ccc(C([*])=O)cc7)cc6)cc5)cc4)C4CC5CC(C4)CC3C5)cc2)cc1,>= 0.80
215,560.15,492.64673,0.8793103448275862,-67.50327148437498,67.50327148437498,[*]Nc1ccc(Oc2ccc(C3(c4ccc(Oc5ccc(NC(=O)c6ccc(S(=O)(=O)c7ccc(C([*])=O)cc7)cc6)cc5)cc4)CC4CCC3C4)cc2)cc1,[*]Nc1ccc(Oc2ccc(C3(c4ccc(Oc5ccc(NC(=O)c6ccc(C([*])=O)cc6)cc5)cc4)CC4CCC3C4)cc2)cc1,>= 0.80
216,504.15,486.22418,0.7222222222222222,-17.925817871093727,17.925817871093727,[*]Nc1ccc(Oc2ccc(S(=O)(=O)c3ccc(Oc4ccc(NC(=O)c5ccc(Oc6ccc(Oc7ccc(C([*])=O)cc7)cc6-c6ccccc6)cc5)cc4)cc3)cc2)cc1,[*]Nc1ccc(Oc2ccc(S(=O)(=O)c3ccc(Oc4ccc(NC(=O)c5ccc(Oc6ccc(Oc7ccc(C([*])=O)cc7)cc6)cc5)cc4)cc3)cc2)cc1,0.70 to 0.80
217,500.15,474.8773,0.8478260869565217,-25.272711181640602,25.272711181640602,[*]Nc1ccc(Oc2ccc(S(=O)(=O)c3ccc(Oc4ccc(NC(=O)c5ccc(Oc6ccc7ccc(Oc8ccc(C([*])=O)cc8)cc7c6)cc5)cc4)cc3)cc2)cc1,[*]Nc1ccc(Oc2ccc(Oc3ccc(NC(=O)c4ccc(Oc5ccc6ccc(Oc7ccc(C([*])=O)cc7)cc6c5)cc4)cc3)cc2)cc1,>= 0.80
218,491.15,478.576,0.8703703703703703,-12.574011230468727,12.574011230468727,[*]Nc1ccc(Oc2ccc3cccc(Oc4ccc(NC(=O)c5ccc(Oc6ccc(S(=O)(=O)c7ccc(Oc8ccc(C([*])=O)cc8)cc7)cc6)cc5)cc4)c3c2)cc1,[*]Nc1ccc(Oc2ccc3cccc(Oc4ccc(NC(=O)c5ccc(Oc6ccc(C([*])=O)cc6)cc5)cc4)c3c2)cc1,>= 0.80
219,532.15,512.26404,0.8703703703703703,-19.885961914062477,19.885961914062477,[*]Nc1ccc(Oc2ccc3cccc(Oc4ccc(NC(=O)c5ccc(S(=O)(=O)c6ccc(C([*])=O)cc6)cc5)cc4)c3c2)cc1,[*]Nc1ccc(Oc2ccc3cccc(Oc4ccc(NC(=O)c5ccc(Oc6ccc(C([*])=O)cc6)cc5)cc4)c3c2)cc1,>= 0.80
220,583.15,560.0251,0.8064516129032258,-23.124914550781227,23.124914550781227,[*]Nc1ccc(S(=O)(=O)c2ccc(NC(=O)c3ccc(Oc4nc(Oc5ccc(C([*])=O)cc5)nc(Sc5ccccc5)n4)cc3)cc2)cc1,[*]Nc1ccc(S(=O)(=O)c2ccc(NC(=O)c3cccc(Oc4nc(Oc5cccc(C([*])=O)c5)nc(Sc5ccccc5)n4)c3)cc2)cc1,>= 0.80
221,221.575,229.92125,0.59375,8.346249389648449,8.346249389648449,[*]CC([*])C(=O)OCCCC,[*]CC([*])C(=O)OCCSCC,0.50 to 0.60
222,363.15,286.32657,0.7692307692307693,-76.82343139648435,76.82343139648435,[*]C(C)C([*])C(=O)OCCCC,[*]C(C)C([*])C(=O)OCCC,0.70 to 0.80
223,216.15,224.34369,0.5757575757575758,8.193688964843744,8.193688964843744,[*]CC([*])C(=O)OCCCCC,[*]CC([*])C(=O)OCCSCC,0.50 to 0.60
224,216.15,212.90385,0.5588235294117647,-3.246145629882818,3.246145629882818,[*]CC([*])C(=O)OCCCCCC,[*]CC([*])C(=O)OCCSCC,0.50 to 0.60
225,213.15,215.67865,0.5588235294117647,2.5286499023437443,2.5286499023437443,[*]CC([*])C(=O)OCCCCCCC,[*]CC([*])C(=O)OCCSCC,0.50 to 0.60
226,203.15,210.65005,0.7666666666666667,7.500054931640619,7.500054931640619,[*]CC([*])C(=O)OCCCCSC,[*]CC([*])C(=O)OCCSC,0.70 to 0.80
227,206.65,219.27545,0.5757575757575758,12.625451660156244,12.625451660156244,[*]CC([*])C(=O)OCCCOC,[*]CC([*])C(=O)OCCC(C)OC,0.50 to 0.60
228,211.65,205.8437,0.5428571428571428,-5.806295776367193,5.806295776367193,[*]CC([*])C(=O)OCCCOCC,[*]CC([*])C(=O)OCCSCC,0.50 to 0.60
229,208.15,214.78958,0.7931034482758621,6.639581298828119,6.639581298828119,[*]CC([*])C(=O)OCCCSC,[*]CC([*])C(=O)OCCSC,0.70 to 0.80
230,197.15,203.42899,0.8064516129032258,6.278985595703119,6.278985595703119,[*]CC([*])C(=O)OCCCSCC,[*]CC([*])C(=O)OCCSCC,>= 0.80
231,293.85,325.88544,0.5862068965517241,32.03543701171873,32.03543701171873,[*]CC([*])C(=O)OCCO,[*]CC([*])C(=O)OCCC#N,0.50 to 0.60
232,239.15,232.05162,0.6153846153846154,-7.098379516601568,7.098379516601568,[*]CC([*])C(=O)OCCOC,[*]CC([*])C(=O)OC,0.60 to 0.70
233,223.15,215.28482,0.6060606060606061,-7.865179443359381,7.865179443359381,[*]CC([*])C(=O)OCCOCC,[*]CC([*])C(=O)OCCOCC(F)(F)F,0.60 to 0.70
234,270.825,207.25429,0.5588235294117647,-63.570712280273426,63.570712280273426,[*]CC([*])C(=O)OCCCCCCCCCCCCCCCCCC,[*]CC([*])C(=O)OCCSCC,0.50 to 0.60
235,251.0,253.73053,0.625,2.73052978515625,2.73052978515625,[*]CC([*])C(=O)OCC,[*]CC([*])C(=O)OC,0.60 to 0.70
236,231.825,245.71971,0.64,13.894711303710949,13.894711303710949,[*]CC([*])C(=O)OCCC,[*]C([*])C(=O)OCCC,0.60 to 0.70
237,208.0,196.30061,0.5588235294117647,-11.699386596679688,11.699386596679688,[*]CC([*])C(=O)OCCCCCCCC,[*]CC([*])C(=O)OCCSCC,0.50 to 0.60
238,213.0,202.0779,0.5588235294117647,-10.922103881835938,10.922103881835938,[*]CC([*])C(=O)OCCCCCCCCC,[*]CC([*])C(=O)OCCSCC,0.50 to 0.60
239,587.15,559.70355,0.673469387755102,-27.446447753906227,27.446447753906227,[*]Oc1ccc(-n2c(=O)c3cc4c(=O)n(-c5ccc(Oc6ccc([*])cc6C(C)(C)C)cc5)c(=O)c4cc3c2=O)cc1,[*]c1ccc(-n2c(=O)c3cc4c(=O)n(-c5ccc(Oc6c(C(C)(C)C)cc([*])cc6C(C)(C)C)cc5)c(=O)c4cc3c2=O)cc1,0.60 to 0.70
240,571.15,598.9889,0.62,27.838891601562523,27.838891601562523,[*]Oc1ccc(-n2c(=O)c3cc4c(=O)n(-c5ccc(Oc6cc(C(C)(C)C)c([*])cc6C(C)(C)C)cc5)c(=O)c4cc3c2=O)cc1,[*]Oc1ccc(C(=O)c2ccc(Oc3cc(C(C)(C)C)c([*])cc3C(C)(C)C)cc2)cc1,0.60 to 0.70
241,594.15,568.795,0.5686274509803921,-25.355017089843727,25.355017089843727,[*]Oc1ccc(-n2c(=O)c3cc4c(=O)n(-c5ccc(Oc6cc(C(C)(C)C)ccc6[*])cc5)c(=O)c4cc3c2=O)cc1,[*]c1ccc(Oc2ccc(-n3c(=O)c4cc5c(=O)n(-c6ccc(Oc7ccc(C([*])(C)C)cc7)cc6)c(=O)c5cc4c3=O)cc2)cc1,0.50 to 0.60
242,339.05,227.8487,0.36,-111.20130615234376,111.20130615234376,[*]CCCCCCCCCC[N+]([*])(C)C,[*]CCCCCCCC([*])C,< 0.50
243,332.65,344.34564,0.6410256410256411,11.695642089843773,11.695642089843773,[*]CC([*])OC(=O)c1ccccc1OC(C)=O,[*]CC([*])OC(=O)c1ccccc1C,0.60 to 0.70
244,338.15,337.5619,0.6756756756756757,-0.5881103515624773,0.5881103515624773,[*]CC([*])OC(=O)c1ccccc1OC,[*]CC([*])OC(=O)c1ccccc1C,0.60 to 0.70
245,217.15,278.14252,0.3870967741935484,60.992517089843744,60.992517089843744,[*]=NP(Cl)(Cl)=NP(Cl)(Cl)=NS(=[*])(=O)F,[*]=NP(Cl)(Cl)=NP(Cl)(Cl)=NS(=[*])Cl,< 0.50
246,187.15,243.02309,0.78125,55.87308654785156,55.87308654785156,[*]O[Si](C)(C=C)O[Si](C)(C)c1ccc([Si](C)(C)O[Si]([*])(C)C=C)cc1,[*]O[Si](C)(C)c1ccc([Si](C)(C)O[Si]([*])(C)C=C)cc1,0.70 to 0.80
247,374.15,354.96985,0.4047619047619047,-19.180151367187477,19.180151367187477,[*]CCCN(C)c1ccc(C(=O)c2ccc(N([*])C)cc2)cc1,[*]CCCN([*])C(=O)c1ccccc1,< 0.50
248,323.15,321.34293,0.423728813559322,-1.8070739746093523,1.8070739746093523,[*]CCCCCCCCN(C)c1ccc(C(=O)c2ccc(N([*])C)cc2)cc1,[*]CCCCCC(=O)OCCCCCCS(=O)(=O)c1ccc(/N=N/c2ccc(N([*])C)cc2)cc1,< 0.50
249,348.65,326.28925,0.423728813559322,-22.360754394531227,22.360754394531227,[*]CCCCCCN(C)c1ccc(C(=O)c2ccc(N([*])C)cc2)cc1,[*]CCCCCC(=O)OCCCCCCS(=O)(=O)c1ccc(/N=N/c2ccc(N([*])C)cc2)cc1,< 0.50
250,272.15,345.78183,0.5357142857142857,73.6318298339844,73.6318298339844,[*]c1ccc(-c2ccc(-c3sc(-c4ccc([Si](CCCC)(CCCC)c5ccc(-c6cc(CCCCCCCC)c([*])s6)s5)s4)cc3CCCCCCCC)s2)s1,[*]c1ccc(-c2sc(-c3cc(CCCCCCCCCCCC)c([*])s3)cc2CCCCCCCCCCCC)cc1,0.50 to 0.60
251,286.15,327.1186,0.5263157894736842,40.96859130859377,40.96859130859377,[*]c1ccc(-c2ccc(-c3sc(-c4ccc([Si](C)(C)[Si](C)(C)[Si](C)(C)[Si](C)(C)[Si](C)(C)[Si](C)(C)[Si](C)(C)[Si](C)(C)c5ccc(-c6cc(CCCCCCCC)c([*])s6)s5)s4)cc3CCCCCCCC)s2)s1,[*]c1ccc(-c2sc(-c3cc(CCCCCCCCCCCC)c([*])s3)cc2CCCCCCCCCCCC)cc1,0.50 to 0.60
252,279.15,339.5906,0.5357142857142857,60.44060668945315,60.44060668945315,[*]c1ccc(-c2ccc(-c3sc(-c4ccc([Si](C)(C)[Si](C)(C)[Si](C)(C)[Si](C)(C)c5ccc(-c6cc(CCCCCCCC)c([*])s6)s5)s4)cc3CCCCCCCC)s2)s1,[*]c1ccc(-c2sc(-c3cc(CCCCCCCCCCCC)c([*])s3)cc2CCCCCCCCCCCC)cc1,0.50 to 0.60
253,285.15,339.397,0.5555555555555556,54.24700317382815,54.24700317382815,[*]c1ccc(-c2ccc(-c3sc(-c4ccc([Si](C)(C)[Si](C)(C)c5ccc(-c6cc(CCCCCCCC)c([*])s6)s5)s4)cc3CCCCCCCC)s2)s1,[*]c1ccc(-c2sc(-c3cc(CCCCCCCCCCCC)c([*])s3)cc2CCCCCCCCCCCC)cc1,0.50 to 0.60
254,304.15,333.73395,0.5555555555555556,29.583947753906273,29.583947753906273,[*]c1ccc(-c2ccc(-c3sc(-c4ccc([Si](C)(C)c5ccc(-c6cc(CCCCCCCC)c([*])s6)s5)s4)cc3CCCCCCCC)s2)s1,[*]c1ccc(-c2sc(-c3cc(CCCCCCCCCCCC)c([*])s3)cc2CCCCCCCCCCCC)cc1,0.50 to 0.60
255,263.15,355.0561,0.5555555555555556,91.90609130859377,91.90609130859377,[*]c1ccc(-c2ccc(-c3sc(-c4ccc([Si](CCCC)(CCCC)[Si](CCCC)(CCCC)c5ccc(-c6cc(CCCCCCCC)c([*])s6)s5)s4)cc3CCCCCCCC)s2)s1,[*]c1ccc(-c2ccc(-c3ccc(-c4ccc([Si](CCCC)(CCCC)[Si]([*])(CCCC)CCCC)s4)s3)s2)s1,0.50 to 0.60
256,338.15,354.3737,0.673469387755102,16.223687744140648,16.223687744140648,[*]c1ccc(OCC(COc2ccc(C([*])(C)C)cc2)OC(=O)c2ccccc2)cc1,[*]c1ccc(OCC(COc2ccc(C([*])(C)C)cc2)OC(=O)CCl)cc1,0.60 to 0.70
257,373.75,362.76813,0.7192982456140351,-10.98187255859375,10.98187255859375,[*]c1ccc(OCC(COc2ccc(C([*])(C)C)cc2)OC(=O)/C=C/c2ccccc2)cc1,[*]c1ccc(OCC(COc2ccc(C([*])(C)C)cc2)OC(=O)/C=C/c2ccco2)cc1,0.70 to 0.80
258,339.15,354.85507,0.6538461538461539,15.705072021484398,15.705072021484398,[*]c1ccc(OCC(COc2ccc(C([*])(C)C)cc2)OC(=O)c2ccccc2Cl)cc1,[*]c1ccc(OCC(COc2ccc(C([*])(C)C)cc2)OC(=O)CCl)cc1,0.60 to 0.70
259,399.15,382.56683,0.6595744680851063,-16.583166503906227,16.583166503906227,[*]c1ccc(OCC(COc2ccc(C([*])(C)c3ccccc3)cc2)OC(=O)c2ccccc2)cc1,[*]c1ccc(OCC(O)COc2ccc(C([*])(C)c3ccccc3)cc2)cc1,0.60 to 0.70
260,521.15,464.33612,0.7441860465116279,-56.81387939453123,56.81387939453123,[*]c1cc(C)c(Oc2ccc(S(=O)(=O)c3ccc(Oc4c(C)cc(C([*])(C(F)(F)F)C(F)(F)F)cc4C)cc3)cc2)c(C)c1,[*]c1cc(C)c(Oc2ccc(S(=O)(=O)c3ccc(Oc4c(C)cc(C([*])(C)C)cc4C)cc3)cc2)c(C)c1,0.70 to 0.80
261,505.15,472.30954,0.6904761904761905,-32.8404602050781,32.8404602050781,[*]Cc1cc(C)c(Oc2ccc(S(=O)(=O)c3ccc(Oc4c(C)cc([*])cc4C)cc3)cc2)c(C)c1,[*]c1cc(C)c(Oc2ccc(S(=O)(=O)c3ccc(Oc4c(C)cc(C([*])(C)C)cc4C)cc3)cc2)c(C)c1,0.60 to 0.70
262,503.95,481.42575,0.52,-22.524249267578114,22.524249267578114,[*]c1cc(C)c(Oc2ccc(S(=O)(=O)c3ccc(Oc4c(C)cc(C([*])(C(F)(F)F)C(F)(F)F)cc4C)c(Br)c3)cc2Br)c(C)c1,[*]c1cc(C)c(OC(=O)Oc2c(C)cc(C([*])(C(F)(F)F)C(F)(F)F)cc2C)c(C)c1,0.50 to 0.60
263,469.15,439.32947,0.86,-29.820532226562477,29.820532226562477,[*]c1cc(C)c(Oc2ccc(S(=O)(=O)c3ccc(Oc4c(C)cc(C([*])(C(F)(F)F)C(F)(F)F)cc4C)cc3C(O)(C(F)(F)F)C(F)(F)F)c(C(O)(C(F)(F)F)C(F)(F)F)c2)c(C)c1,[*]c1cc(C)c(Oc2ccc(S(=O)(=O)c3ccc(Oc4c(C)cc(C([*])(C)C)cc4C)cc3C(O)(C(F)(F)F)C(F)(F)F)c(C(O)(C(F)(F)F)C(F)(F)F)c2)c(C)c1,>= 0.80
264,470.15,449.7462,0.6491228070175439,-20.403814697265602,20.403814697265602,[*]c1cc(C)c(Oc2ccc(S(=O)(=O)c3ccc(Oc4c(C)cc(C([*])(C(F)(F)F)C(F)(F)F)cc4C)cc3[Si](C)(C)C)c([Si](C)(C)C)c2)c(C)c1,[*]c1ccc(Oc2ccc(S(=O)(=O)c3ccc(Oc4ccc(C([*])(C(F)(F)F)C(F)(F)F)cc4[Si](C)(C)C)cc3[Si](C)(C)C)c([Si](C)(C)C)c2)c([Si](C)(C)C)c1,0.60 to 0.70
265,553.35,499.83652,0.8055555555555556,-53.51348266601565,53.51348266601565,[*]c1cc(C)c(Oc2ccc(S(=O)(=O)c3ccc(Oc4c(C)cc([*])cc4C)cc3)cc2)c(C)c1,[*]c1cc(C)c(Oc2ccc(S(=O)(=O)c3ccc(Oc4c(C)cc(C([*])(C)C)cc4C)cc3)cc2)c(C)c1,>= 0.80
266,553.15,538.26385,0.725,-14.886145019531227,14.886145019531227,[*]c1cc(C)c(Oc2ccc(S(=O)(=O)c3ccc4cc(S(=O)(=O)c5ccc(Oc6c(C)cc([*])cc6C)cc5)ccc4c3)cc2)c(C)c1,[*]c1cc(C)c(Oc2ccc(S(=O)(=O)c3ccc(Oc4c(C)cc(C([*])(C)C)cc4C)cc3)cc2)c(C)c1,0.70 to 0.80
267,473.15,476.08218,0.6212121212121212,2.9321838378906477,2.9321838378906477,[*]c1cc(Cl)c(OC2=C(Cl)C(=O)N(c3ccc(Cc4ccc(N5C(=O)C(Cl)=C(c6c(Cl)cc(C([*])(C)C)cc6Cl)C5=O)cc4)cc3)C2=O)c(Cl)c1,[*]c1ccc(OC2=C(Cl)C(=O)N(c3ccc(Cc4ccc(N5C(=O)C(Cl)=C(c6ccc(C([*])(C)C)cc6)C5=O)cc4)cc3)C2=O)cc1,0.60 to 0.70
268,318.15,431.32855,0.5714285714285714,113.17855224609377,113.17855224609377,[*]c1ccc(-c2ccc([Si]([*])(C)C)s2)s1,[*]c1ccc(-c2ccc([Si]([*])(CCCC)CCCC)s2)s1,0.50 to 0.60
269,318.15,322.8072,0.75,4.657189941406273,4.657189941406273,[*]c1ccc(-c2ccc(-c3ccc([Si](C)(C)[Si]([*])(C)C)s3)s2)s1,[*]c1ccc([Si](C)(C)[Si]([*])(C)C)s1,0.70 to 0.80
270,318.15,372.89496,0.5833333333333334,54.74495849609377,54.74495849609377,[*]c1ccc(-c2ccc(-c3ccc([Si]([*])(C)C)s3)s2)s1,[*]c1ccc(-c2ccc(-c3ccc(-c4ccc([Si]([*])(CCCC)CCCC)s4)s3)s2)s1,0.50 to 0.60
271,318.15,294.0101,0.7777777777777778,-24.139898681640602,24.139898681640602,[*]c1ccc(-c2ccc([Si](C)(C)[Si]([*])(C)C)s2)s1,[*]c1ccc([Si](C)(C)[Si]([*])(C)C)s1,0.70 to 0.80
272,294.15,334.36157,0.68,40.21157226562502,40.21157226562502,[*]c1ccc([Si]([*])(C)C)s1,[*]c1ccc([Si](C)(C)[Si]([*])(C)C)s1,0.60 to 0.70
273,348.45,330.7127,0.625,-17.73729248046874,17.73729248046874,[*]Nc1ccc([*])cc1,[*]Nc1ccc(Sc2ccc(Nc3ccc([*])cc3)cc2)cc1,0.60 to 0.70
274,240.15,260.2958,0.53125,20.14580688476562,20.14580688476562,[*]CCCC(C)C(=O)OC([*])C,[*]CCCCC(=O)OC([*])C,0.50 to 0.60
275,475.85,514.5724,0.5606060606060606,38.72238769531248,38.72238769531248,[*]Cc1ccc(N2C(=O)c3cccc4c(N5CCC(CCCC6CCN(c7ccc8c9c(cccc79)C(=O)N(c7ccc([*])cc7C(C)(C)C)C8=O)CC6)CC5)ccc(c34)C2=O)c(C(C)(C)C)c1,[*]Cc1ccc(N2C(=O)c3ccc(-c4ccc5c(c4)C(=O)N(c4ccc([*])cc4C(C)(C)C)C5=O)cc3C2=O)c(C(C)(C)C)c1,0.50 to 0.60
276,420.15,383.7676,0.4814814814814814,-36.38239135742185,36.38239135742185,[*]Oc1c(C)cc(S(=O)(=O)c2cc(C)c(OP([*])(=O)Oc3ccc(OC)cc3)c(C)c2)cc1C,[*]OCCOc1ccc(S(=O)(=O)c2ccc(OCCOP([*])(=O)Oc3ccc(OC)cc3)cc2)cc1,< 0.50
277,401.15,384.71295,0.490566037735849,-16.437048339843727,16.437048339843727,[*]Oc1c(C)cc(S(=O)(=O)c2cc(C)c(OP([*])(=O)Oc3ccc(C)cc3)c(C)c2)cc1C,[*]OCCOc1ccc(S(=O)(=O)c2ccc(OCCOP([*])(=O)Oc3ccc(C)cc3)cc2)cc1,< 0.50
278,328.15,342.48953,0.611764705882353,14.339532470703148,14.339532470703148,[*]CC([*])(C)C(=O)OCCCCCCCCCCn1c2ccccc2c2cc(/C=C/C3=C(C#N)C(=C(C#N)C#N)OC3(C)C)ccc21,[*]CC([*])(C)C(=O)OCCCCCCCCCCn1c2ccccc2c2cc(/C=C(\C#N)C(=O)OC)ccc21,0.60 to 0.70
279,375.075,372.61172,0.5945945945945946,-2.4632751464843636,2.4632751464843636,[*]CC([*])(C)C(=O)OC1CCCCC1,[*]CC([*])(C)C(=O)OCCC1CCCCC1,0.50 to 0.60
280,373.15,397.73685,0.5116279069767442,24.586846923828148,24.586846923828148,[*]CC([*])(C)C(=O)OC1CCC(C(C)(C)C)CC1,[*]CC([*])(C)C(=O)OC1CC(C)CC(C)(C)C1,0.50 to 0.60
281,382.15,382.157,0.6,0.007012939453147737,0.007012939453147737,[*]CC([*])(C)C(=O)OC1CCC(C)CC1,[*]CC([*])(C)C(=O)OC1CC(C)CC(C)(C)C1,0.60 to 0.70
282,392.15,382.3006,0.6,-9.849401855468727,9.849401855468727,[*]CC([*])(C)C(=O)OC1CCC1,[*]CC([*])(C)C(=O)OCC1CCC1,0.60 to 0.70
283,418.15,448.69724,0.5,30.547235107421898,30.547235107421898,[*]CC([*])(C)C(=O)OC1CCC2CCCCC2C1,[*]CC([*])(C)C(=O)OC1CC(C)CC(C)(C)C1,0.50 to 0.60
284,362.15,377.71063,0.6190476190476191,15.560632324218773,15.560632324218773,[*]CC([*])(C)C(=O)OC1CCCC(C)C1,[*]CC([*])(C)C(=O)OC1CC(C)CC(C)(C)C1,0.60 to 0.70
285,348.15,376.0484,0.5675675675675675,27.898400878906273,27.898400878906273,[*]CC([*])(C)C(=O)OC1CCCC1,[*]CC([*])(C)C(=O)OCCC1CCCCC1,0.50 to 0.60
286,358.15,379.42657,0.5454545454545454,21.276574707031273,21.276574707031273,[*]CC([*])(C)C(=O)OC1CCCCC1C,[*]CC([*])(C)C(=O)OC1CC(C)CCC1C(C)C,0.50 to 0.60
287,458.15,412.62582,0.5,-45.5241760253906,45.5241760253906,[*]CC([*])(C)C(=O)OC1CCCCC1C(C)(C)C,[*]CC([*])(C)C(=O)OCCC1CCCCC1,0.50 to 0.60
288,426.65,396.41556,0.5365853658536586,-30.234442138671852,30.234442138671852,[*]CC([*])(C)C(=O)OC1CCOCC1,[*]CC([*])(C)C(=O)OCC1COCCOCCOCCOCCOC1,0.50 to 0.60
289,349.15,289.9727,0.4222222222222222,-59.17731323242185,59.17731323242185,[*]O[Si](C)(C)c1cc(OCCOCc2ccccc2)c([Si]([*])(C)C)cc1OCCOCc1ccccc1,[*]O[Si](C)(C)c1ccc([Si]([*])(C)C)c2ccccc12,< 0.50
290,543.15,521.94525,0.7647058823529411,-21.204748535156227,21.204748535156227,[*]Nc1ccc(Cc2ccc(NC(=O)c3cc(C([*])=O)cc(S(=O)(=O)c4ccccc4)c3)cc2)cc1,[*]Nc1ccc(Oc2ccc(NC(=O)c3cc(C([*])=O)cc(S(=O)(=O)c4ccccc4)c3)cc2)cc1,0.70 to 0.80
291,592.15,510.00745,0.8125,-82.14255371093748,82.14255371093748,[*]Nc1ccc(-c2ccc(NC(=O)c3cc(C([*])=O)cc(S(=O)(=O)c4ccccc4)c3)cc2)cc1,[*]Nc1ccc(Oc2ccc(NC(=O)c3cc(C([*])=O)cc(S(=O)(=O)c4ccccc4)c3)cc2)cc1,>= 0.80
292,560.15,540.2119,0.7222222222222222,-19.938085937499977,19.938085937499977,[*]Nc1ccc(Cc2ccc(NC(=O)c3cc(C([*])=O)cc(N4C(=O)C=CC4=O)c3)cc2)cc1,[*]Nc1ccc(Cc2ccc(NC(=O)c3cc(C([*])=O)cc(N4C(=O)C5CC=CCC5C4=O)c3)cc2)cc1,0.70 to 0.80
293,581.15,456.1737,0.8666666666666667,-124.97629394531248,124.97629394531248,[*]Nc1ccc(NC(=O)c2cc(C([*])=O)cc(S(=O)(=O)c3ccccc3)c2)cc1,[*]Nc1ccc(Oc2ccc(NC(=O)c3cc(C([*])=O)cc(S(=O)(=O)c4ccccc4)c3)cc2)cc1,>= 0.80
294,580.15,497.75055,0.8478260869565217,-82.39945068359373,82.39945068359373,[*]Nc1ccc(S(=O)(=O)c2ccc(NC(=O)c3cc(C([*])=O)cc(S(=O)(=O)c4ccccc4)c3)cc2)cc1,[*]Nc1ccc(Oc2ccc(NC(=O)c3cc(C([*])=O)cc(S(=O)(=O)c4ccccc4)c3)cc2)cc1,>= 0.80
295,550.15,457.89536,0.72,-92.2546447753906,92.2546447753906,[*]Nc1cccc(NC(=O)c2cc(C([*])=O)cc(S(=O)(=O)c3ccccc3)c2)c1,[*]Nc1ccc(Oc2ccc(NC(=O)c3cc(C([*])=O)cc(S(=O)(=O)c4ccccc4)c3)cc2)cc1,0.70 to 0.80
296,554.65,535.2811,0.4390243902439024,-19.368872070312477,19.368872070312477,[*]Nc1ccc(Oc2ccc(Oc3ccc(NC(=O)c4ccc(-n5nc(-c6ccc(Oc7ccc(C([*])=O)cc7)c7ccccc67)c6ccccc6c5=O)cc4)cc3C(F)(F)F)cc2)c(C(F)(F)F)c1,[*]Nc1ccc(Oc2ccc3cccc(Oc4ccc(NC(=O)c5ccc(Oc6ccccc6Oc6ccc(C([*])=O)cc6)cc5)cc4)c3c2)cc1,< 0.50
297,620.65,519.3934,0.5211267605633803,-101.25662841796873,101.25662841796873,[*]Nc1ccc(NC(=O)c2ccc(-n3nc(-c4ccc(Oc5ccc(C([*])=O)cc5)c5ccccc45)c4ccccc4c3=O)cc2)cc1,[*]Nc1ccc(Oc2ccc3cccc(Oc4ccc(NC(=O)c5ccc(Oc6ccccc6Oc6ccc(C([*])=O)cc6)cc5)cc4)c3c2)cc1,0.50 to 0.60
298,590.65,533.85596,0.5352112676056338,-56.79404296874998,56.79404296874998,[*]Nc1ccc(Oc2ccc(NC(=O)c3ccc(-n4nc(-c5ccc(Oc6ccc(C([*])=O)cc6)c6ccccc56)c5ccccc5c4=O)cc3)cc2)cc1,[*]Nc1ccc(Oc2ccc3cccc(Oc4ccc(NC(=O)c5ccc(Oc6ccccc6Oc6ccc(C([*])=O)cc6)cc5)cc4)c3c2)cc1,0.50 to 0.60
299,562.65,529.3023,0.5352112676056338,-33.34769287109373,33.34769287109373,[*]Nc1ccc(Oc2ccc(Oc3ccc(NC(=O)c4ccc(-n5nc(-c6ccc(Oc7ccc(C([*])=O)cc7)c7ccccc67)c6ccccc6c5=O)cc4)cc3)cc2)cc1,[*]Nc1ccc(Oc2ccc3cccc(Oc4ccc(NC(=O)c5ccc(Oc6ccccc6Oc6ccc(C([*])=O)cc6)cc5)cc4)c3c2)cc1,0.50 to 0.60
300,218.5,434.39886,0.6,215.89886474609375,215.89886474609375,[*]NC(=O)C(=O)Nc1cc([*])ccc1C,[*]NC(=O)OCCOC(=O)Nc1cc([*])ccc1C,0.60 to 0.70
301,339.15,319.90863,0.5882352941176471,-19.241369628906227,19.241369628906227,[*]CC([*])OC(=O)C1CCCCC1,[*]CC([*])OC(=O)CC1CCCCC1,0.50 to 0.60
302,309.15,333.00925,0.5757575757575758,23.859246826171898,23.859246826171898,[*]CC([*])OC(=O)C1CCCC1,[*]CC([*])OC(=O)CC1CCCC1,0.50 to 0.60
303,270.15,371.6316,0.6274509803921569,101.48159179687502,101.48159179687502,[*]Nc1ccc(OP(=O)(Oc2ccc(NC(=O)OCCCCCCOC([*])=O)cc2)c2ccccc2)cc1,[*]Nc1ccc(Cc2ccc(NC(=O)OCCCCCCCCCCCCCCCCOC([*])=O)cc2)cc1,0.60 to 0.70
304,307.15,446.9325,0.6792452830188679,139.78249511718752,139.78249511718752,[*]Nc1ccc(OP(=O)(Oc2ccc(NC(=O)Oc3ccc(-c4ccc(OC([*])=O)cc4)cc3)cc2)c2ccccc2)cc1,[*]Nc1cccc(P(=O)(c2ccccc2)c2cccc(NC(=O)Oc3ccc(-c4ccc(OC([*])=O)cc4)cc3)c2)c1,0.60 to 0.70
305,303.15,386.81012,0.6379310344827587,83.66011962890627,83.66011962890627,[*]Nc1cccc(P(=O)(c2ccccc2)c2cccc(NC(=O)OCCCCCCOC([*])=O)c2)c1,[*]Nc1cccc(P(=O)(c2ccccc2)c2cccc(NC(=O)c3ccc(OCCCCOc4ccc(C([*])=O)cc4)cc3)c2)c1,0.60 to 0.70
306,452.15,494.58527,0.5476190476190477,42.43526611328127,42.43526611328127,[*]C(=O)N(C(=O)c1ccc([*])cc1)c1ccccc1,[*]C(=O)N(C(=O)c1ccc([*])cc1Sc1ccccc1)c1ccccc1,0.50 to 0.60
307,351.15,365.0446,0.6226415094339622,13.894586181640648,13.894586181640648,[*]C(=O)N(C(=O)c1ccc(OCCCCCCOc2ccc([*])cc2)cc1)c1ccc(Oc2ccccc2)cc1,[*]C(=O)N(C(=O)c1ccc(OCCCCCCOc2ccc([*])cc2)cc1)c1cccc2ccccc12,0.60 to 0.70
308,373.15,338.74094,0.673469387755102,-34.4090637207031,34.4090637207031,[*]C(=O)N(C(=O)c1ccc(OCCCCCCOc2ccc([*])cc2)cc1)c1ccccc1,[*]C(=O)N(C(=O)c1ccc(OCCCCCCOc2ccc([*])cc2)cc1)c1cccc2ccccc12,0.60 to 0.70
309,421.15,483.38797,0.5333333333333333,62.23796997070315,62.23796997070315,[*]C(=O)N(C(=O)c1cccc([*])c1)c1ccccc1,[*]C(=O)N(C(=O)c1ccc([*])cc1Sc1ccccc1)c1ccccc1,0.50 to 0.60
310,330.8,322.62277,0.4838709677419355,-8.177227783203136,8.177227783203136,[*]NC(=O)C(C)OC(=O)C([*])C,[*]NC(=O)COC(=O)C([*])C,< 0.50
311,394.15,367.24533,0.5569620253164557,-26.904669189453102,26.904669189453102,[*]CCOC(=O)Nc1ccc(C)c(NC(=O)OCCN([*])c2ccc(/C=C/c3cc[n+](CCCC)cc3)cc2)c1,[*]CCOC(=O)Nc1ccc(C)c(NC(=O)OCCN([*])c2ccc(/N=N/c3ccc(B(c4c(C)cc(C)cc4C)c4c(C)cc(C)cc4C)cc3)cc2)c1,0.50 to 0.60
312,357.15,363.89957,0.5172413793103449,6.749566650390648,6.749566650390648,[*]C(C(=O)OC)C([*])C(=O)OC(C)(C)C,[*]CC([*])C(=O)OC(C)(C)C,0.50 to 0.60
313,221.15,280.09818,0.5106382978723404,58.94817504882812,58.94817504882812,[*]COC(=O)c1cccc(C(=O)OCC(C)(C)C[Si](C)(C)O[Si](C)(C)CC([*])(C)C)c1,[*]COC(=O)c1ccc(C(=O)OCC([*])(C)C)cc1,0.50 to 0.60
314,217.0,273.53613,0.4545454545454545,56.5361328125,56.5361328125,[*]CO[*],[*]COC[*],< 0.50
315,323.15,336.9142,0.8297872340425532,13.764215087890648,13.764215087890648,[*]N=Nc1ccc(Oc2ccc(/N=N/P(=O)(OC)OCc3ccc(COP([*])(=O)OC)cc3)cc2)cc1,[*]N=Nc1ccc(-c2ccc(/N=N/P(=O)(OC)OCc3ccc(COP([*])(=O)OC)cc3)cc2)cc1,>= 0.80
316,323.15,327.83447,0.7777777777777778,4.684472656250023,4.684472656250023,[*]N=Nc1ccc(Oc2ccc(/N=N/P(=O)(OC)OCC3CCC(COP([*])(=O)OC)CC3)cc2)cc1,[*]N=Nc1ccc(C(=O)c2ccc(/N=N/P(=O)(OC)OCC3CCC(COP([*])(=O)OC)CC3)cc2)cc1,0.70 to 0.80
317,328.15,313.04245,0.5357142857142857,-15.107550048828102,15.107550048828102,[*]CC([*])OC(=O)OC([2H])([2H])[2H],[*]CC([*])OC(C)=O,0.50 to 0.60
318,368.15,357.26868,0.40625,-10.881323242187477,10.881323242187477,[*]NCCCCCCNc1nc([*])nc(-c2ccccc2)n1,[*]NCCCCCc1nc2cc(-c3ccc4[nH]c(CCCCCNc5nc([*])nc(N(CC)CC)n5)nc4c3)ccc2[nH]1,< 0.50
319,452.15,428.46646,0.5660377358490566,-23.683538818359352,23.683538818359352,[*]Oc1ccc(C2(c3ccc(OC([*])=O)c(Cl)c3)CCCCC2)cc1Cl,[*]Oc1ccc(C2(c3ccc(OC([*])=O)c(Cl)c3)CC3CCC2C3)cc1Cl,0.50 to 0.60
320,436.15,464.0841,0.54,27.934106445312523,27.934106445312523,[*]Oc1c(Cl)cc(C2(c3cc(Cl)c(OC([*])=O)c(Cl)c3)CCCCC2)cc1Cl,[*]Oc1c(Cl)cc(C2(c3cc(Cl)c(OC([*])=O)c(Cl)c3)CC3CCC2C3)cc1Cl,0.50 to 0.60
321,313.15,344.71338,0.6,31.563378906250023,31.563378906250023,[*]CC([*])Cc1cccc(C)c1,[*]CC([*])Cc1ccc(C)cc1,0.60 to 0.70
322,528.15,531.0762,0.7777777777777778,2.9261718750000227,2.9261718750000227,[*]Oc1ccc(C2(c3ccc(Oc4ccc5c(c4)C(=O)N(c4ccc(Oc6ccc(C7(c8ccc(Oc9ccc(N%10C(=O)c%11ccc([*])cc%11C%10=O)cc9)cc8)CC8CC7C7CCCC87)cc6)cc4)C5=O)cc3)CCC(c3ccccc3)CC2)cc1,[*]Oc1ccc(C2(c3ccc(Oc4ccc5c(c4)C(=O)N(c4ccc(Oc6ccc(N7C(=O)c8ccc([*])cc8C7=O)cc6)cc4)C5=O)cc3)CCC(c3ccccc3)CC2)cc1,0.70 to 0.80
323,533.15,534.84375,0.9032258064516128,1.6937500000000227,1.6937500000000227,[*]c1ccc(Oc2ccc(C(=O)c3ccc4c(c3)C(=O)N(c3ccc(Oc5ccc(N6C(=O)c7ccc(C(=O)c8ccc(Oc9ccc(C%10([*])OC(=O)c%11ccccc%11%10)cc9)cc8)cc7C6=O)cc5)cc3)C4=O)cc2)cc1,[*]c1ccc(Oc2ccc(C(=O)c3ccc4c(c3)C(=O)N(c3ccc(Cc5ccc(N6C(=O)c7ccc(C(=O)c8ccc(Oc9ccc(C%10([*])OC(=O)c%11ccccc%11%10)cc9)cc8)cc7C6=O)cc5)cc3)C4=O)cc2)cc1,>= 0.80
324,493.15,463.6156,0.5333333333333333,-29.534399414062477,29.534399414062477,[*]C=CC1CC([*])C2C(=O)N(c3ccccc3)C(=O)C12,[*]C=CC1CC([*])C2C(=O)N(CCC)C(=O)C12,0.50 to 0.60
325,435.15,432.72794,0.48,-2.4220642089843523,2.4220642089843523,[*]C=CC1CC([*])C2C(=O)N(c3cc(C(F)(F)F)cc(C(F)(F)F)c3)C(=O)C12,[*]C=CC1CC([*])C2C(=O)N(CCC)C(=O)C12,< 0.50
326,495.15,458.7948,0.5434782608695652,-36.35520019531248,36.35520019531248,[*]C=CC1CC([*])C2C(=O)N(c3ccc(C)cc3)C(=O)C12,[*]C=CC1CC([*])C2C(=O)N(CCC)C(=O)C12,0.50 to 0.60
327,479.15,453.17477,0.5,-25.975225830078102,25.975225830078102,[*]C=CC1CC([*])C2C(=O)N(c3cccc(C)c3)C(=O)C12,[*]C=CC1CC([*])C2C(=O)N(CCC)C(=O)C12,0.50 to 0.60
328,521.15,456.85727,0.5365853658536586,-64.2927307128906,64.2927307128906,[*]C=CC1CC([*])C2C(=O)N(c3ccccc3C)C(=O)C12,[*]C1C(=O)N(c2ccccc2C)C(=O)C1[*],0.50 to 0.60
329,402.15,286.63245,0.4090909090909091,-115.51755371093748,115.51755371093748,[*]c1cc(C(=O)OCC(F)(F)C(F)(F)C(F)(F)F)c([*])s1,[*]CC([*])C(=O)OCC(F)(F)C(F)(F)C(F)(F)F,< 0.50
330,346.15,326.5096,0.4,-19.640386962890602,19.640386962890602,[*]O[Si](C)(C)c1cc(OCCO)c([Si]([*])(C)C)cc1OCCO,[*]O[Si](C)(C)c1ccc([Si]([*])(C)C)c2ccccc12,< 0.50
331,453.15,452.63947,0.53125,-0.5105346679687273,0.5105346679687273,[*]/C=C(/[*])c1ccccc1[Ge](C)(C)C,[*]/C=C(/[*])c1ccccc1[Si](C)(C)C,0.50 to 0.60
332,490.15,500.5389,0.7755102040816326,10.388909912109398,10.388909912109398,[*]O[Si](C)(C)c1ccc2c(c1)C(=O)N(c1cccc(Cc3cccc(N4C(=O)c5ccc([Si]([*])(C)C)cc5C4=O)c3)c1)C2=O,[*]c1ccc2c(c1)C(=O)N(c1cccc(Cc3cccc(N4C(=O)c5ccc([Si]([*])(C)C)cc5C4=O)c3)c1)C2=O,0.70 to 0.80
333,481.15,482.61078,0.7843137254901961,1.4607788085937727,1.4607788085937727,[*]O[Si](C)(C)c1ccc2c(c1)C(=O)N(c1cccc(Cc3cccc(N4C(=O)c5ccc([Si](C)(C)O[Si]([*])(C)C)cc5C4=O)c3)c1)C2=O,[*]O[Si](C)(C)c1ccc2c(c1)C(=O)N(c1ccc(Cc3ccc(N4C(=O)c5ccc([Si](C)(C)O[Si]([*])(C)C)cc5C4=O)cc3)cc1)C2=O,0.70 to 0.80
334,438.15,480.16302,0.8545454545454545,42.01302490234377,42.01302490234377,[*]O[Si](C)(C)c1ccc2c(c1)C(=O)N(c1cccc(Oc3ccc(-c4nnc(-c5ccc(Oc6cccc(N7C(=O)c8ccc([Si]([*])(C)C)cc8C7=O)c6)cc5)o4)cc3)c1)C2=O,[*]O[Si](C)(C)c1ccc2c(c1)C(=O)N(c1ccc(Oc3ccc(-c4nnc(-c5ccc(Oc6ccc(N7C(=O)c8ccc([Si]([*])(C)C)cc8C7=O)cc6)cc5)o4)cc3)cc1)C2=O,>= 0.80
335,323.25,456.75082,0.55,133.50082397460938,133.50082397460938,[*]CC([*])C(=O)n1c2ccccc2c2ccccc21,[*]CC([*])C(=O)OCCn1c2ccccc2c2ccccc21,0.50 to 0.60
336,281.15,347.90445,0.6976744186046512,66.75444946289065,66.75444946289065,[*]NCCOCCOCCNC(=O)Nc1ccc(Cc2ccc(NC([*])=O)cc2)cc1,[*]NCCCCCCCCCCCCCCCCCCNC(=O)Nc1ccc(Cc2ccc(NC([*])=O)cc2)cc1,0.60 to 0.70
337,248.15,340.00302,0.28125,91.85302124023437,91.85302124023437,[*]CC(O[*])C1CC(F)(F)C1(F)F,[*]CC(CBr)O[*],< 0.50
338,452.15,436.18088,0.7142857142857143,-15.969122314453102,15.969122314453102,[*]Oc1ccc(C(c2ccccc2)c2ccc(OC([*])=S)cc2)cc1,[*]Oc1ccc(C(c2ccccc2)c2ccc(OC([*])=O)cc2)cc1,0.70 to 0.80
339,464.15,467.10373,0.4888888888888889,2.9537292480468977,2.9537292480468977,[*]Oc1ccc(C(c2ccc(OC([*])=S)cc2)c2cccc3ccccc23)cc1,[*]Oc1ccc(C(c2ccccc2)c2ccc(OC([*])=O)cc2)cc1,< 0.50
340,345.75,416.61694,0.5853658536585366,70.866943359375,70.866943359375,[*]C=CC1CC([*])CC1C(=O)Oc1ccccc1,[*]C=CC1CC([*])CC1C(=O)OC,0.50 to 0.60
341,369.65,446.65802,0.4745762711864407,77.00802001953127,77.00802001953127,[*]C=CC1CC([*])C(C(=O)Oc2ccccc2)C1C(=O)Oc1ccccc1,[*]C=CC1CC([*])C(C(=O)OCCCCCCOc2ccc(-c3ccc(C#N)cc3)cc2)C1C(=O)OCCCCCCOc1ccc(-c2ccc(C#N)cc2)cc1,< 0.50
342,415.65,369.87613,0.3518518518518518,-45.77387084960935,45.77387084960935,[*]CCCCCCN(C(=O)C(F)(F)C(F)(F)C(F)(F)C(=O)N([*])C(C)C)C(C)C,[*]C(=O)C(F)(F)C(F)(F)C(F)(F)C(=O)N(CCCCCCN([*])CC(F)(F)C(F)(F)F)CC(F)(F)C(F)(F)F,< 0.50
343,542.15,492.32916,0.6727272727272727,-49.82083740234373,49.82083740234373,[*]Cc1ccc(N2C(=O)c3ccc(Oc4ccc(Oc5ccc6c(c5)C(=O)N(c5ccc([*])cc5OC)C6=O)cc4)cc3C2=O)c(OC)c1,[*]Cc1ccc(N2C(=O)c3ccc(Oc4ccc5c(c4)C(=O)N(c4ccc([*])cc4C(C)(C)C)C5=O)cc3C2=O)c(C(C)(C)C)c1,0.60 to 0.70
344,547.15,520.82526,0.5813953488372093,-26.324743652343727,26.324743652343727,[*]c1ccc(N2C(=O)c3ccc(Oc4ccc(Oc5ccc6c(c5)C(=O)N(c5ccc([*])cc5OC)C6=O)cc4)cc3C2=O)c(OC)c1,[*]c1ccc2c(c1)C(=O)N(c1ccc(Oc3ccc(Oc4ccc(N5C(=O)c6ccc([*])cc6C5=O)cc4)cc3)cc1)C2=O,0.50 to 0.60
345,206.15,224.02905,0.5833333333333334,17.879052734374994,17.879052734374994,[*]CC(COC(C)C)O[*],[*]CC(COC)O[*],0.50 to 0.60
346,328.15,327.49405,0.6122448979591837,-0.6559509277343523,0.6559509277343523,[*]CCCCC(=O)NCCCP(=O)(CCCNC([*])=O)c1ccccc1,[*]CCCCC(=O)NCCCP(CCCNC([*])=O)c1ccccc1,0.60 to 0.70
347,302.15,333.79343,0.5208333333333334,31.643426513671898,31.643426513671898,[*]CCP(=O)(CCC(=O)NCCCCCCNC([*])=O)c1ccccc1,[*]CCc1ccc(CCC(=O)NCCCCCCNC([*])=O)cc1,0.50 to 0.60
348,316.15,344.38544,0.5227272727272727,28.235437011718773,28.235437011718773,[*]CCP(=S)(CCC(=O)NCCCCCCNC([*])=O)c1ccccc1,[*]CCCCC(=O)NCCCCCCCCCCNC([*])=O,0.50 to 0.60
349,668.15,459.60773,0.6136363636363636,-208.54227294921873,208.54227294921873,[*]Nc1ccc(-c2ccc(NC(=O)c3cccc(C([*])=O)c3)c(S)c2)cc1S,[*]Nc1cccc2c(NC(=O)c3cccc(C([*])=O)c3)cccc12,0.60 to 0.70
350,659.15,490.1875,0.627906976744186,-168.96249999999998,168.96249999999998,[*]Nc1ccc(-c2ccc(NC(=O)c3cccc(C([*])=O)c3)c(O)c2)cc1O,[*]Nc1cccc2c(NC(=O)c3cccc(C([*])=O)c3)cccc12,0.60 to 0.70
351,276.15,338.47952,0.5294117647058824,62.32952270507815,62.32952270507815,[*]CCOC(=O)C(CCCCCCOc1ccc(/N=C/c2ccc([N+](=O)[O-])cc2)cc1)C(=O)OC([*])C,[*]CC([*])C(=O)OCCCCCCOc1ccc(/N=N/c2ccc([N+](=O)[O-])cc2)cc1,0.50 to 0.60
352,410.15,328.46185,0.4285714285714285,-81.68814697265623,81.68814697265623,[*]CC([*])[Si](C)(C)C,[*]CC([*])C[Si](C)(C)C,< 0.50
353,383.15,296.0874,0.5675675675675675,-87.06259765624998,87.06259765624998,[*]OC(=O)CCCCC(=O)O[Sn]([*])(CCCC)CCCC,[*]OC(=O)C=CC(=O)O[Sn]([*])(CCCC)CCCC,0.50 to 0.60
354,373.15,483.1352,0.7659574468085106,109.98519287109377,109.98519287109377,[*]Oc1cccc(Oc2ccc(C(=O)O)c(C(=O)Nc3ccc(Oc4ccc(-c5ccc(Oc6ccc(NC(=O)c7cc([*])ccc7C(=O)O)cc6)cc5)cc4)cc3)c2)c1,[*]Oc1ccc(C(=O)O)c(C(=O)Nc2ccc(NC(=O)c3cc([*])ccc3C(=O)O)cc2)c1,0.70 to 0.80
355,493.15,519.91205,0.5172413793103449,26.762048339843773,26.762048339843773,[*]c1ccc(Oc2ccc(-c3nnc(-c4ccc(Oc5ccc(C([*])(C(F)(F)F)C(F)(F)F)cc5)c5ccccc45)o3)c3ccccc23)cc1,[*]Oc1ccc(C=Cc2ccc(Oc3ccc(-c4nnc(-c5ccc([*])c6ccccc56)o4)c4ccccc34)cc2)cc1,0.50 to 0.60
356,290.15,311.1661,0.5641025641025641,21.016107177734398,21.016107177734398,[*]NC(CCC(=O)OCc1ccccc1)C([*])=O,[*]NC(CCC(=O)OCC)C([*])=O,0.50 to 0.60
357,299.72,343.11655,0.5,43.39654663085935,43.39654663085935,[*]NC(CCC(=O)OCc1ccc(C(F)(F)F)cc1)C([*])=O,[*]NC(CCC(=O)OCC)C([*])=O,0.50 to 0.60
358,320.05,326.33197,0.5365853658536586,6.281970214843739,6.281970214843739,[*]NC(CCC(=O)OCc1ccc(F)cc1)C([*])=O,[*]NC(CCC(=O)OCC)C([*])=O,0.50 to 0.60
359,326.3,322.569,0.4888888888888889,-3.7309997558593864,3.7309997558593864,[*]NC(CCC(=O)OCc1ccc([N+](=O)[O-])cc1)C([*])=O,[*]NC(CCC(=O)OCC)C([*])=O,< 0.50
360,268.15,339.02194,0.6551724137931034,70.8719421386719,70.8719421386719,[*]N=P([*])(Cl)Oc1ccc(C)cc1,[*]N=P([*])(Oc1ccc(C)cc1)Oc1ccc(C)cc1,0.60 to 0.70
361,263.325,293.90988,0.4285714285714285,30.584881591796886,30.584881591796886,[*]CC([*])(Cl)Cl,[*]CC([*])(C)C,< 0.50
362,503.15,494.13455,0.603448275862069,-9.015447998046852,9.015447998046852,[*]c1ccc(Oc2ccc(-c3ccc(Oc4ccc(-c5nc(-c6ccccn6)nnc5[*])cc4)cc3)cc2)cc1,[*]C(=O)c1cccc(C(=O)c2ccc(Oc3ccc(-c4nnc(-c5ccccn5)nc4-c4ccc(Oc5ccc([*])cc5)cc4)cc3)cc2)c1,0.60 to 0.70
363,496.15,486.93857,0.8333333333333334,-9.211431884765602,9.211431884765602,[*]C(=O)c1ccc(Oc2ccc(-c3nc(-c4ccccn4)nnc3-c3ccc(Oc4ccc([*])cc4)cc3)cc2)cc1,[*]C(=O)c1cccc(C(=O)c2ccc(Oc3ccc(-c4nnc(-c5ccccn5)nc4-c4ccc(Oc5ccc([*])cc5)cc4)cc3)cc2)c1,>= 0.80
364,497.15,495.54346,0.59375,-1.6065429687499773,1.6065429687499773,[*]c1ccc(Oc2ccc(-c3nnc(-c4ccccn4)nc3-c3ccc(Oc4ccc(C([*])(C(F)(F)F)C(F)(F)F)cc4)cc3)cc2)cc1,[*]C(=O)c1cccc(C(=O)c2ccc(Oc3ccc(-c4nnc(-c5ccccn5)nc4-c4ccc(Oc5ccc([*])cc5)cc4)cc3)cc2)c1,0.50 to 0.60
365,493.15,476.8206,0.6129032258064516,-16.329412841796852,16.329412841796852,[*]c1ccc(Oc2ccc(-c3nnc(-c4ccccn4)nc3-c3ccc(Oc4ccc(C([*])(C)C)cc4)cc3)cc2)cc1,[*]C(=O)c1cccc(C(=O)c2ccc(Oc3ccc(-c4nnc(-c5ccccn5)nc4-c4ccc(Oc5ccc([*])cc5)cc4)cc3)cc2)c1,0.60 to 0.70
366,505.15,505.7629,0.6031746031746031,0.6129089355468977,0.6129089355468977,[*]c1ccc(Oc2ccc(-c3nnc(-c4ccccn4)nc3-c3ccc(Oc4ccc(C([*])(C)c5ccccc5)cc4)cc3)cc2)cc1,[*]C(=O)c1cccc(C(=O)c2ccc(Oc3ccc(-c4nnc(-c5ccccn5)nc4-c4ccc(Oc5ccc([*])cc5)cc4)cc3)cc2)c1,0.60 to 0.70
367,538.15,498.93442,0.639344262295082,-39.2155822753906,39.2155822753906,[*]c1ccc(Oc2ccc(-c3nnc(-c4ccccn4)nc3-c3ccc(Oc4ccc(S([*])(=O)=O)cc4)cc3)cc2)cc1,[*]C(=O)c1cccc(C(=O)c2ccc(Oc3ccc(-c4nnc(-c5ccccn5)nc4-c4ccc(Oc5ccc([*])cc5)cc4)cc3)cc2)c1,0.60 to 0.70
368,550.15,526.19495,0.5454545454545454,-23.955053710937477,23.955053710937477,[*]c1ccc(Oc2ccc(C3(c4ccc(Oc5ccc(-c6nc(-c7ccccn7)nnc6[*])cc5)cc4)c4ccccc4-c4ccccc43)cc2)cc1,[*]c1ccc(Oc2ccc(C3(c4ccc(Oc5ccc(-c6nnc([*])c7c(-c8ccc(F)cc8)c(-c8ccc(F)cc8)c(-c8ccc(F)cc8)c(-c8ccc(F)cc8)c67)cc5)cc4)c4ccccc4-c4ccccc43)cc2)cc1,0.50 to 0.60
369,520.15,518.2644,0.7142857142857143,-1.8855957031249773,1.8855957031249773,[*]c1ccc(Oc2ccc(S(=O)(=O)c3ccc(Oc4ccc(C5([*])OC(=O)c6ccccc65)cc4)cc3)cc2)cc1,[*]c1ccc(Oc2ccc(C(=O)c3ccc(Oc4ccc(C5([*])OC(=O)c6ccccc65)cc4)cc3)cc2)cc1,0.70 to 0.80
370,488.15,501.51324,0.6981132075471698,13.363244628906273,13.363244628906273,[*]c1ccc(Oc2c(F)c(F)c(C(=O)c3c(F)c(F)c(Oc4ccc(C5([*])OC(=O)c6ccccc65)cc4)c(F)c3F)c(F)c2F)cc1,[*]c1ccc(Oc2ccc(C(=O)c3ccc(Oc4ccc(C5([*])OC(=O)c6ccccc65)cc4)cc3)cc2)cc1,0.60 to 0.70
371,471.15,524.45734,0.6862745098039216,53.30733642578127,53.30733642578127,[*]c1ccc(Oc2ccc(Oc3ccc(-c4ccc(Oc5ccc(Oc6ccc(C7([*])OC(=O)c8ccccc87)cc6)cc5)c5ccccc45)c4ccccc34)cc2)cc1,[*]c1ccc(Oc2ccc(C(=O)c3ccc(Oc4ccc(C5([*])OC(=O)c6ccccc65)cc4)cc3)cc2)cc1,0.60 to 0.70
372,518.15,516.77826,0.6721311475409836,-1.3717407226562273,1.3717407226562273,[*]c1ccc(Oc2ccc(S(=O)(=O)c3ccc(Oc4ccc(C5([*])OC(=O)c6ccccc65)cc4C)cc3)cc2)c(C)c1,[*]c1cc(C)c(Oc2ccc(S(=O)(=O)c3ccc(Oc4cc(C)c(C5([*])OC(=O)c6ccccc65)cc4C)cc3)cc2)cc1C,0.60 to 0.70
373,347.15,388.98578,0.3661971830985915,41.83577880859377,41.83577880859377,[*]OC(COC(=O)C1=C(C(=O)OCC(COC(=O)C2=C(c3ccccc3)C3C=CC2C3)OC(=O)c2ccc(C([*])=O)cc2)C2C=CC1C2)COC(=O)C1=C(c2ccccc2)C2C=CC1C2,[*]CC(COC(=O)c1ccc(N2C(=O)C3C4C=CC(C4)C3C2=O)cc1)O[*],< 0.50
374,345.15,338.6487,0.421875,-6.501287841796852,6.501287841796852,[*]OC(CCl)COC(=O)C1=C(C(=O)OCC(CCl)OC(=O)c2ccc(C([*])=O)cc2)C2C=CC1C2,[*]CC(COC(=O)c1ccc(N2C(=O)C3C4C=CC(C4)C3C2=O)cc1)O[*],< 0.50
375,420.15,465.50507,0.4324324324324324,45.35506591796877,45.35506591796877,[*]C=Cc1ccc(-c2nnc(-c3ccc(C=Cc4ccc5c(c4)c4cc([*])ccc4n5CCCCCCCC)cc3)n2-c2ccccc2)cc1,[*]c1ccc2c(c1)C(CCCCCC)(CCCCCC)c1cc(-c3ccc4c(c3)c3cc([*])ccc3n4-c3ccccc3)ccc1-2,< 0.50
376,430.15,429.6827,0.4594594594594595,-0.46729125976560226,0.46729125976560226,[*]C=Cc1ccc(-c2nnc(-c3ccc(/C=C/c4ccc5c(c4)c4cc(-c6ccc7c(c6)c6cc([*])ccc6n7CCCCCCCC)ccc4n5CCCCCCCC)cc3)n2-c2ccccc2)cc1,[*]c1ccc2c(c1)C(CCCCCC)(CCCCCC)c1cc(-c3ccc4c(c3)c3cc([*])ccc3n4-c3ccccc3)ccc1-2,< 0.50
377,383.15,423.76843,0.5833333333333334,40.61843261718752,40.61843261718752,[*]CC([*])(C)C(=O)Oc1c(Cl)c(Cl)c(Cl)c(Cl)c1Cl,[*]CC([*])(C)C(=O)Oc1c(C)cccc1C,0.50 to 0.60
378,270.65,311.87448,0.4333333333333333,41.2244812011719,41.2244812011719,[*]CC(S[*])c1ccccc1,[*]CSSC([*])c1ccccc1,< 0.50
379,401.15,419.17715,0.4888888888888889,18.027154541015648,18.027154541015648,[*]COC(=O)OC1C([*])OC2OC(C)(C)OC21,[*]COC(=O)OCC1OC(C)(C)OC1[*],< 0.50
380,282.65,280.833,0.5641025641025641,-1.8169921874999773,1.8169921874999773,[*]OCCOCCOCCOCCOC(=O)OC1COC2C(OC([*])=O)COC12,[*]OC1COC2C(OC([*])=O)COC12,0.50 to 0.60
381,351.65,329.36487,0.55,-22.285131835937477,22.285131835937477,[*]OCC(O)C(O)COC(=O)OC1COC2C(OC([*])=O)COC12,[*]OC1COC2C(OC([*])=O)COC12,0.50 to 0.60
382,279.65,284.6936,0.5952380952380952,5.043603515625023,5.043603515625023,[*]OCCCCCCCCCCOC(=O)OC1COC2C(OC([*])=O)COC12,[*]OCCCCCCCOC(=O)OC1CCC(OC([*])=O)CC1,0.50 to 0.60
383,292.65,280.89984,0.5952380952380952,-11.750158691406227,11.750158691406227,[*]OCCCCCCCCOC(=O)OC1COC2C(OC([*])=O)COC12,[*]OCCCCCCCOC(=O)OC1CCC(OC([*])=O)CC1,0.50 to 0.60
384,300.65,285.45578,0.5952380952380952,-15.194219970703102,15.194219970703102,[*]OCCCCCCOC(=O)OC1COC2C(OC([*])=O)COC12,[*]OCCCCCCCOC(=O)OC1CCC(OC([*])=O)CC1,0.50 to 0.60
385,322.15,296.87436,0.5853658536585366,-25.275640869140602,25.275640869140602,[*]OCCCCOC(=O)OC1COC2C(OC([*])=O)COC12,[*]OCCCCOC(=O)OC1CCC(OC([*])=O)CC1,0.50 to 0.60
386,319.65,282.74744,0.5641025641025641,-36.90256347656248,36.90256347656248,[*]OCCOCCOC(=O)OC1COC2C(OC([*])=O)COC12,[*]OC1COC2C(OC([*])=O)COC12,0.50 to 0.60
387,290.15,278.08603,0.5641025641025641,-12.063970947265602,12.063970947265602,[*]OCCOCCOCCOC(=O)OC1COC2C(OC([*])=O)COC12,[*]OC1COC2C(OC([*])=O)COC12,0.50 to 0.60
388,569.15,504.27533,0.6346153846153846,-64.87467041015623,64.87467041015623,[*]Nc1ccc(Oc2ccc(NC(=O)c3ccc4c(c3)C(=O)N(c3ccc(C([*])=O)cc3)C4=O)cc2)cc1,[*]C(=O)c1ccc2c(c1)C(=O)N(c1ccc(Oc3ccc([*])cc3)cc1)C2=O,0.60 to 0.70
389,535.15,498.9174,0.8958333333333334,-36.23261108398435,36.23261108398435,[*]CN1C(=O)c2ccc(C(=O)Nc3ccc(Oc4ccc(NC([*])=O)cc4)cc3)cc2C1=O,[*]CN1C(=O)c2ccc(C(=O)Nc3ccc(Oc4cccc(Oc5ccc(NC([*])=O)cc5)c4)cc3)cc2C1=O,>= 0.80
390,515.15,503.62607,0.8958333333333334,-11.523931884765602,11.523931884765602,[*]CN1C(=O)c2ccc(C(=O)Nc3ccc(Oc4ccc(Oc5ccc(NC([*])=O)cc5)cc4)cc3)cc2C1=O,[*]CN1C(=O)c2ccc(C(=O)Nc3ccc(Oc4cccc(Oc5ccc(NC([*])=O)cc5)c4)cc3)cc2C1=O,>= 0.80
391,503.15,535.8913,0.7413793103448276,32.74129638671877,32.74129638671877,[*]Nc1ccc(-c2ccc(N3C(=O)c4ccc(-c5ccc6c(c5)C(=O)N(c5ccc(-c7ccc(NC(=O)c8cccc(C([*])=O)c8)cc7)cc5)C6=O)cc4C3=O)cc2)cc1,[*]Nc1ccc(NC(=O)c2cccc(N3C(=O)c4cccc(-c5ccc6c(c5)C(=O)N(c5cccc(C([*])=O)c5)C6=O)c4C3=O)c2)cc1,0.70 to 0.80
392,511.15,533.6884,0.7592592592592593,22.538415527343773,22.538415527343773,[*]Nc1ccc(-c2ccc(N3C(=O)c4ccc(C(=O)c5ccc6c(c5)C(=O)N(c5ccc(-c7ccc(NC(=O)c8cccc(C([*])=O)c8)cc7)cc5)C6=O)cc4C3=O)cc2)cc1,[*]Nc1ccc(N2C(=O)c3ccc(C(=O)c4ccc5c(c4)C(=O)N(c4cccc(C([*])=O)c4)C5=O)cc3C2=O)cc1,0.70 to 0.80
393,506.15,529.4863,0.65625,23.336328125000023,23.336328125000023,[*]Nc1ccc(-c2ccc(N3C(=O)c4ccc(Oc5ccc6c(c5)C(=O)N(c5ccc(-c7ccc(NC(=O)c8cccc(C([*])=O)c8)cc7)cc5)C6=O)cc4C3=O)cc2)cc1,[*]Nc1ccc(NC(=O)c2cccc(N3C(=O)c4cccc(-c5ccc6c(c5)C(=O)N(c5cccc(C([*])=O)c5)C6=O)c4C3=O)c2)cc1,0.60 to 0.70
394,588.15,540.9126,0.6578947368421053,-47.23740234374998,47.23740234374998,[*]Nc1ccc(-c2ccc(NC(=O)c3ccc4c(c3)C(=O)N(c3ccc(Oc5ccc(N6C(=O)c7ccc(C([*])=O)cc7C6=O)cc5)cc3)C4=O)cc2)cc1,[*]Nc1ccc(Oc2ccc3nc(-c4ccccc4)c(-c4ccc(-c5ccc(-c6nc7cc(Oc8ccc(NC(=O)c9ccc%10c(c9)C(=O)N(c9ccc(C(c%11ccc(N%12C(=O)c%13ccc(C([*])=O)cc%13C%12=O)cc%11)(C(F)(F)F)C(F)(F)F)cc9)C%10=O)cc8)ccc7nc6-c6ccccc6)cc5)cc4)nc3c2)cc1,0.60 to 0.70
395,631.15,542.97534,0.6470588235294118,-88.17465820312498,88.17465820312498,[*]Nc1ccc(-c2ccc(NC(=O)c3ccc4c(c3)C(=O)N(c3ccc(Oc5ccc(N6C(=O)c7ccc(C([*])=O)cc7C6=O)cc5-c5ccccc5)c(-c5ccccc5)c3)C4=O)cc2)cc1,[*]Nc1ccc(C(=O)c2ccc(NC(=O)c3ccc4c(c3)C(=O)N(c3cccc(P(=O)(c5ccccc5)c5cccc(N6C(=O)c7ccc(C([*])=O)cc7C6=O)c5)c3)C4=O)cc2)cc1,0.60 to 0.70
396,574.15,537.87085,0.6301369863013698,-36.27915039062498,36.27915039062498,[*]Nc1ccc(-c2ccc(NC(=O)c3ccc4c(c3)C(=O)N(c3ccc(Oc5cccc6c(N7C(=O)c8ccc(C([*])=O)cc8C7=O)cccc56)cc3)C4=O)cc2)cc1,[*]Nc1ccc(C(c2ccc(NC(=O)c3ccc4c(c3)C(=O)N(c3cccc5c(N6C(=O)c7ccc(C([*])=O)cc7C6=O)cccc35)C4=O)cc2)(C(F)(F)F)C(F)(F)F)cc1,0.60 to 0.70
397,643.15,558.8427,0.78125,-84.30728759765623,84.30728759765623,[*]Nc1ccc(-c2ccc(NC(=O)c3ccc4c(c3)C(=O)N(c3ccc(S(=O)(=O)c5ccc(N6C(=O)c7ccc(C([*])=O)cc7C6=O)cc5)cc3)C4=O)cc2)cc1,[*]Nc1ccc(S(=O)(=O)c2ccc(NC(=O)c3ccc4c(c3)C(=O)N(c3ccc(-c5sc(-c6ccc(N7C(=O)c8ccc(C([*])=O)cc8C7=O)cc6)c(-c6ccccc6)c5-c5ccccc5)cc3)C4=O)cc2)cc1,0.70 to 0.80
398,526.15,512.8702,0.912280701754386,-13.279821777343727,13.279821777343727,[*]Nc1ccc(-c2ccc(NC(=O)c3ccc4c(c3)C(=O)N(c3cccc(P(=O)(c5ccccc5)c5cccc(N6C(=O)c7ccc(C([*])=O)cc7C6=O)c5)c3)C4=O)cc2)cc1,[*]Nc1ccc(C(=O)c2ccc(NC(=O)c3ccc4c(c3)C(=O)N(c3cccc(P(=O)(c5ccccc5)c5cccc(N6C(=O)c7ccc(C([*])=O)cc7C6=O)c5)c3)C4=O)cc2)cc1,>= 0.80
399,611.15,565.69684,0.9032258064516128,-45.45316162109373,45.45316162109373,[*]Nc1ccc(-c2sc(-c3ccc(NC(=O)c4ccc5c(c4)C(=O)N(c4ccc(-c6sc(-c7ccc(N8C(=O)c9ccc(C([*])=O)cc9C8=O)cc7)c(-c7ccccc7)c6-c6ccccc6)cc4)C5=O)cc3)c(-c3ccccc3)c2-c2ccccc2)cc1,[*]Nc1ccc(Cc2ccc(NC(=O)c3ccc4c(c3)C(=O)N(c3ccc(-c5sc(-c6ccc(N7C(=O)c8ccc(C([*])=O)cc8C7=O)cc6)c(-c6ccccc6)c5-c5ccccc5)cc3)C4=O)cc2)cc1,>= 0.80
400,584.15,554.49475,0.7567567567567568,-29.655249023437477,29.655249023437477,[*]Nc1ccc(-c2sc(-c3ccc(NC(=O)c4ccc5c(c4)C(=O)N(c4ccc(Oc6ccc7ccc(Oc8ccc(N9C(=O)c%10ccc(C([*])=O)cc%10C9=O)cc8)cc7c6)cc4)C5=O)cc3)c(-c3ccccc3)c2-c2ccccc2)cc1,[*]Nc1ccc(Cc2ccc(NC(=O)c3ccc4c(c3)C(=O)N(c3ccc(-c5sc(-c6ccc(N7C(=O)c8ccc(C([*])=O)cc8C7=O)cc6)c(-c6ccccc6)c5-c5ccccc5)cc3)C4=O)cc2)cc1,0.70 to 0.80
401,613.15,552.22064,0.7466666666666667,-60.92935791015623,60.92935791015623,[*]Nc1ccc(-c2sc(-c3ccc(NC(=O)c4ccc5c(c4)C(=O)N(c4ccc(Oc6cccc7c(Oc8ccc(N9C(=O)c%10ccc(C([*])=O)cc%10C9=O)cc8)cccc67)cc4)C5=O)cc3)c(-c3ccccc3)c2-c2ccccc2)cc1,[*]Nc1ccc(Cc2ccc(NC(=O)c3ccc4c(c3)C(=O)N(c3ccc(-c5sc(-c6ccc(N7C(=O)c8ccc(C([*])=O)cc8C7=O)cc6)c(-c6ccccc6)c5-c5ccccc5)cc3)C4=O)cc2)cc1,0.70 to 0.80
402,347.15,367.38318,0.6792452830188679,20.233178710937523,20.233178710937523,[*]Nc1ccc(C(=O)OCCCCCCCCCCCCOC(=O)c2ccc3c(c2)C(=O)N(c2ccc(C([*])=O)cc2)C3=O)cc1,[*]OCCOC(=O)c1ccc2c(c1)C(=O)N(c1ccc(C([*])=O)cc1)C2=O,0.60 to 0.70
403,375.15,384.8419,0.6792452830188679,9.691888427734398,9.691888427734398,[*]Nc1ccc(C(=O)OCCCCCCCCCCOC(=O)c2ccc3c(c2)C(=O)N(c2ccc(C([*])=O)cc2)C3=O)cc1,[*]OCCOC(=O)c1ccc2c(c1)C(=O)N(c1ccc(C([*])=O)cc1)C2=O,0.60 to 0.70
404,373.15,389.00607,0.6792452830188679,15.856072998046898,15.856072998046898,[*]Nc1ccc(C(=O)OCCCCCCCCCOC(=O)c2ccc3c(c2)C(=O)N(c2ccc(C([*])=O)cc2)C3=O)cc1,[*]OCCOC(=O)c1ccc2c(c1)C(=O)N(c1ccc(C([*])=O)cc1)C2=O,0.60 to 0.70
405,378.15,395.1542,0.6792452830188679,17.004205322265648,17.004205322265648,[*]Nc1ccc(C(=O)OCCCCCCCCOC(=O)c2ccc3c(c2)C(=O)N(c2ccc(C([*])=O)cc2)C3=O)cc1,[*]OCCOC(=O)c1ccc2c(c1)C(=O)N(c1ccc(C([*])=O)cc1)C2=O,0.60 to 0.70
406,379.15,406.5235,0.6792452830188679,27.373498535156273,27.373498535156273,[*]Nc1ccc(C(=O)OCCCCCCCOC(=O)c2ccc3c(c2)C(=O)N(c2ccc(C([*])=O)cc2)C3=O)cc1,[*]OCCOC(=O)c1ccc2c(c1)C(=O)N(c1ccc(C([*])=O)cc1)C2=O,0.60 to 0.70
407,380.15,408.43787,0.6792452830188679,28.287866210937523,28.287866210937523,[*]Nc1ccc(C(=O)OCCCCCCOC(=O)c2ccc3c(c2)C(=O)N(c2ccc(C([*])=O)cc2)C3=O)cc1,[*]OCCOC(=O)c1ccc2c(c1)C(=O)N(c1ccc(C([*])=O)cc1)C2=O,0.60 to 0.70
408,402.15,418.9461,0.6792452830188679,16.796105957031273,16.796105957031273,[*]Nc1ccc(C(=O)OCCCCCOC(=O)c2ccc3c(c2)C(=O)N(c2ccc(C([*])=O)cc2)C3=O)cc1,[*]OCCOC(=O)c1ccc2c(c1)C(=O)N(c1ccc(C([*])=O)cc1)C2=O,0.60 to 0.70
409,403.15,421.93814,0.6923076923076923,18.788140869140648,18.788140869140648,[*]Nc1ccc(C(=O)OCCCCOC(=O)c2ccc3c(c2)C(=O)N(c2ccc(C([*])=O)cc2)C3=O)cc1,[*]OCCOC(=O)c1ccc2c(c1)C(=O)N(c1ccc(C([*])=O)cc1)C2=O,0.60 to 0.70
410,460.15,472.51483,0.8536585365853658,12.364831542968773,12.364831542968773,[*]Nc1ccc(C(=O)c2ccc(Oc3ccc(C(=O)c4ccc(NC(=O)c5ccc(C([*])=O)cc5)cc4)cc3)cc2)cc1,[*]Nc1ccc(C(=O)c2ccc(Oc3cccc(Oc4ccc(C(=O)c5ccc(NC(=O)c6ccc(C([*])=O)cc6)cc5)cc4)c3)cc2)cc1,>= 0.80
411,497.15,477.7997,0.8536585365853658,-19.350286865234352,19.350286865234352,[*]Nc1ccc(C(=O)c2ccc(Oc3ccc(Oc4ccc(C(=O)c5ccc(NC(=O)c6ccc(C([*])=O)cc6)cc5)cc4)cc3)cc2)cc1,[*]Nc1ccc(C(=O)c2ccc(Oc3cccc(Oc4ccc(C(=O)c5ccc(NC(=O)c6ccc(C([*])=O)cc6)cc5)cc4)c3)cc2)cc1,>= 0.80
412,624.15,545.623,0.8275862068965517,-78.52701416015623,78.52701416015623,[*]Nc1ccc(C(c2ccc(NC(=O)c3ccc(N4C(=O)c5ccc(C(c6ccc7c(c6)C(=O)N(c6ccc(C([*])=O)cc6)C7=O)(C(F)(F)F)C(F)(F)F)cc5C4=O)cc3)cc2)(C(F)(F)F)C(F)(F)F)cc1,[*]Nc1ccc(NC(=O)c2cccc(N3C(=O)c4ccc(C(c5ccc6c(c5)C(=O)N(c5cccc(C(=O)Nc7ccc(C([*])=O)cc7)c5)C6=O)(C(F)(F)F)C(F)(F)F)cc4C3=O)c2)cc1,>= 0.80
413,565.15,542.4122,0.7375,-22.737829589843727,22.737829589843727,[*]Nc1ccc(C(c2ccc(NC(=O)c3ccc4c(c3)C(=O)N(c3ccc(Oc5ccc6ccc(Oc7ccc(N8C(=O)c9ccc(C([*])=O)cc9C8=O)cc7)cc6c5)cc3)C4=O)cc2)(C(F)(F)F)C(F)(F)F)cc1,[*]Nc1ccc(Oc2ccc3nc(-c4ccccc4)c(-c4ccc(-c5ccc(-c6nc7cc(Oc8ccc(NC(=O)c9ccc%10c(c9)C(=O)N(c9ccc(C(c%11ccc(N%12C(=O)c%13ccc(C([*])=O)cc%13C%12=O)cc%11)(C(F)(F)F)C(F)(F)F)cc9)C%10=O)cc8)ccc7nc6-c6ccccc6)cc5)cc4)nc3c2)cc1,0.70 to 0.80
414,556.15,549.7539,0.7671232876712328,-6.396093749999977,6.396093749999977,[*]Nc1ccc(C(c2ccc(NC(=O)c3ccc4c(c3)C(=O)N(c3ccc(Oc5cccc6c(Oc7ccc(N8C(=O)c9ccc(C([*])=O)cc9C8=O)cc7)cccc56)cc3)C4=O)cc2)(C(F)(F)F)C(F)(F)F)cc1,[*]Nc1ccc(Oc2ccccc2Oc2ccc(NC(=O)c3cccc(N4C(=O)c5ccc(C(c6ccc7c(c6)C(=O)N(c6cccc(C([*])=O)c6)C7=O)(C(F)(F)F)C(F)(F)F)cc5C4=O)c3)cc2)cc1,0.70 to 0.80
415,513.15,513.5622,0.8125,0.41219482421877274,0.41219482421877274,[*]Nc1ccc(C2(c3ccc(NC(=O)c4ccc5c(c4)C(=O)N(c4ccc(Oc6ccc(N7C(=O)c8ccc(C([*])=O)cc8C7=O)cc6)cc4)C5=O)cc3)c3ccccc3-c3ccccc32)cc1,[*]Nc1ccc(C2(c3ccc(NC(=O)c4ccc5c(c4)C(=O)N(c4cccc(N6C(=O)c7ccc(C([*])=O)cc7C6=O)c4)C5=O)cc3)c3ccccc3-c3ccccc32)cc1,>= 0.80
416,551.15,550.8435,0.7910447761194029,-0.30649414062497726,0.30649414062497726,[*]Nc1ccc(C2(c3ccc(NC(=O)c4ccc5c(c4)C(=O)N(c4ccc(Oc6cccc(Oc7ccc(N8C(=O)c9ccc(C([*])=O)cc9C8=O)cc7)c6)cc4)C5=O)cc3)c3ccccc3-c3ccccc32)cc1,[*]Nc1ccc(C2(c3ccc(NC(=O)c4ccc5c(c4)C(=O)N(c4cccc(N6C(=O)c7ccc(C([*])=O)cc7C6=O)c4)C5=O)cc3)c3ccccc3-c3ccccc32)cc1,0.70 to 0.80
417,571.15,542.4312,0.7536231884057971,-28.718786621093727,28.718786621093727,[*]Nc1ccc(C2(c3ccc(NC(=O)c4ccc5c(c4)C(=O)N(c4ccc(Sc6ccc(Oc7ccc(Sc8ccc(N9C(=O)c%10ccc(C([*])=O)cc%10C9=O)cc8)cc7)cc6)cc4)C5=O)cc3)c3ccccc3-c3ccccc32)cc1,[*]Nc1ccc(C2(c3ccc(NC(=O)c4ccc5c(c4)C(=O)N(c4cccc(N6C(=O)c7ccc(C([*])=O)cc7C6=O)c4)C5=O)cc3)c3ccccc3-c3ccccc32)cc1,0.70 to 0.80
418,552.65,515.58496,0.7391304347826086,-37.06503906249998,37.06503906249998,[*]Nc1ccc(Cc2ccc(N3C(=O)c4ccc(C([*])=O)cc4C3=O)cc2)cc1,[*]C(=O)c1ccc2c(c1)C(=O)N(c1ccc(Cc3ccc(Cc4ccc(Cc5ccc(N6C(=O)c7ccc([*])cc7C6=O)cc5)cc4)cc3)cc1)C2=O,0.70 to 0.80
419,523.15,521.5521,0.6949152542372882,-1.5978759765624773,1.5978759765624773,[*]Nc1ccc(Cc2ccc(N3C(=O)c4ccc(Oc5ccc(C([*])=O)cc5)cc4C3=O)cc2)cc1,[*]Nc1ccc(Cc2ccc(N3C(=O)c4cccc(Oc5ccc(C([*])=O)cc5)c4C3=O)cc2)cc1,0.60 to 0.70
420,516.15,525.78485,0.6909090909090909,9.634851074218773,9.634851074218773,[*]Nc1ccc(Cc2ccc(N3C(=O)c4ccc(Oc5cccc(C([*])=O)c5)cc4C3=O)cc2)cc1,[*]C(=O)c1cccc(Oc2ccc3c(c2)C(=O)N(c2ccc(Oc4ccc(N5C(=O)c6ccc(Oc7ccc([*])cc7)cc6C5=O)cc4)cc2)C3=O)c1,0.60 to 0.70
421,502.15,488.74924,0.6060606060606061,-13.400762939453102,13.400762939453102,[*]Nc1ccc(Cc2ccc(NC(=O)Nc3ccc(C(=O)Nc4ccc(Oc5ccc(NC(=O)c6ccc(N7C(=O)c8ccc(C(=O)c9ccc%10c(c9)C(=O)N(c9ccc(C(=O)Nc%11ccc(Oc%12ccc(NC(=O)c%13ccc(NC([*])=O)cc%13)cc%12)cc%11)cc9)C%10=O)cc8C7=O)cc6)cc5)cc4)cc3)cc2)cc1,[*]C(=O)c1ccc2c(c1)C(=O)N(c1ccc(Cc3ccc(N4C(=O)c5ccc(C(=O)c6ccc(Oc7ccc(Oc8ccc([*])cc8)cc7)cc6)cc5C4=O)cc3)cc1)C2=O,0.60 to 0.70
422,495.15,530.1203,0.7301587301587301,34.97030029296877,34.97030029296877,[*]Nc1ccc(Cc2ccc(NC(=O)c3ccc4c(c3)C(=O)N(c3ccc(C([*])=O)cc3)C4=O)cc2)cc1,[*]Nc1ccc(Cc2ccc(NC(=O)c3ccc4c(c3)C(=O)N(c3ccc(-c5sc(-c6ccc(N7C(=O)c8ccc(C([*])=O)cc8C7=O)cc6)c(-c6ccccc6)c5-c5ccccc5)cc3)C4=O)cc2)cc1,0.70 to 0.80
423,543.15,536.3689,0.6911764705882353,-6.781103515624977,6.781103515624977,[*]Nc1ccc(Cc2ccc(NC(=O)c3ccc4c(c3)C(=O)N(c3ccc(Oc5ccc(N6C(=O)c7ccc(C([*])=O)cc7C6=O)cc5)cc3)C4=O)cc2)cc1,[*]Nc1ccc(Cc2ccc(NC(=O)c3ccc4c(c3)C(=O)N(c3ccc(-c5sc(-c6ccc(N7C(=O)c8ccc(C([*])=O)cc8C7=O)cc6)c(-c6ccccc6)c5-c5ccccc5)cc3)C4=O)cc2)cc1,0.60 to 0.70
424,546.15,529.9274,0.6351351351351351,-16.222570800781227,16.222570800781227,[*]Nc1ccc(Cc2ccc(NC(=O)c3ccc4c(c3)C(=O)N(c3ccc(Oc5ccc6ccc(Oc7ccc(N8C(=O)c9ccc(C([*])=O)cc9C8=O)cc7)cc6c5)cc3)C4=O)cc2)cc1,[*]Nc1ccc(Cc2ccc(NC(=O)c3ccc4c(c3)C(=O)N(c3ccc(-c5sc(-c6ccc(N7C(=O)c8ccc(C([*])=O)cc8C7=O)cc6)c(-c6ccccc6)c5-c5ccccc5)cc3)C4=O)cc2)cc1,0.60 to 0.70
425,597.15,540.2371,0.6956521739130435,-56.91287841796873,56.91287841796873,[*]Nc1ccc(Cc2ccc(NC(=O)c3ccc4c(c3)C(=O)N(c3ccc(S(=O)(=O)c5ccc(N6C(=O)c7ccc(C([*])=O)cc7C6=O)cc5)cc3)C4=O)cc2)cc1,[*]Nc1ccc(S(=O)(=O)c2ccc(NC(=O)c3ccc4c(c3)C(=O)N(c3ccc(-c5sc(-c6ccc(N7C(=O)c8ccc(C([*])=O)cc8C7=O)cc6)c(-c6ccccc6)c5-c5ccccc5)cc3)C4=O)cc2)cc1,0.60 to 0.70
426,608.15,553.4621,0.673469387755102,-54.68790283203123,54.68790283203123,[*]Nc1ccc(N2C(=O)c3ccc(-c4ccc5c(c4)C(=O)N(c4ccc(C([*])=O)cc4)C5=O)cc3C2=O)cc1,[*]Nc1ccc(N2C(=O)c3ccc(C(=O)c4ccc5c(c4)C(=O)N(c4cccc(C([*])=O)c4)C5=O)cc3C2=O)cc1,0.60 to 0.70
427,506.15,559.2815,0.6153846153846154,53.13149414062502,53.13149414062502,[*]Nc1ccc(N2C(=O)c3ccc(C(=O)Nc4ccc(-c5ccc(NC(=O)c6ccc7c(c6)C(=O)N(c6ccc(NC([*])=O)cc6)C7=O)cc5)cc4)cc3C2=O)cc1,[*]Nc1ccc(Cc2ccc(NC(=O)c3ccc4c(c3)C(=O)N(c3ccc(-c5sc(-c6ccc(N7C(=O)c8ccc(C([*])=O)cc8C7=O)cc6)c(-c6ccccc6)c5-c5ccccc5)cc3)C4=O)cc2)cc1,0.60 to 0.70
428,485.15,562.2176,0.6610169491525424,77.06759033203127,77.06759033203127,[*]Nc1ccc(N2C(=O)c3ccc(C(=O)Nc4ccc(C(=O)c5ccc(NC(=O)c6ccc7c(c6)C(=O)N(c6ccc(NC([*])=O)cc6)C7=O)cc5)cc4)cc3C2=O)cc1,[*]Nc1ccc(C(=O)c2ccc(NC(=O)c3ccc4c(c3)C(=O)N(c3cccc(P(=O)(c5ccccc5)c5cccc(N6C(=O)c7ccc(C([*])=O)cc7C6=O)c5)c3)C4=O)cc2)cc1,0.60 to 0.70
429,484.15,558.64813,0.6923076923076923,74.49813232421877,74.49813232421877,[*]Nc1ccc(N2C(=O)c3ccc(C(=O)Nc4ccc(Cc5ccc(NC(=O)c6ccc7c(c6)C(=O)N(c6ccc(NC([*])=O)cc6)C7=O)cc5)cc4)cc3C2=O)cc1,[*]CN1C(=O)c2ccc(C(=O)Nc3ccc(Cc4ccc(NC([*])=O)cc4)cc3)cc2C1=O,0.60 to 0.70
430,489.15,541.62213,0.6382978723404256,52.47213134765627,52.47213134765627,[*]Nc1ccc(N2C(=O)c3ccc(C(=O)Nc4ccc(NC(=O)c5ccc6c(c5)C(=O)N(c5ccc(NC([*])=O)cc5)C6=O)cc4)cc3C2=O)cc1,[*]CN1C(=O)c2ccc(C(=O)Nc3ccc(NC([*])=O)cc3)cc2C1=O,0.60 to 0.70
431,478.15,552.28094,0.6206896551724138,74.13094482421877,74.13094482421877,[*]Nc1ccc(N2C(=O)c3ccc(C(=O)Nc4ccc(Oc5ccc(NC(=O)c6ccc7c(c6)C(=O)N(c6ccc(NC([*])=O)cc6)C7=O)cc5)cc4)cc3C2=O)cc1,[*]CN1C(=O)c2ccc(C(=O)Nc3ccc(Oc4cccc(Oc5ccc(NC([*])=O)cc5)c4)cc3)cc2C1=O,0.60 to 0.70
432,478.15,567.115,0.6923076923076923,88.96499023437502,88.96499023437502,[*]Nc1ccc(N2C(=O)c3ccc(C(=O)Nc4ccc(S(=O)(=O)c5ccc(NC(=O)c6ccc7c(c6)C(=O)N(c6ccc(NC([*])=O)cc6)C7=O)cc5)cc4)cc3C2=O)cc1,[*]Nc1ccc(S(=O)(=O)c2ccc(NC(=O)c3ccc4c(c3)C(=O)N(c3ccc(-c5sc(-c6ccc(N7C(=O)c8ccc(C([*])=O)cc8C7=O)cc6)c(-c6ccccc6)c5-c5ccccc5)cc3)C4=O)cc2)cc1,0.60 to 0.70
433,497.15,552.3824,0.5522388059701493,55.23238525390627,55.23238525390627,[*]Nc1ccc(N2C(=O)c3ccc(C(=O)Nc4ccc5c(c4)Cc4cc(NC(=O)c6ccc7c(c6)C(=O)N(c6ccc(NC([*])=O)cc6)C7=O)ccc4-5)cc3C2=O)cc1,[*]Nc1ccc(C2(c3ccc(NC(=O)c4ccc5c(c4)C(=O)N(c4cccc(N6C(=O)c7ccc(C([*])=O)cc7C6=O)c4)C5=O)cc3)c3ccccc3-c3ccccc32)cc1,0.50 to 0.60
434,573.15,571.0129,0.8222222222222222,-2.1371215820312273,2.1371215820312273,[*]Nc1ccc(N2C(=O)c3ccc(C(=O)c4ccc5c(c4)C(=O)N(c4ccc(C([*])=O)cc4)C5=O)cc3C2=O)cc1,[*]Nc1ccc(N2C(=O)c3ccc(C(=O)c4ccc5c(c4)C(=O)N(c4cccc(C([*])=O)c4)C5=O)cc3C2=O)cc1,>= 0.80
435,520.15,516.7503,0.803921568627451,-3.3996948242187273,3.3996948242187273,[*]Nc1ccc(N2C(=O)c3ccc(C(=O)c4ccc5c(c4)C(=O)N(c4ccc(NC(=O)c6cccc(C([*])=O)c6)cc4)C5=O)cc3C2=O)cc1,[*]Nc1ccc(N2C(=O)c3ccc(C(=O)c4ccc5c(c4)C(=O)N(c4cccc(C([*])=O)c4)C5=O)cc3C2=O)cc1,>= 0.80
436,606.15,586.19543,0.9032258064516128,-19.954565429687477,19.954565429687477,[*]Nc1ccc(NC(=O)c2ccc3c(c2)C(=O)N(c2ccc(-c4sc(-c5ccc(N6C(=O)c7ccc(C([*])=O)cc7C6=O)cc5)c(-c5ccccc5)c4-c4ccccc4)cc2)C3=O)cc1,[*]Nc1ccc(Cc2ccc(NC(=O)c3ccc4c(c3)C(=O)N(c3ccc(-c5sc(-c6ccc(N7C(=O)c8ccc(C([*])=O)cc8C7=O)cc6)c(-c6ccccc6)c5-c5ccccc5)cc3)C4=O)cc2)cc1,>= 0.80
437,570.65,521.1329,0.6666666666666666,-49.51712646484373,49.51712646484373,[*]Nc1ccc(NC(=O)c2ccc3c(c2)C(=O)N(c2ccc(C([*])=O)cc2)C3=O)cc1,[*]Nc1ccc(N2C(=O)c3ccc(C(=O)c4ccc5c(c4)C(=O)N(c4cccc(C([*])=O)c4)C5=O)cc3C2=O)cc1,0.60 to 0.70
438,481.15,554.8099,0.6,73.65987548828127,73.65987548828127,[*]Nc1ccc(NC(=O)c2ccc3c(c2)C(=O)N(c2ccc(NC(=O)Nc4ccc(N5C(=O)c6ccc(C(=O)Nc7ccc(NC([*])=O)cc7)cc6C5=O)cc4)cc2)C3=O)cc1,[*]CN1C(=O)c2ccc(C(=O)Nc3ccc(NC([*])=O)cc3)cc2C1=O,0.60 to 0.70
439,580.15,545.3044,0.6571428571428571,-34.84561767578123,34.84561767578123,[*]Nc1ccc(NC(=O)c2ccc3c(c2)C(=O)N(c2ccc(Oc4cccc5c(N6C(=O)c7ccc(C([*])=O)cc7C6=O)cccc45)cc2)C3=O)cc1,[*]Nc1ccc(C(c2ccc(NC(=O)c3ccc4c(c3)C(=O)N(c3cccc5c(N6C(=O)c7ccc(C([*])=O)cc7C6=O)cccc35)C4=O)cc2)(C(F)(F)F)C(F)(F)F)cc1,0.60 to 0.70
440,641.15,521.56696,0.7619047619047619,-119.58304443359373,119.58304443359373,[*]Nc1ccc(NC(=O)c2ccc3c(c2)C(=O)N(c2ccc(S(=O)(=O)c4ccc(N5C(=O)c6ccc(C([*])=O)cc6C5=O)cc4)cc2)C3=O)cc1,[*]Nc1ccc(S(=O)(=O)c2ccc(NC(=O)c3ccc4c(c3)C(=O)N(c3ccc(-c5sc(-c6ccc(N7C(=O)c8ccc(C([*])=O)cc8C7=O)cc6)c(-c6ccccc6)c5-c5ccccc5)cc3)C4=O)cc2)cc1,0.70 to 0.80
441,614.15,586.31854,0.7857142857142857,-27.831457519531227,27.831457519531227,[*]Nc1ccc(NC(=O)c2ccc3c(c2)C(=O)N(c2cccc(N4C(=O)c5ccc(C([*])=O)cc5C4=O)c2)C3=O)cc1,[*]Nc1ccc(C2(c3ccc(NC(=O)c4ccc5c(c4)C(=O)N(c4cccc(N6C(=O)c7ccc(C([*])=O)cc7C6=O)c4)C5=O)cc3)c3ccccc3-c3ccccc32)cc1,0.70 to 0.80
442,477.15,532.595,0.9454545454545454,55.44497070312502,55.44497070312502,[*]Nc1ccc(NC(=O)c2ccc3c(c2)C(=O)N(c2cccc(P(=O)(c4ccccc4)c4cccc(N5C(=O)c6ccc(C([*])=O)cc6C5=O)c4)c2)C3=O)cc1,[*]Nc1ccc(C(=O)c2ccc(NC(=O)c3ccc4c(c3)C(=O)N(c3cccc(P(=O)(c5ccccc5)c5cccc(N6C(=O)c7ccc(C([*])=O)cc7C6=O)c5)c3)C4=O)cc2)cc1,>= 0.80
443,569.15,537.4813,0.7313432835820896,-31.668676757812477,31.668676757812477,[*]Nc1ccc(Oc2ccc(-c3ccc(Oc4ccc(NC(=O)c5ccc(N6C(=O)c7ccc(C(c8ccc9c(c8)C(=O)N(c8ccc(C([*])=O)cc8)C9=O)(C(F)(F)F)C(F)(F)F)cc7C6=O)cc5)cc4)cc3)cc2)cc1,[*]Nc1ccc(-c2ccc(NC(=O)c3cccc(N4C(=O)c5ccc(C(c6ccc7c(c6)C(=O)N(c6cccc(C([*])=O)c6)C7=O)(C(F)(F)F)C(F)(F)F)cc5C4=O)c3)cc2)cc1,0.70 to 0.80
444,535.15,501.30978,0.6578947368421053,-33.8402160644531,33.8402160644531,[*]Nc1ccc(Oc2ccc(-c3ccc(Oc4ccc(NC(=O)c5ccc6c(c5)C(=O)N(c5ccc(Oc7ccc(N8C(=O)c9ccc(C([*])=O)cc9C8=O)cc7)cc5)C6=O)cc4)cc3)cc2)cc1,[*]Nc1ccc(Oc2ccc3nc(-c4ccccc4)c(-c4ccc(-c5ccc(-c6nc7cc(Oc8ccc(NC(=O)c9ccc%10c(c9)C(=O)N(c9ccc(C(c%11ccc(N%12C(=O)c%13ccc(C([*])=O)cc%13C%12=O)cc%11)(C(F)(F)F)C(F)(F)F)cc9)C%10=O)cc8)ccc7nc6-c6ccccc6)cc5)cc4)nc3c2)cc1,0.60 to 0.70
445,540.15,515.36914,0.7323943661971831,-24.780859374999977,24.780859374999977,[*]Nc1ccc(Oc2ccc(-c3ccc(Oc4ccc(NC(=O)c5ccc6c(c5)C(=O)N(c5ccc(Oc7ccc(S(=O)(=O)c8ccc(Oc9ccc(N%10C(=O)c%11ccc(C([*])=O)cc%11C%10=O)cc9)cc8)cc7)cc5)C6=O)cc4)cc3)cc2)cc1,[*]Nc1ccc(Oc2ccc(S(=O)(=O)c3ccc(Oc4ccc(NC(=O)c5cccc(N6C(=O)c7ccc(-c8cccc9c8C(=O)N(c8cccc(C([*])=O)c8)C9=O)cc7C6=O)c5)cc4)cc3)cc2)cc1,0.70 to 0.80
446,583.15,520.06866,0.6666666666666666,-63.08133544921873,63.08133544921873,[*]Nc1ccc(Oc2ccc(-c3ccc(Oc4ccc(NC(=O)c5ccc6c(c5)C(=O)N(c5ccc(Oc7cccc8c(Oc9ccc(N%10C(=O)c%11ccc(C([*])=O)cc%11C%10=O)cc9)cccc78)cc5)C6=O)cc4)cc3)cc2)cc1,[*]c1ccc(Oc2ccc(NC(=O)c3ccc4c(c3)C(=O)N(c3ccc(Oc5cccc6c(Oc7ccc(N8C(=O)c9ccc(C(=O)Nc%10ccc(Oc%11ccc(C([*])(C)C)cc%11)cc%10)cc9C8=O)cc7)cccc56)cc3)C4=O)cc2)cc1,0.60 to 0.70
447,527.15,516.1671,0.6619718309859155,-10.982885742187477,10.982885742187477,[*]Nc1ccc(Oc2ccc(-c3ccc(Oc4ccc(NC(=O)c5ccc6c(c5)C(=O)N(c5ccc(Oc7ccccc7-c7ccccc7Oc7ccc(N8C(=O)c9ccc(C([*])=O)cc9C8=O)cc7)cc5)C6=O)cc4)cc3)cc2)cc1,[*]c1ccc(Oc2ccc(N3C(=O)c4ccc(C(=O)Nc5ccc(Oc6ccccc6-c6ccccc6Oc6ccc(NC(=O)c7ccc8c(c7)C(=O)N(c7ccc(Oc9ccc(C([*])(C)C)cc9)cc7)C8=O)cc6)cc5)cc4C3=O)cc2)cc1,0.60 to 0.70
448,565.15,530.56744,0.7,-34.58255615234373,34.58255615234373,[*]Nc1ccc(Oc2ccc(-c3ccc(Oc4ccc(NC(=O)c5ccc6c(c5)C(=O)N(c5cccc(N7C(=O)c8ccc(C([*])=O)cc8C7=O)c5)C6=O)cc4)cc3)cc2)cc1,[*]Nc1ccc(Oc2ccc(S(=O)(=O)c3ccc(Oc4ccc(NC(=O)c5cccc(N6C(=O)c7ccc(-c8cccc9c8C(=O)N(c8cccc(C([*])=O)c8)C9=O)cc7C6=O)c5)cc4)cc3)cc2)cc1,0.70 to 0.80
449,543.15,524.53876,0.7647058823529411,-18.611242675781227,18.611242675781227,[*]Nc1ccc(Oc2ccc(-c3ccc(Oc4ccc(NC(=O)c5cccc(N6C(=O)c7ccc(-c8ccc9c(c8)C(=O)N(c8cccc(C([*])=O)c8)C9=O)cc7C6=O)c5)cc4)cc3)cc2)cc1,[*]Nc1ccc(Oc2ccc(S(=O)(=O)c3ccc(Oc4ccc(NC(=O)c5cccc(N6C(=O)c7ccc(-c8cccc9c8C(=O)N(c8cccc(C([*])=O)c8)C9=O)cc7C6=O)c5)cc4)cc3)cc2)cc1,0.70 to 0.80
450,548.15,530.6256,0.8833333333333333,-17.524389648437477,17.524389648437477,[*]Nc1ccc(Oc2ccc(-c3ccc(Oc4ccc(NC(=O)c5cccc(N6C(=O)c7ccc(-c8cccc9c8C(=O)N(c8cccc(C([*])=O)c8)C9=O)cc7C6=O)c5)cc4)cc3)cc2)cc1,[*]Nc1ccc(NC(=O)c2cccc(N3C(=O)c4cccc(-c5ccc6c(c5)C(=O)N(c5cccc(C([*])=O)c5)C6=O)c4C3=O)c2)cc1,>= 0.80
451,553.15,532.7565,0.9047619047619048,-20.393530273437477,20.393530273437477,[*]Nc1ccc(Oc2ccc(-c3ccc(Oc4ccc(NC(=O)c5cccc(N6C(=O)c7ccc(C(c8ccc9c(c8)C(=O)N(c8cccc(C([*])=O)c8)C9=O)(C(F)(F)F)C(F)(F)F)cc7C6=O)c5)cc4)cc3)cc2)cc1,[*]Nc1ccc(-c2ccc(NC(=O)c3cccc(N4C(=O)c5ccc(C(c6ccc7c(c6)C(=O)N(c6cccc(C([*])=O)c6)C7=O)(C(F)(F)F)C(F)(F)F)cc5C4=O)c3)cc2)cc1,>= 0.80
452,558.15,540.65314,0.6944444444444444,-17.496862792968727,17.496862792968727,[*]Nc1ccc(Oc2ccc(-c3nnc(-c4ccc(Oc5ccc(NC(=O)c6cc(C([*])=O)cc(N7C(=O)c8ccccc8C7=O)c6)cc5)cc4)o3)cc2)cc1,[*]Nc1cccc(Oc2ccc(-c3nnc(-c4ccc(Oc5cccc(NC(=O)c6cc(C([*])=O)cc(N7C(=O)c8c(Cl)c(Cl)c(Cl)c(Cl)c8C7=O)c6)c5)cc4)o3)cc2)c1,0.60 to 0.70
453,433.15,425.22934,0.8536585365853658,-7.920660400390602,7.920660400390602,[*]Nc1ccc(Oc2ccc(C(=O)c3ccc(Oc4ccc(NC(=O)c5ccc(C([*])=O)cc5)cc4)cc3)cc2)cc1,[*]Nc1ccc(C(=O)c2ccc(Oc3cccc(Oc4ccc(C(=O)c5ccc(NC(=O)c6ccc(C([*])=O)cc6)cc5)cc4)c3)cc2)cc1,>= 0.80
454,566.15,514.37494,0.75,-51.77506103515623,51.77506103515623,[*]Nc1ccc(Oc2ccc(C(c3ccc(Oc4ccc(NC(=O)c5ccc(N6C(=O)c7ccc(C(c8ccc9c(c8)C(=O)N(c8ccc(C([*])=O)cc8)C9=O)(C(F)(F)F)C(F)(F)F)cc7C6=O)cc5)cc4)cc3)(C(F)(F)F)C(F)(F)F)cc2)cc1,[*]Nc1ccc(NC(=O)c2cccc(N3C(=O)c4ccc(C(c5ccc6c(c5)C(=O)N(c5cccc(C(=O)Nc7ccc(C([*])=O)cc7)c5)C6=O)(C(F)(F)F)C(F)(F)F)cc4C3=O)c2)cc1,0.70 to 0.80
455,523.15,555.44116,0.7375,32.29116210937502,32.29116210937502,[*]Nc1ccc(Oc2ccc(C(c3ccc(Oc4ccc(NC(=O)c5ccc6c(c5)C(=O)N(c5ccc(Oc7ccc8ccc(Oc9ccc(N%10C(=O)c%11ccc(C([*])=O)cc%11C%10=O)cc9)cc8c7)cc5)C6=O)cc4)cc3)(C(F)(F)F)C(F)(F)F)cc2)cc1,[*]Nc1ccc(Oc2ccc3nc(-c4ccccc4)c(-c4ccc(-c5ccc(-c6nc7cc(Oc8ccc(NC(=O)c9ccc%10c(c9)C(=O)N(c9ccc(C(c%11ccc(N%12C(=O)c%13ccc(C([*])=O)cc%13C%12=O)cc%11)(C(F)(F)F)C(F)(F)F)cc9)C%10=O)cc8)ccc7nc6-c6ccccc6)cc5)cc4)nc3c2)cc1,0.70 to 0.80
456,504.15,556.1636,0.7567567567567568,52.01357421875002,52.01357421875002,[*]Nc1ccc(Oc2ccc(C(c3ccc(Oc4ccc(NC(=O)c5ccc6c(c5)C(=O)N(c5ccc(Oc7cccc8c(Oc9ccc(N%10C(=O)c%11ccc(C([*])=O)cc%11C%10=O)cc9)cccc78)cc5)C6=O)cc4)cc3)(C(F)(F)F)C(F)(F)F)cc2)cc1,[*]Nc1ccc(Oc2ccccc2Oc2ccc(NC(=O)c3cccc(N4C(=O)c5ccc(C(c6ccc7c(c6)C(=O)N(c6cccc(C([*])=O)c6)C7=O)(C(F)(F)F)C(F)(F)F)cc5C4=O)c3)cc2)cc1,0.70 to 0.80
457,539.15,506.76205,0.9016393442622952,-32.3879455566406,32.3879455566406,[*]Nc1ccc(Oc2ccc(C(c3ccc(Oc4ccc(NC(=O)c5cccc(N6C(=O)c7ccc(C(c8ccc9c(c8)C(=O)N(c8cccc(C([*])=O)c8)C9=O)(C(F)(F)F)C(F)(F)F)cc7C6=O)c5)cc4)cc3)(C(F)(F)F)C(F)(F)F)cc2)cc1,[*]Nc1ccc(C(c2ccc(NC(=O)c3cccc(N4C(=O)c5ccc(C(c6ccc7c(c6)C(=O)N(c6cccc(C([*])=O)c6)C7=O)(C(F)(F)F)C(F)(F)F)cc5C4=O)c3)cc2)(C(F)(F)F)C(F)(F)F)cc1,>= 0.80
458,575.15,553.0493,0.5875,-22.100683593749977,22.100683593749977,[*]Nc1ccc(Oc2ccc(C3(c4ccc(Oc5ccc(NC(=O)c6ccc7c(c6)C(=O)N(c6ccc(Cc8ccc(N9C(=O)c%10ccc(C([*])=O)cc%10C9=O)cc8)cc6)C7=O)cc5)cc4)NC(=O)c4ccccc43)cc2)cc1,[*]Nc1ccc(C2(c3ccc(NC(=O)c4ccc5c(c4)C(=O)N(c4cccc(N6C(=O)c7ccc(C([*])=O)cc7C6=O)c4)C5=O)cc3)c3ccccc3-c3ccccc32)cc1,0.50 to 0.60
459,595.15,555.24615,0.6351351351351351,-39.90384521484373,39.90384521484373,[*]Nc1ccc(Oc2ccc(C3(c4ccc(Oc5ccc(NC(=O)c6ccc7c(c6)C(=O)N(c6ccc(N8C(=O)c9ccc(C([*])=O)cc9C8=O)cc6)C7=O)cc5)cc4)NC(=O)c4ccccc43)cc2)cc1,[*]Nc1ccc(C2(c3ccc(NC(=O)c4ccc5c(c4)C(=O)N(c4cccc(N6C(=O)c7ccc(C([*])=O)cc7C6=O)c4)C5=O)cc3)c3ccccc3-c3ccccc32)cc1,0.60 to 0.70
460,603.15,539.86365,0.6351351351351351,-63.28635253906248,63.28635253906248,[*]Nc1ccc(Oc2ccc(C3(c4ccc(Oc5ccc(NC(=O)c6ccc7c(c6)C(=O)N(c6ccc(Oc8ccc(C9(c%10ccc(Oc%11ccc(N%12C(=O)c%13ccc(C([*])=O)cc%13C%12=O)cc%11)cc%10)NC(=O)c%10ccccc%109)cc8)cc6)C7=O)cc5)cc4)NC(=O)c4ccccc43)cc2)cc1,[*]Nc1ccc(C2(c3ccc(NC(=O)c4ccc5c(c4)C(=O)N(c4cccc(N6C(=O)c7ccc(C([*])=O)cc7C6=O)c4)C5=O)cc3)c3ccccc3-c3ccccc32)cc1,0.60 to 0.70
461,593.15,552.4997,0.6351351351351351,-40.65030517578123,40.65030517578123,[*]Nc1ccc(Oc2ccc(C3(c4ccc(Oc5ccc(NC(=O)c6ccc7c(c6)C(=O)N(c6ccc(Oc8ccc(N9C(=O)c%10ccc(C([*])=O)cc%10C9=O)cc8)cc6)C7=O)cc5)cc4)NC(=O)c4ccccc43)cc2)cc1,[*]Nc1ccc(C2(c3ccc(NC(=O)c4ccc5c(c4)C(=O)N(c4cccc(N6C(=O)c7ccc(C([*])=O)cc7C6=O)c4)C5=O)cc3)c3ccccc3-c3ccccc32)cc1,0.60 to 0.70
462,557.15,542.88794,0.6351351351351351,-14.262060546874977,14.262060546874977,[*]Nc1ccc(Oc2ccc(C3(c4ccc(Oc5ccc(NC(=O)c6ccc7c(c6)C(=O)N(c6ccc(Oc8ccc(Oc9ccc(N%10C(=O)c%11ccc(C([*])=O)cc%11C%10=O)cc9)cc8)cc6)C7=O)cc5)cc4)NC(=O)c4ccccc43)cc2)cc1,[*]Nc1ccc(C2(c3ccc(NC(=O)c4ccc5c(c4)C(=O)N(c4cccc(N6C(=O)c7ccc(C([*])=O)cc7C6=O)c4)C5=O)cc3)c3ccccc3-c3ccccc32)cc1,0.60 to 0.70
463,556.15,516.8938,0.6046511627906976,-39.25620117187498,39.25620117187498,[*]Nc1ccc(Oc2ccc(C3(c4ccc(Oc5ccc(NC(=O)c6ccc7c(c6)C(=O)N(c6ccc(Oc8ccc(S(=O)(=O)c9ccc(Oc%10ccc(N%11C(=O)c%12ccc(C([*])=O)cc%12C%11=O)cc%10)cc9)cc8)cc6)C7=O)cc5)cc4)NC(=O)c4ccccc43)cc2)cc1,[*]Nc1ccc(Oc2ccc(S(=O)(=O)c3ccc(Oc4ccc(NC(=O)c5cccc(N6C(=O)c7ccc(-c8cccc9c8C(=O)N(c8cccc(C([*])=O)c8)C9=O)cc7C6=O)c5)cc4)cc3)cc2)cc1,0.60 to 0.70
464,540.15,544.35693,0.6233766233766234,4.206933593750023,4.206933593750023,[*]Nc1ccc(Oc2ccc(C3(c4ccc(Oc5ccc(NC(=O)c6ccc7c(c6)C(=O)N(c6ccc(Oc8cccc(Oc9ccc(N%10C(=O)c%11ccc(C([*])=O)cc%11C%10=O)cc9)c8)cc6)C7=O)cc5)cc4)NC(=O)c4ccccc43)cc2)cc1,[*]Nc1ccc(C2(c3ccc(NC(=O)c4ccc5c(c4)C(=O)N(c4cccc(N6C(=O)c7ccc(C([*])=O)cc7C6=O)c4)C5=O)cc3)c3ccccc3-c3ccccc32)cc1,0.60 to 0.70
465,571.15,555.2286,0.6075949367088608,-15.921423339843727,15.921423339843727,[*]Nc1ccc(Oc2ccc(C3(c4ccc(Oc5ccc(NC(=O)c6ccc7c(c6)C(=O)N(c6ccc(Sc8ccc(N9C(=O)c%10ccc(C([*])=O)cc%10C9=O)cc8)cc6)C7=O)cc5)cc4)NC(=O)c4ccccc43)cc2)cc1,[*]Nc1ccc(C2(c3ccc(NC(=O)c4ccc5c(c4)C(=O)N(c4cccc(N6C(=O)c7ccc(C([*])=O)cc7C6=O)c4)C5=O)cc3)c3ccccc3-c3ccccc32)cc1,0.60 to 0.70
466,593.15,552.40796,0.7083333333333334,-40.74204101562498,40.74204101562498,[*]Nc1ccc(Oc2ccc(C3(c4ccc(Oc5ccc(NC(=O)c6ccc7c(c6)C(=O)N(c6cccc(N8C(=O)c9ccc(C([*])=O)cc9C8=O)c6)C7=O)cc5)cc4)NC(=O)c4ccccc43)cc2)cc1,[*]Nc1ccc(C2(c3ccc(NC(=O)c4ccc5c(c4)C(=O)N(c4cccc(N6C(=O)c7ccc(C([*])=O)cc7C6=O)c4)C5=O)cc3)c3ccccc3-c3ccccc32)cc1,0.70 to 0.80
467,545.15,558.13464,0.6578947368421053,12.984643554687523,12.984643554687523,[*]Nc1ccc(Oc2ccc(C3(c4ccc(Oc5ccc(NC(=O)c6ccc7c(c6)C(=O)N(c6cccc(Oc8ccc(N9C(=O)c%10ccc(C([*])=O)cc%10C9=O)cc8)c6)C7=O)cc5)cc4)NC(=O)c4ccccc43)cc2)cc1,[*]Nc1ccc(C2(c3ccc(NC(=O)c4ccc5c(c4)C(=O)N(c4cccc(N6C(=O)c7ccc(C([*])=O)cc7C6=O)c4)C5=O)cc3)c3ccccc3-c3ccccc32)cc1,0.60 to 0.70
468,496.15,460.58273,0.8867924528301887,-35.5672668457031,35.5672668457031,[*]Nc1ccc(Oc2ccc(N3C(=O)CC(N4C(=O)c5ccc(C([*])=O)cc5C4=O)C3=O)cc2)cc1,[*]Nc1ccc(N2C(=O)CC(N3C(=O)c4ccc(C([*])=O)cc4C3=O)C2=O)cc1,>= 0.80
469,505.15,523.35895,0.7192982456140351,18.208947753906273,18.208947753906273,[*]Nc1ccc(Oc2ccc(N3C(=O)c4ccc(C(=O)c5ccc6c(c5)C(=O)N(c5ccc(Oc7ccc(NC(=O)c8cccc(C([*])=O)c8)cc7)cc5)C6=O)cc4C3=O)cc2)cc1,[*]Nc1ccc(N2C(=O)c3ccc(C(=O)c4ccc5c(c4)C(=O)N(c4cccc(C([*])=O)c4)C5=O)cc3C2=O)cc1,0.70 to 0.80
470,568.15,495.15665,0.7555555555555555,-72.99335327148435,72.99335327148435,[*]Nc1ccc(Oc2ccc(N3C(=O)c4ccc(C([*])=O)cc4C3=O)cc2)cc1,[*]C(=O)c1ccc2c(c1)C(=O)N(c1ccc(Oc3ccc([*])cc3)cc1)C2=O,0.70 to 0.80
471,535.15,493.30188,0.7608695652173914,-41.84812011718748,41.84812011718748,[*]Nc1ccc(Oc2ccc(N3C(=O)c4ccc(Oc5ccc(C([*])=O)cc5)cc4C3=O)cc2)cc1,[*]C(=O)c1ccc(N2C(=O)c3ccc(Oc4ccc(Oc5ccc6c(c5)C(=O)N(c5ccc([*])cc5)C6=O)cc4)cc3C2=O)cc1,0.70 to 0.80
472,504.15,492.5508,0.7959183673469388,-11.599188232421852,11.599188232421852,[*]Nc1ccc(Oc2ccc(N3C(=O)c4ccc(Oc5cccc(C([*])=O)c5)cc4C3=O)cc2)cc1,[*]C(=O)c1cccc(Oc2ccc3c(c2)C(=O)N(c2ccc(Oc4ccc(N5C(=O)c6ccc(Oc7ccc([*])cc7)cc6C5=O)cc4)cc2)C3=O)c1,0.70 to 0.80
473,526.15,491.36914,0.8679245283018868,-34.78085937499998,34.78085937499998,[*]Nc1ccc(Oc2ccc(N3C(=O)c4cccc(Oc5ccc(C([*])=O)cc5)c4C3=O)cc2)cc1,[*]Nc1ccc(Cc2ccc(N3C(=O)c4cccc(Oc5ccc(C([*])=O)cc5)c4C3=O)cc2)cc1,>= 0.80
474,633.15,538.0491,0.8235294117647058,-95.10092773437498,95.10092773437498,[*]Nc1ccc(Oc2ccc(NC(=O)c3ccc(-n4c(=O)c5cc6c(=O)n(-c7ccc(C([*])=O)cc7)c(=O)c6cc5c4=O)cc3)cc2)cc1,[*]Nc1ccc(Oc2ccc(-n3c(=O)c4cc5c(=O)n(-c6ccc(Oc7ccc(NC(=O)c8cccc(C([*])=O)c8)cc7)cc6)c(=O)c5cc4c3=O)cc2)cc1,>= 0.80
475,513.65,547.1115,0.8421052631578947,33.46151123046877,33.46151123046877,[*]Nc1ccc(Oc2ccc(NC(=O)c3ccc(C([*])=O)cc3)cc2)cc1,[*]Nc1ccc(Cc2ccc(NC(=O)c3ccc(Oc4ccc(Oc5ccc(C([*])=O)cc5)cc4)cc3)cc2)cc1,>= 0.80
476,595.15,553.04626,0.7619047619047619,-42.10373535156248,42.10373535156248,[*]Nc1ccc(Oc2ccc(NC(=O)c3ccc(N4C(=O)c5ccc(C(c6ccc7c(c6)C(=O)N(c6ccc(C([*])=O)cc6)C7=O)(C(F)(F)F)C(F)(F)F)cc5C4=O)cc3)cc2)cc1,[*]Nc1ccc(NC(=O)c2cccc(N3C(=O)c4ccc(C(c5ccc6c(c5)C(=O)N(c5cccc(C(=O)Nc7ccc(C([*])=O)cc7)c5)C6=O)(C(F)(F)F)C(F)(F)F)cc4C3=O)c2)cc1,0.70 to 0.80
477,547.15,488.3879,0.8421052631578947,-58.7620910644531,58.7620910644531,[*]Nc1ccc(Oc2ccc(NC(=O)c3ccc(Oc4ccc(C([*])=O)cc4)cc3)cc2)cc1,[*]Nc1ccc(Cc2ccc(NC(=O)c3ccc(Oc4ccc(Oc5ccc(C([*])=O)cc5)cc4)cc3)cc2)cc1,>= 0.80
478,523.15,498.37216,0.6,-24.777838134765602,24.777838134765602,[*]Nc1ccc(Oc2ccc(NC(=O)c3ccc4c(c3)C(=O)N(C3CCC(CC5CCC(N6C(=O)c7ccc(C([*])=O)cc7C6=O)CC5)CC3)C4=O)cc2)cc1,[*]C(=O)c1ccc2c(c1)C(=O)N(C1CCC(CC3CCC(N4C(=O)c5ccc([*])cc5C4=O)CC3)CC1)C2=O,0.60 to 0.70
479,593.15,575.894,0.8235294117647058,-17.256018066406227,17.256018066406227,[*]Nc1ccc(Oc2ccc(NC(=O)c3ccc4c(c3)C(=O)N(c3ccc(-c5sc(-c6ccc(N7C(=O)c8ccc(C([*])=O)cc8C7=O)cc6)c(-c6ccccc6)c5-c5ccccc5)cc3)C4=O)cc2)cc1,[*]Nc1ccc(Cc2ccc(NC(=O)c3ccc4c(c3)C(=O)N(c3ccc(-c5sc(-c6ccc(N7C(=O)c8ccc(C([*])=O)cc8C7=O)cc6)c(-c6ccccc6)c5-c5ccccc5)cc3)C4=O)cc2)cc1,>= 0.80
480,524.15,536.84705,0.6911764705882353,12.697045898437523,12.697045898437523,[*]Nc1ccc(Oc2ccc(NC(=O)c3ccc4c(c3)C(=O)N(c3ccc(Cc5ccc(N6C(=O)c7ccc(C([*])=O)cc7C6=O)cc5)cc3)C4=O)cc2)cc1,[*]Nc1ccc(Cc2ccc(NC(=O)c3ccc4c(c3)C(=O)N(c3ccc(-c5sc(-c6ccc(N7C(=O)c8ccc(C([*])=O)cc8C7=O)cc6)c(-c6ccccc6)c5-c5ccccc5)cc3)C4=O)cc2)cc1,0.60 to 0.70
481,523.15,520.94196,0.8734177215189873,-2.2080444335937273,2.2080444335937273,[*]Nc1ccc(Oc2ccc(NC(=O)c3ccc4c(c3)C(=O)N(c3ccc(Oc5ccc(C6(c7ccc(Oc8ccc(N9C(=O)c%10ccc(C([*])=O)cc%10C9=O)cc8)cc7)CC7CC6C6CCCC76)cc5)cc3)C4=O)cc2)cc1,[*]Nc1ccc(Oc2ccc(C(c3ccc(Oc4ccc(NC(=O)c5ccc6c(c5)C(=O)N(c5ccc(Oc7ccc(C8(c9ccc(Oc%10ccc(N%11C(=O)c%12ccc(C([*])=O)cc%12C%11=O)cc%10)cc9)CC9CC8C8CCCC98)cc7)cc5)C6=O)cc4)cc3)(C(F)(F)F)C(F)(F)F)cc2)cc1,>= 0.80
482,598.15,551.7277,0.6351351351351351,-46.42227783203123,46.42227783203123,[*]Nc1ccc(Oc2ccc(NC(=O)c3ccc4c(c3)C(=O)N(c3ccc(Oc5ccc(C6(c7ccc(Oc8ccc(N9C(=O)c%10ccc(C([*])=O)cc%10C9=O)cc8)cc7)NC(=O)c7ccccc76)cc5)cc3)C4=O)cc2)cc1,[*]Nc1ccc(C2(c3ccc(NC(=O)c4ccc5c(c4)C(=O)N(c4cccc(N6C(=O)c7ccc(C([*])=O)cc7C6=O)c4)C5=O)cc3)c3ccccc3-c3ccccc32)cc1,0.60 to 0.70
483,555.15,545.6943,0.6666666666666666,-9.455725097656227,9.455725097656227,[*]Nc1ccc(Oc2ccc(NC(=O)c3ccc4c(c3)C(=O)N(c3ccc(Oc5ccc(N6C(=O)c7ccc(C([*])=O)cc7C6=O)cc5)cc3)C4=O)cc2)cc1,[*]C(=O)c1ccc2c(c1)C(=O)N(c1ccc(Oc3ccc([*])cc3)cc1)C2=O,0.60 to 0.70
484,618.15,542.6414,0.6125,-75.50858154296873,75.50858154296873,[*]Nc1ccc(Oc2ccc(NC(=O)c3ccc4c(c3)C(=O)N(c3ccc(Oc5ccc(N6C(=O)c7ccc(C([*])=O)cc7C6=O)cc5-c5ccccc5)c(-c5ccccc5)c3)C4=O)cc2)cc1,[*]Nc1cc(C(F)(F)F)ccc1Oc1cccc2c(Oc3ccc(C(F)(F)F)cc3NC(=O)c3ccc4c(c3)C(=O)N(c3ccc(Oc5ccc(N6C(=O)c7ccc(C([*])=O)cc7C6=O)cc5-c5ccccc5)c(-c5ccccc5)c3)C4=O)cccc12,0.60 to 0.70
485,642.15,577.7408,0.6417910447761194,-64.40921630859373,64.40921630859373,[*]Nc1ccc(Oc2ccc(NC(=O)c3ccc4c(c3)C(=O)N(c3ccc(Oc5ccc(N6C(=O)c7ccc(C([*])=O)cc7C6=O)cc5-c5ccccc5)c(-c5ccccc5)c3)C4=O)cc2-c2ccccc2)c(-c2ccccc2)c1,[*]Nc1cccc(P(=O)(c2ccccc2)c2cccc(NC(=O)c3ccc4c(c3)C(=O)N(c3cccc(P(=O)(c5ccccc5)c5cccc(N6C(=O)c7ccc(C([*])=O)cc7C6=O)c5)c3)C4=O)c2)c1,0.60 to 0.70
486,551.15,537.9228,0.6486486486486487,-13.227209472656227,13.227209472656227,[*]Nc1ccc(Oc2ccc(NC(=O)c3ccc4c(c3)C(=O)N(c3ccc(Oc5cccc6c(N7C(=O)c8ccc(C([*])=O)cc8C7=O)cccc56)cc3)C4=O)cc2)cc1,[*]c1ccc(Oc2ccc(NC(=O)c3ccc4c(c3)C(=O)N(c3ccc(Oc5cccc6c(Oc7ccc(N8C(=O)c9ccc(C(=O)Nc%10ccc(Oc%11ccc(C([*])(C)C)cc%11)cc%10)cc9C8=O)cc7)cccc56)cc3)C4=O)cc2)cc1,0.60 to 0.70
487,554.15,549.46277,0.7142857142857143,-4.687231445312477,4.687231445312477,[*]Nc1ccc(Oc2ccc(NC(=O)c3ccc4c(c3)C(=O)N(c3ccc(S(=O)(=O)c5ccc(N6C(=O)c7ccc(C([*])=O)cc7C6=O)cc5)cc3)C4=O)cc2)cc1,[*]Nc1ccc(Oc2ccc(S(=O)(=O)c3ccc(Oc4ccc(NC(=O)c5cccc(N6C(=O)c7ccc(-c8cccc9c8C(=O)N(c8cccc(C([*])=O)c8)C9=O)cc7C6=O)c5)cc4)cc3)cc2)cc1,0.70 to 0.80
488,508.15,510.2977,0.8524590163934426,2.1476989746093977,2.1476989746093977,[*]Nc1ccc(Oc2ccc(NC(=O)c3ccc4c(c3)C(=O)N(c3cccc(P(=O)(c5ccccc5)c5cccc(N6C(=O)c7ccc(C([*])=O)cc7C6=O)c5)c3)C4=O)cc2)cc1,[*]Nc1ccc(C(=O)c2ccc(NC(=O)c3ccc4c(c3)C(=O)N(c3cccc(P(=O)(c5ccccc5)c5cccc(N6C(=O)c7ccc(C([*])=O)cc7C6=O)c5)c3)C4=O)cc2)cc1,>= 0.80
489,526.15,534.0252,0.7761194029850746,7.875207519531273,7.875207519531273,[*]Nc1ccc(Oc2ccc(NC(=O)c3cccc(N4C(=O)c5ccc(-c6ccc7c(c6)C(=O)N(c6cccc(C([*])=O)c6)C7=O)cc5C4=O)c3)cc2)cc1,[*]Nc1ccc(Oc2ccc(S(=O)(=O)c3ccc(Oc4ccc(NC(=O)c5cccc(N6C(=O)c7ccc(-c8cccc9c8C(=O)N(c8cccc(C([*])=O)c8)C9=O)cc7C6=O)c5)cc4)cc3)cc2)cc1,0.70 to 0.80
490,564.15,526.67413,0.8983050847457628,-37.47586669921873,37.47586669921873,[*]Nc1ccc(Oc2ccc(NC(=O)c3cccc(N4C(=O)c5ccc(-c6cccc7c6C(=O)N(c6cccc(C([*])=O)c6)C7=O)cc5C4=O)c3)cc2)cc1,[*]Nc1ccc(NC(=O)c2cccc(N3C(=O)c4cccc(-c5ccc6c(c5)C(=O)N(c5cccc(C([*])=O)c5)C6=O)c4C3=O)c2)cc1,>= 0.80
491,571.15,558.4169,0.9076923076923076,-12.733129882812477,12.733129882812477,[*]Nc1ccc(Oc2ccc(NC(=O)c3cccc(N4C(=O)c5ccc(C(c6ccc7c(c6)C(=O)N(c6cccc(C([*])=O)c6)C7=O)(C(F)(F)F)C(F)(F)F)cc5C4=O)c3)cc2)cc1,[*]Nc1ccc(Oc2ccccc2Oc2ccc(NC(=O)c3cccc(N4C(=O)c5ccc(C(c6ccc7c(c6)C(=O)N(c6cccc(C([*])=O)c6)C7=O)(C(F)(F)F)C(F)(F)F)cc5C4=O)c3)cc2)cc1,>= 0.80
492,523.15,493.42554,0.7555555555555555,-29.724462890624977,29.724462890624977,[*]Nc1ccc(Oc2ccc(Oc3ccc(N4C(=O)c5ccc(C([*])=O)cc5C4=O)cc3)cc2)cc1,[*]C(=O)c1ccc2c(c1)C(=O)N(c1ccc(Oc3ccc([*])cc3)cc1)C2=O,0.70 to 0.80
493,515.15,476.52307,0.7608695652173914,-38.62692871093748,38.62692871093748,[*]Nc1ccc(Oc2ccc(Oc3ccc(N4C(=O)c5ccc(Oc6ccc(C([*])=O)cc6)cc5C4=O)cc3)cc2)cc1,[*]C(=O)c1ccc(N2C(=O)c3ccc(Oc4ccc(Oc5ccc6c(c5)C(=O)N(c5ccc([*])cc5)C6=O)cc4)cc3C2=O)cc1,0.70 to 0.80
494,486.15,472.23883,0.7959183673469388,-13.911169433593727,13.911169433593727,[*]Nc1ccc(Oc2ccc(Oc3ccc(N4C(=O)c5ccc(Oc6cccc(C([*])=O)c6)cc5C4=O)cc3)cc2)cc1,[*]C(=O)c1cccc(Oc2ccc3c(c2)C(=O)N(c2ccc(Oc4ccc(N5C(=O)c6ccc(Oc7ccc([*])cc7)cc6C5=O)cc4)cc2)C3=O)c1,0.70 to 0.80
495,517.15,474.50745,0.8679245283018868,-42.64255371093748,42.64255371093748,[*]Nc1ccc(Oc2ccc(Oc3ccc(N4C(=O)c5cccc(Oc6ccc(C([*])=O)cc6)c5C4=O)cc3)cc2)cc1,[*]Nc1ccc(Cc2ccc(N3C(=O)c4cccc(Oc5ccc(C([*])=O)cc5)c4C3=O)cc2)cc1,>= 0.80
496,576.15,542.44275,0.7619047619047619,-33.70725097656248,33.70725097656248,[*]Nc1ccc(Oc2ccc(Oc3ccc(NC(=O)c4ccc(N5C(=O)c6ccc(C(c7ccc8c(c7)C(=O)N(c7ccc(C([*])=O)cc7)C8=O)(C(F)(F)F)C(F)(F)F)cc6C5=O)cc4)cc3)cc2)cc1,[*]Nc1ccc(NC(=O)c2cccc(N3C(=O)c4ccc(C(c5ccc6c(c5)C(=O)N(c5cccc(C(=O)Nc7ccc(C([*])=O)cc7)c5)C6=O)(C(F)(F)F)C(F)(F)F)cc4C3=O)c2)cc1,0.70 to 0.80
497,509.15,460.7108,0.8421052631578947,-48.4392150878906,48.4392150878906,[*]Nc1ccc(Oc2ccc(Oc3ccc(NC(=O)c4ccc(Oc5ccc(Oc6ccc(C([*])=O)cc6)cc5)cc4)cc3)cc2)cc1,[*]Nc1ccc(Cc2ccc(NC(=O)c3ccc(Oc4ccc(Oc5ccc(C([*])=O)cc5)cc4)cc3)cc2)cc1,>= 0.80
498,576.15,554.27997,0.8235294117647058,-21.870031738281227,21.870031738281227,[*]Nc1ccc(Oc2ccc(Oc3ccc(NC(=O)c4ccc5c(c4)C(=O)N(c4ccc(-c6sc(-c7ccc(N8C(=O)c9ccc(C([*])=O)cc9C8=O)cc7)c(-c7ccccc7)c6-c6ccccc6)cc4)C5=O)cc3)cc2)cc1,[*]Nc1ccc(Cc2ccc(NC(=O)c3ccc4c(c3)C(=O)N(c3ccc(-c5sc(-c6ccc(N7C(=O)c8ccc(C([*])=O)cc8C7=O)cc6)c(-c6ccccc6)c5-c5ccccc5)cc3)C4=O)cc2)cc1,>= 0.80
499,530.15,541.12476,0.8734177215189873,10.974755859375023,10.974755859375023,[*]Nc1ccc(Oc2ccc(Oc3ccc(NC(=O)c4ccc5c(c4)C(=O)N(c4ccc(Oc6ccc(C7(c8ccc(Oc9ccc(N%10C(=O)c%11ccc(C([*])=O)cc%11C%10=O)cc9)cc8)CC8CC7C7CCCC87)cc6)cc4)C5=O)cc3)cc2)cc1,[*]Nc1ccc(Oc2ccc(C(c3ccc(Oc4ccc(NC(=O)c5ccc6c(c5)C(=O)N(c5ccc(Oc7ccc(C8(c9ccc(Oc%10ccc(N%11C(=O)c%12ccc(C([*])=O)cc%12C%11=O)cc%10)cc9)CC9CC8C8CCCC98)cc7)cc5)C6=O)cc4)cc3)(C(F)(F)F)C(F)(F)F)cc2)cc1,>= 0.80
500,573.15,545.3347,0.6351351351351351,-27.815283203124977,27.815283203124977,[*]Nc1ccc(Oc2ccc(Oc3ccc(NC(=O)c4ccc5c(c4)C(=O)N(c4ccc(Oc6ccc(C7(c8ccc(Oc9ccc(N%10C(=O)c%11ccc(C([*])=O)cc%11C%10=O)cc9)cc8)NC(=O)c8ccccc87)cc6)cc4)C5=O)cc3)cc2)cc1,[*]Nc1ccc(C2(c3ccc(NC(=O)c4ccc5c(c4)C(=O)N(c4cccc(N6C(=O)c7ccc(C([*])=O)cc7C6=O)c4)C5=O)cc3)c3ccccc3-c3ccccc32)cc1,0.60 to 0.70
501,533.15,523.49255,0.6666666666666666,-9.657446289062477,9.657446289062477,[*]Nc1ccc(Oc2ccc(Oc3ccc(NC(=O)c4ccc5c(c4)C(=O)N(c4ccc(Oc6ccc(N7C(=O)c8ccc(C([*])=O)cc8C7=O)cc6)cc4)C5=O)cc3)cc2)cc1,[*]C(=O)c1ccc2c(c1)C(=O)N(c1ccc(Oc3ccc([*])cc3)cc1)C2=O,0.60 to 0.70
502,558.15,505.25613,0.6956521739130435,-52.89386596679685,52.89386596679685,[*]Nc1ccc(Oc2ccc(Oc3ccc(NC(=O)c4ccc5c(c4)C(=O)N(c4ccc(Oc6cccc7c(Oc8ccc(N9C(=O)c%10ccc(C([*])=O)cc%10C9=O)cc8)cccc67)cc4)C5=O)cc3)cc2)cc1,[*]c1ccc(Oc2ccc(NC(=O)c3ccc4c(c3)C(=O)N(c3ccc(Oc5cccc6c(Oc7ccc(N8C(=O)c9ccc(C(=O)Nc%10ccc(Oc%11ccc(C([*])(C)C)cc%11)cc%10)cc9C8=O)cc7)cccc56)cc3)C4=O)cc2)cc1,0.60 to 0.70
503,516.15,539.4354,0.7142857142857143,23.285424804687523,23.285424804687523,[*]Nc1ccc(Oc2ccc(Oc3ccc(NC(=O)c4ccc5c(c4)C(=O)N(c4ccc(S(=O)(=O)c6ccc(N7C(=O)c8ccc(C([*])=O)cc8C7=O)cc6)cc4)C5=O)cc3)cc2)cc1,[*]Nc1ccc(Oc2ccc(S(=O)(=O)c3ccc(Oc4ccc(NC(=O)c5cccc(N6C(=O)c7ccc(-c8cccc9c8C(=O)N(c8cccc(C([*])=O)c8)C9=O)cc7C6=O)c5)cc4)cc3)cc2)cc1,0.70 to 0.80
504,517.15,521.8946,0.7761194029850746,4.744592285156273,4.744592285156273,[*]Nc1ccc(Oc2ccc(Oc3ccc(NC(=O)c4cccc(N5C(=O)c6ccc(-c7ccc8c(c7)C(=O)N(c7cccc(C([*])=O)c7)C8=O)cc6C5=O)c4)cc3)cc2)cc1,[*]Nc1ccc(Oc2ccc(S(=O)(=O)c3ccc(Oc4ccc(NC(=O)c5cccc(N6C(=O)c7ccc(-c8cccc9c8C(=O)N(c8cccc(C([*])=O)c8)C9=O)cc7C6=O)c5)cc4)cc3)cc2)cc1,0.70 to 0.80
505,541.15,526.5365,0.8983050847457628,-14.613500976562477,14.613500976562477,[*]Nc1ccc(Oc2ccc(Oc3ccc(NC(=O)c4cccc(N5C(=O)c6ccc(-c7cccc8c7C(=O)N(c7cccc(C([*])=O)c7)C8=O)cc6C5=O)c4)cc3)cc2)cc1,[*]Nc1ccc(NC(=O)c2cccc(N3C(=O)c4cccc(-c5ccc6c(c5)C(=O)N(c5cccc(C([*])=O)c5)C6=O)c4C3=O)c2)cc1,>= 0.80
506,556.15,541.0485,0.9076923076923076,-15.101477050781227,15.101477050781227,[*]Nc1ccc(Oc2ccc(Oc3ccc(NC(=O)c4cccc(N5C(=O)c6ccc(C(c7ccc8c(c7)C(=O)N(c7cccc(C([*])=O)c7)C8=O)(C(F)(F)F)C(F)(F)F)cc6C5=O)c4)cc3)cc2)cc1,[*]Nc1ccc(Oc2ccccc2Oc2ccc(NC(=O)c3cccc(N4C(=O)c5ccc(C(c6ccc7c(c6)C(=O)N(c6cccc(C([*])=O)c6)C7=O)(C(F)(F)F)C(F)(F)F)cc5C4=O)c3)cc2)cc1,>= 0.80
507,517.15,516.77295,0.7761194029850746,-0.37705078124997726,0.37705078124997726,[*]Nc1ccc(Oc2ccc(Oc3ccc(Oc4ccc(NC(=O)c5cccc(N6C(=O)c7ccc(-c8ccc9c(c8)C(=O)N(c8cccc(C([*])=O)c8)C9=O)cc7C6=O)c5)cc4)cc3)cc2)cc1,[*]Nc1ccc(Oc2ccc(S(=O)(=O)c3ccc(Oc4ccc(NC(=O)c5cccc(N6C(=O)c7ccc(-c8cccc9c8C(=O)N(c8cccc(C([*])=O)c8)C9=O)cc7C6=O)c5)cc4)cc3)cc2)cc1,0.70 to 0.80
508,533.15,525.8172,0.8983050847457628,-7.332800292968727,7.332800292968727,[*]Nc1ccc(Oc2ccc(Oc3ccc(Oc4ccc(NC(=O)c5cccc(N6C(=O)c7ccc(-c8cccc9c8C(=O)N(c8cccc(C([*])=O)c8)C9=O)cc7C6=O)c5)cc4)cc3)cc2)cc1,[*]Nc1ccc(NC(=O)c2cccc(N3C(=O)c4cccc(-c5ccc6c(c5)C(=O)N(c5cccc(C([*])=O)c5)C6=O)c4C3=O)c2)cc1,>= 0.80
509,531.15,528.7729,0.7361111111111112,-2.3771118164062273,2.3771118164062273,[*]Nc1ccc(Oc2ccc(S(=O)(=O)c3ccc(Oc4ccc(NC(=O)c5ccc(N6C(=O)c7ccc(-c8ccc9c(c8)C(=O)N(c8ccc(C([*])=O)cc8)C9=O)cc7C6=O)cc5)cc4)cc3)cc2)cc1,[*]Nc1cccc(Oc2ccc(S(=O)(=O)c3ccc(Oc4cccc(NC(=O)c5ccc(N6C(=O)c7cccc(-c8ccc9c(c8)C(=O)N(c8ccc(C([*])=O)cc8)C9=O)c7C6=O)cc5)c4)cc3)cc2)c1,0.70 to 0.80
510,560.15,528.6013,0.8732394366197183,-31.548681640624977,31.548681640624977,[*]Nc1ccc(Oc2ccc(S(=O)(=O)c3ccc(Oc4ccc(NC(=O)c5ccc(N6C(=O)c7cccc(-c8ccc9c(c8)C(=O)N(c8ccc(C([*])=O)cc8)C9=O)c7C6=O)cc5)cc4)cc3)cc2)cc1,[*]Nc1cccc(Oc2ccc(S(=O)(=O)c3ccc(Oc4cccc(NC(=O)c5ccc(N6C(=O)c7cccc(-c8ccc9c(c8)C(=O)N(c8ccc(C([*])=O)cc8)C9=O)c7C6=O)cc5)c4)cc3)cc2)c1,>= 0.80
511,575.15,527.92255,0.6046511627906976,-47.22745361328123,47.22745361328123,[*]Nc1ccc(Oc2ccc(S(=O)(=O)c3ccc(Oc4ccc(NC(=O)c5ccc6c(c5)C(=O)N(c5ccc(Oc7ccc(C8(c9ccc(Oc%10ccc(N%11C(=O)c%12ccc(C([*])=O)cc%12C%11=O)cc%10)cc9)NC(=O)c9ccccc98)cc7)cc5)C6=O)cc4)cc3)cc2)cc1,[*]Nc1ccc(Oc2ccc(S(=O)(=O)c3ccc(Oc4ccc(NC(=O)c5cccc(N6C(=O)c7ccc(-c8cccc9c8C(=O)N(c8cccc(C([*])=O)c8)C9=O)cc7C6=O)c5)cc4)cc3)cc2)cc1,0.60 to 0.70
512,547.15,526.70496,0.6578947368421053,-20.445043945312477,20.445043945312477,[*]Nc1ccc(Oc2ccc(S(=O)(=O)c3ccc(Oc4ccc(NC(=O)c5ccc6c(c5)C(=O)N(c5ccc(Oc7ccc8ccc(Oc9ccc(N%10C(=O)c%11ccc(C([*])=O)cc%11C%10=O)cc9)cc8c7)cc5)C6=O)cc4)cc3)cc2)cc1,[*]Nc1ccc(Oc2ccc(S(=O)(=O)c3ccc(Oc4ccc(NC(=O)c5cccc(N6C(=O)c7ccc(-c8cccc9c8C(=O)N(c8cccc(C([*])=O)c8)C9=O)cc7C6=O)c5)cc4)cc3)cc2)cc1,0.60 to 0.70
513,533.15,526.5639,0.6753246753246753,-6.586096191406227,6.586096191406227,[*]Nc1ccc(Oc2ccc(S(=O)(=O)c3ccc(Oc4ccc(NC(=O)c5ccc6c(c5)C(=O)N(c5ccc(Oc7cccc8c(Oc9ccc(N%10C(=O)c%11ccc(C([*])=O)cc%11C%10=O)cc9)cccc78)cc5)C6=O)cc4)cc3)cc2)cc1,[*]Nc1ccc(Oc2ccc(S(=O)(=O)c3ccc(Oc4ccc(NC(=O)c5cccc(N6C(=O)c7ccc(-c8cccc9c8C(=O)N(c8cccc(C([*])=O)c8)C9=O)cc7C6=O)c5)cc4)cc3)cc2)cc1,0.60 to 0.70
514,531.15,529.4444,0.8805970149253731,-1.7056030273437273,1.7056030273437273,[*]Nc1ccc(Oc2ccc(S(=O)(=O)c3ccc(Oc4ccc(NC(=O)c5cccc(N6C(=O)c7ccc(-c8ccc9c(c8)C(=O)N(c8cccc(C([*])=O)c8)C9=O)cc7C6=O)c5)cc4)cc3)cc2)cc1,[*]Nc1ccc(Oc2ccc(S(=O)(=O)c3ccc(Oc4ccc(NC(=O)c5cccc(N6C(=O)c7ccc(-c8cccc9c8C(=O)N(c8cccc(C([*])=O)c8)C9=O)cc7C6=O)c5)cc4)cc3)cc2)cc1,>= 0.80
515,566.15,575.1395,0.986842105263158,8.989526367187523,8.989526367187523,[*]Nc1ccc(Oc2ccc3nc(-c4ccccc4)c(-c4ccc(-c5nc6cc(Oc7ccc(NC(=O)c8ccc9c(c8)C(=O)N(c8ccc(C(c%10ccc(N%11C(=O)c%12ccc(C([*])=O)cc%12C%11=O)cc%10)(C(F)(F)F)C(F)(F)F)cc8)C9=O)cc7)ccc6nc5-c5ccccc5)cc4)nc3c2)cc1,[*]Nc1ccc(Oc2ccc3nc(-c4ccccc4)c(-c4ccc(-c5ccc(-c6nc7cc(Oc8ccc(NC(=O)c9ccc%10c(c9)C(=O)N(c9ccc(C(c%11ccc(N%12C(=O)c%13ccc(C([*])=O)cc%13C%12=O)cc%11)(C(F)(F)F)C(F)(F)F)cc9)C%10=O)cc8)ccc7nc6-c6ccccc6)cc5)cc4)nc3c2)cc1,>= 0.80
516,562.15,550.52356,0.986842105263158,-11.626440429687477,11.626440429687477,[*]Nc1ccc(Oc2ccc3nc(-c4ccccc4)c(-c4ccc(Oc5ccc(-c6nc7cc(Oc8ccc(NC(=O)c9ccc%10c(c9)C(=O)N(c9ccc(C(c%11ccc(N%12C(=O)c%13ccc(C([*])=O)cc%13C%12=O)cc%11)(C(F)(F)F)C(F)(F)F)cc9)C%10=O)cc8)ccc7nc6-c6ccccc6)cc5)cc4)nc3c2)cc1,[*]Nc1ccc(Oc2ccc3nc(-c4ccccc4)c(-c4ccc(-c5ccc(-c6nc7cc(Oc8ccc(NC(=O)c9ccc%10c(c9)C(=O)N(c9ccc(C(c%11ccc(N%12C(=O)c%13ccc(C([*])=O)cc%13C%12=O)cc%11)(C(F)(F)F)C(F)(F)F)cc9)C%10=O)cc8)ccc7nc6-c6ccccc6)cc5)cc4)nc3c2)cc1,>= 0.80
517,588.15,575.43665,0.8115942028985508,-12.713354492187477,12.713354492187477,[*]Nc1ccc(Oc2cccc(NC(=O)c3ccc4c(c3)C(=O)N(c3ccc(-c5sc(-c6ccc(N7C(=O)c8ccc(C([*])=O)cc8C7=O)cc6)c(-c6ccccc6)c5-c5ccccc5)cc3)C4=O)c2)cc1,[*]Nc1cccc(NC(=O)c2ccc3c(c2)C(=O)N(c2ccc(-c4sc(-c5ccc(N6C(=O)c7ccc(C([*])=O)cc7C6=O)cc5)c(-c5ccccc5)c4-c4ccccc4)cc2)C3=O)c1,>= 0.80
518,575.15,552.1036,0.5949367088607594,-23.046423339843727,23.046423339843727,[*]Nc1ccc(Oc2cccc(NC(=O)c3ccc4c(c3)C(=O)N(c3ccc(Oc5ccc(C6(c7ccc(Oc8ccc(N9C(=O)c%10ccc(C([*])=O)cc%10C9=O)cc8)cc7)NC(=O)c7ccccc76)cc5)cc3)C4=O)c2)cc1,[*]Nc1ccc(C2(c3ccc(NC(=O)c4ccc5c(c4)C(=O)N(c4cccc(N6C(=O)c7ccc(C([*])=O)cc7C6=O)c4)C5=O)cc3)c3ccccc3-c3ccccc32)cc1,0.50 to 0.60
519,509.15,544.7766,0.6727272727272727,35.62661132812502,35.62661132812502,[*]Nc1ccc(Oc2cccc(NC(=O)c3ccc4c(c3)C(=O)N(c3ccc(Oc5ccc(N6C(=O)c7ccc(C([*])=O)cc7C6=O)cc5)cc3)C4=O)c2)cc1,[*]Nc1ccc(Oc2cccc(NC(=O)c3ccc(C([*])=O)cc3)c2)cc1,0.60 to 0.70
520,536.15,534.81104,0.7,-1.3389648437499773,1.3389648437499773,[*]Nc1ccc(Oc2cccc(NC(=O)c3ccc4c(c3)C(=O)N(c3ccc(Oc5ccc6ccc(Oc7ccc(N8C(=O)c9ccc(C([*])=O)cc9C8=O)cc7)cc6c5)cc3)C4=O)c2)cc1,[*]Nc1ccc(Oc2cccc(NC(=O)c3ccc(Oc4ccc5ccc(Oc6ccc(C([*])=O)cc6)cc5c4)cc3)c2)cc1,0.70 to 0.80
521,484.15,548.3878,0.6774193548387096,64.23781738281252,64.23781738281252,[*]Nc1ccc(Oc2cccc(NC(=O)c3ccc4c(c3)C(=O)N(c3ccc(Oc5cccc(N6C(=O)c7ccc(C([*])=O)cc7C6=O)c5)cc3)C4=O)c2)cc1,[*]Nc1cccc(N2C(=O)c3ccc(C(=O)c4ccc5c(c4)C(=O)N(c4cccc(NC(=O)c6cccc(C([*])=O)c6)c4)C5=O)cc3C2=O)c1,0.60 to 0.70
522,559.15,540.0811,0.7575757575757576,-19.068884277343727,19.068884277343727,[*]Nc1ccc(Oc2cccc(Oc3ccc(NC(=O)c4ccc(N5C(=O)c6ccc(C(c7ccc8c(c7)C(=O)N(c7ccc(C([*])=O)cc7)C8=O)(C(F)(F)F)C(F)(F)F)cc6C5=O)cc4)cc3)c2)cc1,[*]Nc1ccc(NC(=O)c2cccc(N3C(=O)c4ccc(C(c5ccc6c(c5)C(=O)N(c5cccc(C(=O)Nc7ccc(C([*])=O)cc7)c5)C6=O)(C(F)(F)F)C(F)(F)F)cc4C3=O)c2)cc1,0.70 to 0.80
523,449.65,449.61798,0.926829268292683,-0.03201904296872726,0.03201904296872726,[*]Nc1ccc(Oc2cccc(Oc3ccc(NC(=O)c4ccc(Oc5cccc(Oc6ccc(C([*])=O)cc6)c5)cc4)cc3)c2)cc1,[*]Nc1ccc(C(=O)c2ccc(Oc3cccc(Oc4ccc(C(=O)c5ccc(NC(=O)c6ccc(C([*])=O)cc6)cc5)cc4)c3)cc2)cc1,>= 0.80
524,561.15,546.7893,0.6233766233766234,-14.360693359374977,14.360693359374977,[*]Nc1ccc(Oc2cccc(Oc3ccc(NC(=O)c4ccc5c(c4)C(=O)N(c4ccc(Oc6ccc(C7(c8ccc(Oc9ccc(N%10C(=O)c%11ccc(C([*])=O)cc%11C%10=O)cc9)cc8)NC(=O)c8ccccc87)cc6)cc4)C5=O)cc3)c2)cc1,[*]Nc1ccc(C2(c3ccc(NC(=O)c4ccc5c(c4)C(=O)N(c4cccc(N6C(=O)c7ccc(C([*])=O)cc7C6=O)c4)C5=O)cc3)c3ccccc3-c3ccccc32)cc1,0.60 to 0.70
525,452.15,499.55002,0.6086956521739131,47.4000183105469,47.4000183105469,[*]Nc1ccc(Oc2cccc(Oc3ccc(NC(=O)c4ccc5c(c4)C(=O)N(c4ccc(Sc6ccc(Oc7ccc(Sc8ccc(N9C(=O)c%10ccc(C([*])=O)cc%10C9=O)cc8)cc7)cc6)cc4)C5=O)cc3)c2)cc1,[*]C(=O)c1cccc(C(=O)c2ccc(Oc3ccc(N4C(=O)c5ccc(Oc6ccc(Sc7ccc(Oc8ccc9c(c8)C(=O)N(c8ccc(Oc%10ccc([*])cc%10)cc8)C9=O)cc7)cc6)cc5C4=O)cc3)cc2)c1,0.60 to 0.70
526,526.15,519.3418,0.7428571428571429,-6.808203124999977,6.808203124999977,[*]Nc1ccc(Oc2cccc(Oc3ccc(NC(=O)c4cccc(N5C(=O)c6ccc(-c7ccc8c(c7)C(=O)N(c7cccc(C([*])=O)c7)C8=O)cc6C5=O)c4)cc3)c2)cc1,[*]Nc1ccc(Oc2ccc(S(=O)(=O)c3ccc(Oc4ccc(NC(=O)c5cccc(N6C(=O)c7ccc(-c8cccc9c8C(=O)N(c8cccc(C([*])=O)c8)C9=O)cc7C6=O)c5)cc4)cc3)cc2)cc1,0.70 to 0.80
527,537.15,541.0485,0.8676470588235294,3.8985229492187727,3.8985229492187727,[*]Nc1ccc(Oc2cccc(Oc3ccc(NC(=O)c4cccc(N5C(=O)c6ccc(C(c7ccc8c(c7)C(=O)N(c7cccc(C([*])=O)c7)C8=O)(C(F)(F)F)C(F)(F)F)cc6C5=O)c4)cc3)c2)cc1,[*]Nc1ccc(Oc2ccccc2Oc2ccc(NC(=O)c3cccc(N4C(=O)c5ccc(C(c6ccc7c(c6)C(=O)N(c6cccc(C([*])=O)c6)C7=O)(C(F)(F)F)C(F)(F)F)cc5C4=O)c3)cc2)cc1,>= 0.80
528,526.15,524.6546,0.855072463768116,-1.4953979492187273,1.4953979492187273,[*]Nc1ccc(Oc2cccc(Oc3ccc(NC(=O)c4cccc(N5C(=O)c6cccc(-c7ccc8c(c7)C(=O)N(c7cccc(C([*])=O)c7)C8=O)c6C5=O)c4)cc3)c2)cc1,[*]Nc1ccc(Oc2ccc(S(=O)(=O)c3ccc(Oc4ccc(NC(=O)c5cccc(N6C(=O)c7ccc(-c8cccc9c8C(=O)N(c8cccc(C([*])=O)c8)C9=O)cc7C6=O)c5)cc4)cc3)cc2)cc1,>= 0.80
529,549.15,525.01886,0.6666666666666666,-24.131140136718727,24.131140136718727,[*]Nc1ccc(Oc2cccc3c(NC(=O)c4ccc5c(c4)C(=O)N(c4ccc(Oc6cccc7c(N8C(=O)c9ccc(C([*])=O)cc9C8=O)cccc67)cc4)C5=O)cccc23)cc1,[*]c1ccc(NC(=O)c2ccc3c(c2)C(=O)N(c2ccc(Oc4cccc5c(N6C(=O)c7ccc(C(=O)Nc8ccc([*])cc8OC)cc7C6=O)cccc45)cc2)C3=O)c(OC)c1,0.60 to 0.70
530,513.15,517.585,0.6716417910447762,4.435021972656273,4.435021972656273,[*]Nc1ccc(Oc2ccccc2-c2ccccc2Oc2ccc(NC(=O)c3ccc4c(c3)C(=O)N(c3ccc(Cc5ccc(N6C(=O)c7ccc(C([*])=O)cc7C6=O)cc5)cc3)C4=O)cc2)cc1,[*]Nc1ccc(Cc2ccc(N3C(=O)c4cccc(Oc5ccc(C([*])=O)cc5)c4C3=O)cc2)cc1,0.60 to 0.70
531,541.15,524.44366,0.6764705882352942,-16.706335449218727,16.706335449218727,[*]Nc1ccc(Oc2ccccc2-c2ccccc2Oc2ccc(NC(=O)c3ccc4c(c3)C(=O)N(c3ccc(N5C(=O)c6ccc(C([*])=O)cc6C5=O)cc3)C4=O)cc2)cc1,[*]c1ccc(Oc2ccc(N3C(=O)c4ccc(C(=O)Nc5ccc(Oc6ccccc6-c6ccccc6Oc6ccc(NC(=O)c7ccc8c(c7)C(=O)N(c7ccc(Oc9ccc(C([*])(C)C)cc9)cc7)C8=O)cc6)cc5)cc4C3=O)cc2)cc1,0.60 to 0.70
532,512.15,507.89514,0.6619718309859155,-4.254858398437477,4.254858398437477,[*]Nc1ccc(Oc2ccccc2-c2ccccc2Oc2ccc(NC(=O)c3ccc4c(c3)C(=O)N(c3ccc(Oc5ccc(-c6ccc(Oc7ccc(N8C(=O)c9ccc(C([*])=O)cc9C8=O)cc7)cc6)cc5)cc3)C4=O)cc2)cc1,[*]c1ccc(Oc2ccc(N3C(=O)c4ccc(C(=O)Nc5ccc(Oc6ccccc6-c6ccccc6Oc6ccc(NC(=O)c7ccc8c(c7)C(=O)N(c7ccc(Oc9ccc(C([*])(C)C)cc9)cc7)C8=O)cc6)cc5)cc4C3=O)cc2)cc1,0.60 to 0.70
533,512.15,512.0037,0.6911764705882353,-0.14627685546872726,0.14627685546872726,[*]Nc1ccc(Oc2ccccc2-c2ccccc2Oc2ccc(NC(=O)c3ccc4c(c3)C(=O)N(c3ccc(Oc5ccc(N6C(=O)c7ccc(C([*])=O)cc7C6=O)cc5)cc3)C4=O)cc2)cc1,[*]c1ccc(Oc2ccc(N3C(=O)c4ccc(C(=O)Nc5ccc(Oc6ccccc6-c6ccccc6Oc6ccc(NC(=O)c7ccc8c(c7)C(=O)N(c7ccc(Oc9ccc(C([*])(C)C)cc9)cc7)C8=O)cc6)cc5)cc4C3=O)cc2)cc1,0.60 to 0.70
534,511.15,500.489,0.6911764705882353,-10.660986328124977,10.660986328124977,[*]Nc1ccc(Oc2ccccc2-c2ccccc2Oc2ccc(NC(=O)c3ccc4c(c3)C(=O)N(c3ccc(Oc5ccc(Oc6ccc(N7C(=O)c8ccc(C([*])=O)cc8C7=O)cc6)cc5)cc3)C4=O)cc2)cc1,[*]c1ccc(Oc2ccc(N3C(=O)c4ccc(C(=O)Nc5ccc(Oc6ccccc6-c6ccccc6Oc6ccc(NC(=O)c7ccc8c(c7)C(=O)N(c7ccc(Oc9ccc(C([*])(C)C)cc9)cc7)C8=O)cc6)cc5)cc4C3=O)cc2)cc1,0.60 to 0.70
535,509.15,515.13934,0.6842105263157895,5.989343261718773,5.989343261718773,[*]Nc1ccc(Oc2ccccc2-c2ccccc2Oc2ccc(NC(=O)c3ccc4c(c3)C(=O)N(c3ccc(Oc5ccc(S(=O)(=O)c6ccc(Oc7ccc(N8C(=O)c9ccc(C([*])=O)cc9C8=O)cc7)cc6)cc5)cc3)C4=O)cc2)cc1,[*]Nc1ccc(Oc2ccc(S(=O)(=O)c3ccc(Oc4ccc(NC(=O)c5cccc(N6C(=O)c7ccc(-c8cccc9c8C(=O)N(c8cccc(C([*])=O)c8)C9=O)cc7C6=O)c5)cc4)cc3)cc2)cc1,0.60 to 0.70
536,502.15,499.18542,0.6527777777777778,-2.9645751953124773,2.9645751953124773,[*]Nc1ccc(Oc2ccccc2-c2ccccc2Oc2ccc(NC(=O)c3ccc4c(c3)C(=O)N(c3ccc(Oc5cccc(Oc6ccc(N7C(=O)c8ccc(C([*])=O)cc8C7=O)cc6)c5)cc3)C4=O)cc2)cc1,[*]c1ccc(Oc2ccc(N3C(=O)c4ccc(C(=O)Nc5ccc(Oc6ccccc6-c6ccccc6Oc6ccc(NC(=O)c7ccc8c(c7)C(=O)N(c7ccc(Oc9ccc(C([*])(C)C)cc9)cc7)C8=O)cc6)cc5)cc4C3=O)cc2)cc1,0.60 to 0.70
537,500.15,518.59735,0.6764705882352942,18.447351074218773,18.447351074218773,[*]Nc1ccc(Oc2ccccc2-c2ccccc2Oc2ccc(NC(=O)c3ccc4c(c3)C(=O)N(c3ccc(Oc5ccccc5-c5ccccc5Oc5ccc(N6C(=O)c7ccc(C([*])=O)cc7C6=O)cc5)cc3)C4=O)cc2)cc1,[*]c1ccc(Oc2ccc(N3C(=O)c4ccc(C(=O)Nc5ccc(Oc6ccccc6-c6ccccc6Oc6ccc(NC(=O)c7ccc8c(c7)C(=O)N(c7ccc(Oc9ccc(C([*])(C)C)cc9)cc7)C8=O)cc6)cc5)cc4C3=O)cc2)cc1,0.60 to 0.70
538,510.15,524.8319,0.7142857142857143,14.681909179687523,14.681909179687523,[*]Nc1ccc(Oc2ccccc2-c2ccccc2Oc2ccc(NC(=O)c3ccc4c(c3)C(=O)N(c3cccc(N5C(=O)c6ccc(C([*])=O)cc6C5=O)c3)C4=O)cc2)cc1,[*]Nc1ccc(Oc2ccccc2Oc2ccc(NC(=O)c3cccc(N4C(=O)c5ccc(C(c6ccc7c(c6)C(=O)N(c6cccc(C([*])=O)c6)C7=O)(C(F)(F)F)C(F)(F)F)cc5C4=O)c3)cc2)cc1,0.70 to 0.80
539,554.15,537.7915,0.8382352941176471,-16.358496093749977,16.358496093749977,[*]Nc1ccc(Oc2ccccc2Oc2ccc(NC(=O)c3ccc(N4C(=O)c5ccc(C(c6ccc7c(c6)C(=O)N(c6ccc(C([*])=O)cc6)C7=O)(C(F)(F)F)C(F)(F)F)cc5C4=O)cc3)cc2)cc1,[*]Nc1ccc(Oc2ccccc2Oc2ccc(NC(=O)c3cccc(N4C(=O)c5ccc(C(c6ccc7c(c6)C(=O)N(c6cccc(C([*])=O)c6)C7=O)(C(F)(F)F)C(F)(F)F)cc5C4=O)c3)cc2)cc1,>= 0.80
540,499.15,524.1835,0.7272727272727273,25.033471679687523,25.033471679687523,[*]Nc1ccc(S(=O)(=O)c2ccc(N3C(=O)c4ccc(C(=O)c5ccc6c(c5)C(=O)N(c5ccc(S(=O)(=O)c7ccc(NC(=O)c8cccc(C([*])=O)c8)cc7)cc5)C6=O)cc4C3=O)cc2)cc1,[*]Nc1ccc(S(=O)(=O)c2ccc(NC(=O)c3ccc4c(c3)C(=O)N(c3cccc(P(=O)(c5ccccc5)c5cccc(N6C(=O)c7ccc(C([*])=O)cc7C6=O)c5)c3)C4=O)cc2)cc1,0.70 to 0.80
541,525.15,517.581,0.734375,-7.569006347656227,7.569006347656227,[*]Nc1ccc(S(=O)(=O)c2ccc(NC(=O)c3ccc4c(c3)C(=O)N(c3ccc(C([*])=O)cc3)C4=O)cc2)cc1,[*]Nc1ccc(S(=O)(=O)c2ccc(NC(=O)c3ccc4c(c3)C(=O)N(c3ccc(-c5sc(-c6ccc(N7C(=O)c8ccc(C([*])=O)cc8C7=O)cc6)c(-c6ccccc6)c5-c5ccccc5)cc3)C4=O)cc2)cc1,0.70 to 0.80
542,548.15,547.4998,0.7142857142857143,-0.6501831054687273,0.6501831054687273,[*]Nc1ccc(S(=O)(=O)c2ccc(NC(=O)c3ccc4c(c3)C(=O)N(c3ccc(Oc5ccc(N6C(=O)c7ccc(C([*])=O)cc7C6=O)cc5)cc3)C4=O)cc2)cc1,[*]Nc1ccc(Oc2ccc(S(=O)(=O)c3ccc(Oc4ccc(NC(=O)c5cccc(N6C(=O)c7ccc(-c8cccc9c8C(=O)N(c8cccc(C([*])=O)c8)C9=O)cc7C6=O)c5)cc4)cc3)cc2)cc1,0.70 to 0.80
543,580.15,554.9844,0.7619047619047619,-25.165624999999977,25.165624999999977,[*]Nc1ccc(S(=O)(=O)c2ccc(NC(=O)c3ccc4c(c3)C(=O)N(c3ccc(S(=O)(=O)c5ccc(N6C(=O)c7ccc(C([*])=O)cc7C6=O)cc5)cc3)C4=O)cc2)cc1,[*]Nc1ccc(S(=O)(=O)c2ccc(NC(=O)c3ccc4c(c3)C(=O)N(c3ccc(-c5sc(-c6ccc(N7C(=O)c8ccc(C([*])=O)cc8C7=O)cc6)c(-c6ccccc6)c5-c5ccccc5)cc3)C4=O)cc2)cc1,0.70 to 0.80
544,615.15,527.5937,0.8333333333333334,-87.55631103515623,87.55631103515623,[*]Nc1ccc(S(=O)(=O)c2ccc(NC(=O)c3ccc4c(c3)C(=O)N(c3cccc(N5C(=O)c6ccc(C([*])=O)cc6C5=O)c3)C4=O)cc2)cc1,[*]Nc1ccc(S(=O)(=O)c2ccc(NC(=O)c3ccc4c(c3)C(=O)N(c3cccc(P(=O)(c5ccccc5)c5cccc(N6C(=O)c7ccc(C([*])=O)cc7C6=O)c5)c3)C4=O)cc2)cc1,>= 0.80
545,585.15,552.05145,0.6075949367088608,-33.09854736328123,33.09854736328123,[*]Nc1ccc(Sc2ccc(NC(=O)c3ccc4c(c3)C(=O)N(c3ccc(Oc5ccc(C6(c7ccc(Oc8ccc(N9C(=O)c%10ccc(C([*])=O)cc%10C9=O)cc8)cc7)NC(=O)c7ccccc76)cc5)cc3)C4=O)cc2)cc1,[*]Nc1ccc(C2(c3ccc(NC(=O)c4ccc5c(c4)C(=O)N(c4cccc(N6C(=O)c7ccc(C([*])=O)cc7C6=O)c4)C5=O)cc3)c3ccccc3-c3ccccc32)cc1,0.60 to 0.70
546,557.15,540.63446,0.5964912280701754,-16.515539550781227,16.515539550781227,[*]Nc1ccc(Sc2ccc(NC(=O)c3ccc4c(c3)C(=O)N(c3ccc(Oc5ccc(N6C(=O)c7ccc(C([*])=O)cc7C6=O)cc5)cc3)C4=O)cc2)cc1,[*]C(=O)c1ccc2c(c1)C(=O)N(c1ccc(Oc3ccc([*])cc3)cc1)C2=O,0.50 to 0.60
547,560.95,549.3853,0.8125,-11.564685058593795,11.564685058593795,[*]Nc1ccc2ccccc2c1-c1c(NC(=O)c2ccc3c(c2)C(=O)N(c2ccc(Oc4ccc(N5C(=O)c6ccc(C([*])=O)cc6C5=O)cc4)cc2)C3=O)ccc2ccccc12,[*]Nc1ccc2ccccc2c1-c1c(NC(=O)c2ccc3c(c2)C(=O)N(c2ccc(Cc4ccc(N5C(=O)c6ccc(C([*])=O)cc6C5=O)cc4)cc2)C3=O)ccc2ccccc12,>= 0.80
548,513.15,521.6507,0.7547169811320755,8.500695800781273,8.500695800781273,[*]Nc1cccc(NC(=O)c2ccc3c(c2)C(=O)N(c2ccc(C([*])=O)cc2)C3=O)c1,[*]Nc1cccc(N2C(=O)c3ccc(C(=O)c4ccc5c(c4)C(=O)N(c4cccc(NC(=O)c6cccc(C([*])=O)c6)c4)C5=O)cc3C2=O)c1,0.70 to 0.80
549,601.15,549.47815,0.5769230769230769,-51.67185058593748,51.67185058593748,[*]Nc1cccc(NC(=O)c2ccc3c(c2)C(=O)N(c2ccc(Oc4ccc(C5(c6ccc(Oc7ccc(N8C(=O)c9ccc(C([*])=O)cc9C8=O)cc7)cc6)NC(=O)c6ccccc65)cc4)cc2)C3=O)c1,[*]Nc1ccc(C2(c3ccc(NC(=O)c4ccc5c(c4)C(=O)N(c4cccc(N6C(=O)c7ccc(C([*])=O)cc7C6=O)c4)C5=O)cc3)c3ccccc3-c3ccccc32)cc1,0.50 to 0.60
550,559.15,544.7153,0.640625,-14.434729003906227,14.434729003906227,[*]Nc1cccc(NC(=O)c2ccc3c(c2)C(=O)N(c2ccc(Oc4ccc5ccc(Oc6ccc(N7C(=O)c8ccc(C([*])=O)cc8C7=O)cc6)cc5c4)cc2)C3=O)c1,[*]Nc1cccc(N2C(=O)c3ccc(C(=O)c4ccc5c(c4)C(=O)N(c4cccc(NC(=O)c6cccc(C([*])=O)c6)c4)C5=O)cc3C2=O)c1,0.60 to 0.70
551,536.15,543.8317,0.640625,7.681726074218773,7.681726074218773,[*]Nc1cccc(NC(=O)c2ccc3c(c2)C(=O)N(c2ccc(Oc4cccc5c(Oc6ccc(N7C(=O)c8ccc(C([*])=O)cc8C7=O)cc6)cccc45)cc2)C3=O)c1,[*]Nc1cccc(N2C(=O)c3ccc(C(=O)c4ccc5c(c4)C(=O)N(c4cccc(NC(=O)c6cccc(C([*])=O)c6)c4)C5=O)cc3C2=O)c1,0.60 to 0.70
552,584.15,526.5271,0.75,-57.62290039062498,57.62290039062498,[*]Nc1cccc(NC(=O)c2ccc3c(c2)C(=O)N(c2ccc(S(=O)(=O)c4ccc(N5C(=O)c6ccc(C([*])=O)cc6C5=O)cc4)cc2)C3=O)c1,[*]Nc1cccc(S(=O)(=O)c2cccc(NC(=O)c3ccc(N4C(=O)c5ccc(-c6ccc7c(c6)C(=O)N(c6ccc(C([*])=O)cc6)C7=O)cc5C4=O)cc3)c2)c1,0.70 to 0.80
553,535.15,525.9109,0.8840579710144928,-9.239111328124977,9.239111328124977,[*]Nc1cccc(Oc2ccc(S(=O)(=O)c3ccc(Oc4cccc(NC(=O)c5ccc(N6C(=O)c7ccc(-c8ccc9c(c8)C(=O)N(c8ccc(C([*])=O)cc8)C9=O)cc7C6=O)cc5)c4)cc3)cc2)c1,[*]Nc1cccc(Oc2ccc(S(=O)(=O)c3ccc(Oc4cccc(NC(=O)c5ccc(N6C(=O)c7cccc(-c8ccc9c(c8)C(=O)N(c8ccc(C([*])=O)cc8)C9=O)c7C6=O)cc5)c4)cc3)cc2)c1,>= 0.80
554,508.15,515.94727,0.8142857142857143,7.797265625000023,7.797265625000023,[*]Nc1cccc(Oc2ccc(S(=O)(=O)c3ccc(Oc4cccc(NC(=O)c5ccc6c(c5)C(=O)N(c5ccc(C([*])=O)cc5)C6=O)c4)cc3)cc2)c1,[*]Nc1cccc(Oc2ccc(S(=O)(=O)c3ccc(Oc4cccc(NC(=O)c5ccc(N6C(=O)c7cccc(-c8ccc9c(c8)C(=O)N(c8ccc(C([*])=O)cc8)C9=O)c7C6=O)cc5)c4)cc3)cc2)c1,>= 0.80
555,488.15,520.67664,0.6290322580645161,32.52663574218752,32.52663574218752,[*]Nc1ccccc1NC(=O)c1ccc2c(c1)C(=O)N(c1ccc(C([*])=O)cc1)C2=O,[*]Nc1ccc2ccccc2c1-c1c(NC(=O)c2ccc3c(c2)C(=O)N(c2ccc(Cc4ccc(N5C(=O)c6ccc(C([*])=O)cc6C5=O)cc4)cc2)C3=O)ccc2ccccc12,0.60 to 0.70
556,556.15,498.52444,0.8524590163934426,-57.62555541992185,57.62555541992185,[*]c1ccc(Oc2ccc(N3C(=O)c4ccc(C(=O)Nc5ccc(Oc6ccc(-c7ccc(Oc8ccc(NC(=O)c9ccc%10c(c9)C(=O)N(c9ccc(Oc%11ccc(C([*])(C)C)cc%11)cc9)C%10=O)cc8)cc7)cc6)cc5)cc4C3=O)cc2)cc1,[*]c1ccc(Oc2ccc(NC(=O)c3ccc4c(c3)C(=O)N(c3ccc(Oc5cccc(N6C(=O)c7ccc(C(=O)Nc8ccc(Oc9ccc(C([*])(C)C)cc9)cc8)cc7C6=O)c5)cc3)C4=O)cc2)cc1,>= 0.80
557,489.15,530.8434,0.896551724137931,41.69338378906252,41.69338378906252,[*]c1ccc(Oc2ccc(NC(=O)c3ccc(N4C(=O)c5ccc(C(=O)Nc6ccc(Oc7ccc(C([*])(C)C)cc7)cc6)cc5C4=O)cc3)cc2)cc1,[*]c1ccc(Oc2ccc(NC(=O)c3ccc4c(c3)C(=O)N(c3ccc(Oc5cccc(N6C(=O)c7ccc(C(=O)Nc8ccc(Oc9ccc(C([*])(C)C)cc9)cc8)cc7C6=O)c5)cc3)C4=O)cc2)cc1,>= 0.80
558,473.15,465.62244,0.574468085106383,-7.527563476562477,7.527563476562477,[*]c1ccc(Oc2ccc(C(=O)c3ccc(Oc4ccc(C(C)(C)C5CCC([*])(C)CC5)cc4)cc3)cc2)cc1,[*]c1ccc(Oc2ccc(C(=O)c3ccc(Oc4ccc(C([*])(C)C)cc4)cc3)cc2)cc1,0.50 to 0.60
559,408.15,393.30362,0.574468085106383,-14.846380615234352,14.846380615234352,[*]c1ccc(OCC(O)COc2ccc(C(C)(C)C3CCC([*])(C)CC3)cc2)cc1,[*]c1ccc(OCC(O)COc2ccc(C([*])(C)C)cc2)cc1,0.50 to 0.60
560,528.15,522.7803,0.6507936507936508,-5.369726562499977,5.369726562499977,[*]c1ccc(C(=O)Oc2ccc(C3(c4ccc(OC(=O)c5ccc([Si]([*])(C)C)cc5)cc4)c4ccccc4C(=O)N3c3ccccc3)cc2)cc1,[*]c1ccc(C(=O)Oc2ccc(C3(c4ccc(OC(=O)c5ccc([Si]([*])(C)C)cc5)cc4)OC(=O)c4ccccc43)cc2)cc1,0.60 to 0.70
561,533.15,499.77158,0.4324324324324324,-33.3784240722656,33.3784240722656,[*]NC(=O)c1ccc(Oc2cc(C(C)(C)C)c(Oc3ccc(C(=O)Nc4c(C)cc(Cc5cc(C)c([*])c(C(C)C)c5)cc4C(C)C)cc3)cc2C(C)(C)C)cc1,[*]Oc1ccc(C(=O)Nc2ccc(C(C)(C)c3ccc(NC(=O)c4ccc(Oc5cc(C(C)(C)C)c([*])cc5C(C)(C)C)cc4)cc3)cc2)cc1,< 0.50
562,563.15,539.592,0.5344827586206896,-23.558020019531227,23.558020019531227,[*]Nc1ccc(Oc2ccc(Oc3ccc(NC(=O)c4cc5cc(Cc6ccc7oc(=O)c(C([*])=O)cc7c6)ccc5oc4=O)cc3)cc2)cc1,[*]Nc1ccc(Cc2ccc(NC(=O)c3ccc(Oc4ccc(Oc5ccc(C([*])=O)cc5)cc4)cc3)cc2)cc1,0.50 to 0.60
563,602.15,518.4868,0.4925373134328358,-83.66318359374998,83.66318359374998,[*]Nc1ccc(C(c2ccc(NC(=O)c3cc4cc(Cc5ccc6oc(=O)c(C([*])=O)cc6c5)ccc4oc3=O)cc2)(C(F)(F)F)C(F)(F)F)cc1,[*]Nc1ccc(Cc2ccc(NC(=O)Oc3ccc(C(c4ccc(OC([*])=O)cc4)(C(F)(F)F)C(F)(F)F)cc3)cc2)cc1,< 0.50
564,556.15,522.2211,0.5454545454545454,-33.92886962890623,33.92886962890623,[*]Nc1ccc(Oc2ccc(C(c3ccc(Oc4ccc(NC(=O)c5cc6cc(Cc7ccc8oc(=O)c(C([*])=O)cc8c7)ccc6oc5=O)cc4)cc3)(C(F)(F)F)C(F)(F)F)cc2)cc1,[*]Nc1ccc(NC(=O)c2ccc(Oc3ccc(C(c4ccc(Oc5ccc(C([*])=O)cc5)cc4)(C(F)(F)F)C(F)(F)F)cc3)cc2)cc1,0.50 to 0.60
565,585.15,540.28143,0.5344827586206896,-44.86856689453123,44.86856689453123,[*]Nc1ccc(Oc2ccc(NC(=O)c3cc4cc(Cc5ccc6oc(=O)c(C([*])=O)cc6c5)ccc4oc3=O)cc2)cc1,[*]Nc1ccc(Cc2ccc(NC(=O)c3ccc(Oc4ccc(Oc5ccc(C([*])=O)cc5)cc4)cc3)cc2)cc1,0.50 to 0.60
566,402.15,396.43286,0.423728813559322,-5.717138671874977,5.717138671874977,[*]C=Cc1ccc2c(c1)Sc1cc([*])ccc1N2c1ccc(OCCCCCCCCCCCC)cc1,[*]c1ccc2c(c1)C(=O)N(c1ccc(OCCCCCCCCCCOc3ccc(N4C(=O)c5ccc([*])cc5C4=O)cc3)cc1)C2=O,< 0.50
567,440.15,411.95575,0.430379746835443,-28.194250488281227,28.194250488281227,[*]C=Cc1ccc(/C=C/c2ccc3c(c2)Sc2cc([*])ccc2N3c2ccc(OCCCCCCCCCCCC)cc2)cc1,[*]C=Cc1ccc2c(c1)C(CCCCCCOc1ccc3ccc(=O)oc3c1)(CCCCCCOc1ccc3ccc(=O)oc3c1)c1cc(C=Cc3ccc4c(c3)C(CCCCCC)(CCCCCC)c3cc([*])ccc3-4)ccc1-2,< 0.50
568,428.15,405.2915,0.3928571428571428,-22.858496093749977,22.858496093749977,[*]C=Cc1ccc(/C=C/c2ccc3c(c2)Sc2cc([*])ccc2N3c2ccc(OCCCCCCCCCCCC)cc2)s1,[*]C=Cc1ccc2c(c1)C(CCCCCCOc1ccc3ccc(=O)oc3c1)(CCCCCCOc1ccc3ccc(=O)oc3c1)c1cc(C=Cc3ccc4c(c3)C(CCCCCC)(CCCCCC)c3cc([*])ccc3-4)ccc1-2,< 0.50
569,325.15,496.01105,0.5263157894736842,170.86104736328127,170.86104736328127,[*]N[Se]Nc1cccc2c1C(=O)c1cccc([*])c1C2=O,[*]N[Se]Nc1cccc2c([*])cccc12,0.50 to 0.60
570,500.15,512.798,0.6037735849056604,12.647973632812523,12.647973632812523,[*]NC(=O)Nc1ccc(CCc2ccccc2NC(=O)Nc2cc([*])ccc2C)cc1,[*]Nc1ccc(CCc2ccc(NC(=O)Nc3ccccc3CCc3ccc(NC([*])=O)cc3)cc2)cc1,0.60 to 0.70
571,495.15,462.28534,0.4313725490196078,-32.86466064453123,32.86466064453123,[*]c1ccc(N(c2ccc(C)cc2)c2ccc(C([*])c3ccc(C(=O)OC)cc3)cc2)cc1,[*]c1ccc(-c2ccc(N(c3ccc(C)cc3)c3ccc(C(c4ccccc4)c4ccc(N([*])c5ccc(C)cc5)cc4)cc3)cc2)cc1,< 0.50
572,505.15,468.97394,0.6666666666666666,-36.17606201171873,36.17606201171873,[*]Nc1ccc(Oc2ccc(-c3ccc(Oc4ccc(NC(=O)c5ccc(Oc6ccc(Oc7ccc(C([*])=O)cc7)cc6-c6ccccc6)cc5)cc4)cc3)cc2)cc1,[*]Nc1ccc(Oc2ccc(NC(=O)c3ccc(P(=O)(c4ccccc4)c4ccc(C([*])=O)cc4)cc3)cc2)cc1,0.60 to 0.70
573,459.15,453.0274,0.7450980392156863,-6.122595214843727,6.122595214843727,[*]C(=O)c1ccc(-c2ccc(C(=O)c3ccc(Oc4ccc(Oc5ccc([*])cc5)cc4-c4ccccc4)cc3)cc2)cc1,[*]C(=O)c1ccc(C(=O)c2ccc(Oc3ccc(Oc4ccc([*])cc4)cc3-c3ccc(S(=O)(=O)O)cc3)cc2)cc1,0.70 to 0.80
574,439.15,432.0583,0.74,-7.091711425781227,7.091711425781227,[*]C(=O)c1ccc(C(=O)c2ccc(Oc3ccc(Oc4ccc([*])cc4)cc3-c3ccccc3)cc2)cc1,[*]C(=O)c1ccc(C(=O)c2ccc(Oc3ccc(Oc4ccc([*])cc4)cc3-c3ccc(S(=O)(=O)O)cc3)cc2)cc1,0.70 to 0.80
575,419.15,431.12894,0.7,11.978936767578148,11.978936767578148,[*]C(=O)c1ccc(Oc2ccc(Oc3ccc([*])cc3)cc2-c2ccc(Oc3ccccc3)cc2)cc1,[*]C(=O)c1ccc(C(=O)c2ccc(Oc3ccc(Oc4ccc([*])cc4)cc3-c3ccc(S(=O)(=O)O)cc3)cc2)cc1,0.70 to 0.80
576,430.15,425.88885,0.7291666666666666,-4.261145019531227,4.261145019531227,[*]C(=O)c1ccc(Oc2ccc(Oc3ccc([*])cc3)cc2-c2ccccc2)cc1,[*]C(=O)c1ccc(Oc2ccc(Oc3ccc([*])cc3)cc2-c2cccc(C(F)(F)F)c2)cc1,0.70 to 0.80
577,578.15,534.5703,0.6904761904761905,-43.57968749999998,43.57968749999998,[*]Nc1ccc(-c2c(-c3ccc(-c4ccccc4)cc3)cc(-c3ccc(-c4cc(-c5ccc(-c6ccccc6)cc5)c(-c5ccc(NC(=O)c6ccc(C([*])=O)cc6)cc5)c(-c5ccc(-c6ccccc6)cc5)c4)cc3)cc2-c2ccc(-c3ccccc3)cc2)cc1,[*]Nc1ccc(-c2ccc(NC(=O)c3ccc(C([*])=O)cc3)cc2)cc1,0.60 to 0.70
578,384.15,434.72366,0.6206896551724138,50.57366333007815,50.57366333007815,[*]Nc1ccc(-c2c(-c3ccc(-c4ccccc4)cc3)cc(-c3ccc(OCCCCCCCCCCOc4ccc(-c5cc(-c6ccc(-c7ccccc7)cc6)c(-c6ccc(NC(=O)c7ccc(C([*])=O)cc7)cc6)c(-c6ccc(-c7ccccc7)cc6)c5)cc4)cc3)cc2-c2ccc(-c3ccccc3)cc2)cc1,[*]Nc1ccc(OCCCCCCCCOc2ccc(NC(=O)c3cccc(C([*])=O)c3)cc2)cc1,0.60 to 0.70
579,394.65,441.57376,0.6206896551724138,46.92376098632815,46.92376098632815,[*]Nc1ccc(-c2c(-c3ccc(-c4ccccc4)cc3)cc(-c3ccc(OCCCCCCOc4ccc(-c5cc(-c6ccc(-c7ccccc7)cc6)c(-c6ccc(NC(=O)c7ccc(C([*])=O)cc7)cc6)c(-c6ccc(-c7ccccc7)cc6)c5)cc4)cc3)cc2-c2ccc(-c3ccccc3)cc2)cc1,[*]Nc1ccc(OCCCCCCCCOc2ccc(NC(=O)c3cccc(C([*])=O)c3)cc2)cc1,0.60 to 0.70
580,563.15,527.31177,0.6904761904761905,-35.83823242187498,35.83823242187498,[*]Nc1ccc(-c2c(-c3ccccc3)cc(-c3ccc(-c4cc(-c5ccccc5)c(-c5ccc(NC(=O)c6ccc(C([*])=O)cc6)cc5)c(-c5ccccc5)c4)cc3)cc2-c2ccccc2)cc1,[*]Nc1ccc(-c2ccc(NC(=O)c3ccc(C([*])=O)cc3)cc2)cc1,0.60 to 0.70
581,389.15,449.30157,0.6206896551724138,60.15157470703127,60.15157470703127,[*]Nc1ccc(-c2c(-c3ccccc3)cc(-c3ccc(OCCCCCCCCCCOc4ccc(-c5cc(-c6ccccc6)c(-c6ccc(NC(=O)c7ccc(C([*])=O)cc7)cc6)c(-c6ccccc6)c5)cc4)cc3)cc2-c2ccccc2)cc1,[*]Nc1ccc(OCCCCCCCCOc2ccc(NC(=O)c3cccc(C([*])=O)c3)cc2)cc1,0.60 to 0.70
582,400.15,481.61932,0.6206896551724138,81.46932373046877,81.46932373046877,[*]Nc1ccc(-c2c(-c3ccccc3)cc(-c3ccc(OCCCCCCOc4ccc(-c5cc(-c6ccccc6)c(-c6ccc(NC(=O)c7ccc(C([*])=O)cc7)cc6)c(-c6ccccc6)c5)cc4)cc3)cc2-c2ccccc2)cc1,[*]Nc1ccc(OCCCCCCCCOc2ccc(NC(=O)c3cccc(C([*])=O)c3)cc2)cc1,0.60 to 0.70
583,524.15,510.19827,0.8571428571428571,-13.951727294921852,13.951727294921852,[*]Nc1ccc(-c2ccccc2NC(=O)c2ccc(Oc3ccc(C([*])=O)cc3)cc2)cc1,[*]Nc1ccc(-c2ccccc2NC(=O)c2ccc(C([*])=O)cc2)cc1,>= 0.80
584,491.15,505.53973,0.7169811320754716,14.389733886718773,14.389733886718773,[*]Nc1ccc(Cc2ccc(NC(=O)c3ccc(Oc4ccc(Oc5ccc(C([*])=O)cc5)cc4-c4ccccc4)cc3)cc2)cc1,[*]Nc1ccc(Cc2ccc(NC(=O)c3ccc(Oc4ccc(Oc5ccc(C([*])=O)cc5)cc4)cc3)cc2)cc1,0.70 to 0.80
585,492.15,470.06424,0.660377358490566,-22.085760498046852,22.085760498046852,[*]Nc1ccc(Oc2ccc(NC(=O)c3ccc(Oc4ccc(Oc5ccc(C([*])=O)cc5)cc4-c4ccccc4)cc3)cc2)cc1,[*]Nc1ccc(C(=O)c2ccc(Oc3cccc(Oc4ccc(C(=O)c5ccc(NC(=O)c6ccc(C([*])=O)cc6)cc5)cc4)c3)cc2)cc1,0.60 to 0.70
586,482.15,453.1881,0.660377358490566,-28.961889648437477,28.961889648437477,[*]Nc1ccc(Oc2ccc(Oc3ccc(NC(=O)c4ccc(Oc5ccc(Oc6ccc(C([*])=O)cc6)cc5-c5ccccc5)cc4)cc3)cc2)cc1,[*]Nc1ccc(C(=O)c2ccc(Oc3cccc(Oc4ccc(C(=O)c5ccc(NC(=O)c6ccc(C([*])=O)cc6)cc5)cc4)c3)cc2)cc1,0.60 to 0.70
587,473.65,481.58212,0.660377358490566,7.932122802734398,7.932122802734398,[*]Nc1ccc(Oc2ccc(Oc3ccc(NC(=O)c4ccc(Oc5ccc(Oc6ccc(C([*])=O)cc6)cc5-c5ccccc5)cc4)cc3)cc2-c2ccccc2)cc1,[*]Nc1ccc(C(=O)c2ccc(Oc3cccc(Oc4ccc(C(=O)c5ccc(NC(=O)c6ccc(C([*])=O)cc6)cc5)cc4)c3)cc2)cc1,0.60 to 0.70
588,508.15,490.69943,0.7959183673469388,-17.450567626953102,17.450567626953102,[*]Nc1cccc(Oc2ccc(P(=O)(c3ccccc3)c3ccc(Oc4cccc(NC(=O)c5ccc(P(=O)(c6ccccc6)c6ccc(C([*])=O)cc6)cc5)c4)cc3)cc2)c1,[*]Nc1ccc(Oc2ccc(NC(=O)c3ccc(P(=O)(c4ccccc4)c4ccc(C([*])=O)cc4)cc3)cc2)cc1,0.70 to 0.80
589,583.15,554.0743,0.8461538461538461,-29.075720214843727,29.075720214843727,[*]c1ccc(Oc2ccc(S(=O)(=O)c3ccc(Oc4ccc(-c5c6c(c([*])c7ccccc57)C(=O)N(c5ccccc5)C6=O)cc4)cc3)cc2)cc1,[*]c1ccc(Oc2ccc(S(=O)(=O)c3ccc(Oc4ccc(-c5c6c(c([*])c7ccccc57)C(=O)N(c5ccc(F)cc5)C6=O)cc4)cc3)cc2)cc1,>= 0.80
590,634.15,580.86536,0.864406779661017,-53.28464355468748,53.28464355468748,[*]c1ccc(Oc2ccc(-c3c4ccccc4c(-c4ccc(Oc5ccc(-c6c7c(c([*])c8ccccc68)C(=O)N(c6ccccc6)C7=O)cc5)c(C(F)(F)F)c4)c4ccccc34)cc2C(F)(F)F)cc1,[*]c1ccc(Oc2ccc(-c3ccc(-c4ccc(Oc5ccc(-c6c7c(c([*])c8ccccc68)C(=O)N(c6ccccc6)C7=O)cc5)c(C(F)(F)F)c4)s3)cc2C(F)(F)F)cc1,>= 0.80
591,607.15,540.8891,0.864406779661017,-66.26090087890623,66.26090087890623,[*]c1ccc(Oc2ccc(-c3ccc(-c4ccc(-c5ccc(Oc6ccc(-c7c8c(c([*])c9ccccc79)C(=O)N(c7ccccc7)C8=O)cc6)c(C(F)(F)F)c5)cc4)cc3)cc2C(F)(F)F)cc1,[*]c1ccc(Oc2ccc(-c3ccc(-c4ccc(Oc5ccc(-c6c7c(c([*])c8ccccc68)C(=O)N(c6ccccc6)C7=O)cc5)c(C(F)(F)F)c4)s3)cc2C(F)(F)F)cc1,>= 0.80
592,590.15,555.6507,0.864406779661017,-34.49930419921873,34.49930419921873,[*]c1ccc(Oc2ccc(-c3ccc(-c4ccc(Oc5ccc(-c6c7c(c([*])c8ccccc68)C(=O)N(c6ccccc6)C7=O)cc5)c(C(F)(F)F)c4)cc3)cc2C(F)(F)F)cc1,[*]c1ccc(Oc2ccc(-c3ccc(-c4ccc(Oc5ccc(-c6c7c(c([*])c8ccccc68)C(=O)N(c6ccccc6)C7=O)cc5)c(C(F)(F)F)c4)s3)cc2C(F)(F)F)cc1,>= 0.80
593,544.15,562.7563,0.8387096774193549,18.606286621093773,18.606286621093773,[*]c1ccc(Oc2ccc(-c3cccc(-c4ccc(Oc5ccc(-c6c7c(c([*])c8ccccc68)C(=O)N(c6ccccc6)C7=O)cc5)c(C(F)(F)F)c4)c3)cc2C(F)(F)F)cc1,[*]c1ccc(Oc2ccc(-c3cccc(-c4ccc(Oc5ccc(-c6c7c(c([*])c8ccccc68)C(=O)N(c6ccccc6)C7=O)cc5)c(C(F)(F)F)c4)n3)cc2C(F)(F)F)cc1,>= 0.80
594,587.15,535.1877,0.7254901960784313,-51.96231689453123,51.96231689453123,[*]c1ccc(Oc2ccc(S(=O)(=O)c3ccc(Oc4ccc(-c5c6c(c([*])c7ccccc57)C(=O)N(C)C6=O)cc4)cc3)cc2)cc1,[*]c1ccc(Oc2ccc(C(=O)c3ccc(Oc4ccc(-c5c6c(c([*])c7ccccc57)C(=O)N(C)C6=O)cc4)cc3)cc2)cc1,0.70 to 0.80
595,440.15,418.49307,0.7627118644067796,-21.656927490234352,21.656927490234352,[*]c1ccc(Oc2ccc(S(=O)(=O)c3ccc(Oc4ccc(-c5c6c(c([*])c7ccccc57)C(=O)N(CCCCCCCCCCCC)C6=O)cc4)cc3)cc2)cc1,[*]c1ccc(Oc2ccc(C(=O)c3ccc(Oc4ccc(-c5c6c(c([*])c7ccccc57)C(=O)N(CCCCCCCCCCCC)C6=O)cc4)cc3)cc2)cc1,0.70 to 0.80
596,563.15,539.27435,0.8070175438596491,-23.875646972656227,23.875646972656227,[*]c1ccc(Oc2ccc(S(=O)(=O)c3ccc(Oc4ccc(-c5c6c(c([*])c7ccccc57)C(=O)N(c5ccc(C(F)(F)F)cc5)C6=O)cc4)cc3)cc2)cc1,[*]c1ccc(Oc2ccc(S(=O)(=O)c3ccc(Oc4ccc(-c5c6c(c([*])c7ccccc57)C(=O)N(c5ccc(F)cc5)C6=O)cc4)cc3)cc2)cc1,>= 0.80
597,553.15,553.92725,0.8181818181818182,0.7772460937500227,0.7772460937500227,[*]c1ccc(Oc2ccc(S(=O)(=O)c3ccc(Oc4ccc(-c5c6c(c([*])c7ccccc57)C(=O)N(c5ccc(Cl)cc5)C6=O)cc4)cc3)cc2)cc1,[*]c1ccc(Oc2ccc(S(=O)(=O)c3ccc(Oc4ccc(-c5c6c(c([*])c7ccccc57)C(=O)N(c5ccc(F)cc5)C6=O)cc4)cc3)cc2)cc1,>= 0.80
598,553.65,538.63696,0.7213114754098361,-15.013037109374977,15.013037109374977,[*]c1ccc(Oc2ccc(S(=O)(=O)c3ccc(Oc4ccc(-c5c6c(c([*])c7ccccc57)C(=O)N(c5cccc(C(F)(F)F)c5)C6=O)cc4)cc3)cc2)cc1,[*]c1ccc(Oc2ccc(S(=O)(=O)c3ccc(Oc4ccc(-c5c6c(c([*])c7ccccc57)C(=O)N(c5ccc(F)cc5)C6=O)cc4)cc3)cc2)cc1,0.70 to 0.80
599,551.15,547.03796,0.6949152542372882,-4.112036132812477,4.112036132812477,[*]c1ccc(Oc2ccc(S(=O)(=O)c3ccc(Oc4ccc(-c5c6c(c([*])c7ccccc57)C(=O)N(c5ccccc5-c5ccccc5)C6=O)cc4)cc3)cc2)cc1,[*]C(=O)c1ccc(Oc2ccc(-c3c4c(c(-c5ccc(Oc6ccc([*])cc6)cc5)c5ccccc35)C(=O)N(c3ccccc3-c3ccccc3)C4=O)cc2)cc1,0.60 to 0.70
600,563.15,539.35315,0.7049180327868853,-23.796850585937477,23.796850585937477,[*]c1ccc(Oc2ccc(S(=O)(=O)c3ccc(Oc4ccc(-c5c6c(c([*])c7ccccc57)C(=O)N(c5ccccc5C(F)(F)F)C6=O)cc4)cc3)cc2)cc1,[*]C(=O)c1ccc(Oc2ccc(-c3c4c(c(-c5ccc(Oc6ccc([*])cc6)cc5)c5ccccc35)C(=O)N(c3ccccc3C(F)(F)F)C4=O)cc2)cc1,0.70 to 0.80
601,283.15,280.714,0.5882352941176471,-2.4360107421874773,2.4360107421874773,[*]CC([*])OC(=O)C(C)(C)CCC,[*]CC([*])OC(=O)C(C)(CC)C(C)(C)C,0.50 to 0.60
602,363.15,358.45392,0.65625,-4.696081542968727,4.696081542968727,[*]CC([*])OC(=O)C(C)(C)C(C)(C)CC,[*]CC([*])OC(=O)C(C)(CC)C(C)(C)C,0.60 to 0.70
603,328.15,362.5238,0.59375,34.37380371093752,34.37380371093752,[*]CC([*])OC(=O)C(C)(C)CC(C)(C)C,[*]CC([*])OC(=O)C(C)(C(C)C)C(C)C,0.50 to 0.60
604,436.15,499.4449,0.4629629629629629,63.29488525390627,63.29488525390627,[*]c1ccc(Oc2ccc(N3C(=O)N4C(c5ccc(OC)cc5)N([*])C(=O)N4C3c3ccc(OC)cc3)cc2)cc1,[*]c1ccc(Oc2ccc(-n3c(=O)c4c(Oc5ccc(OC)cc5)c5c(=O)n([*])c(=O)c5c(Oc5ccc(OC)cc5)c4c3=O)cc2)cc1,< 0.50
605,339.15,339.96466,0.6190476190476191,0.8146606445312727,0.8146606445312727,[*]CC([*])c1ccc(C(=O)CCCCC)cc1,[*]CC([*])c1ccc(C(=O)OCCCCCC)cc1,0.60 to 0.70
606,323.15,316.5492,0.6428571428571429,-6.600805664062477,6.600805664062477,[*]CC([*])c1ccc(C(=O)CCCCCCC)cc1,[*]CC([*])c1ccc(C(=O)OCCCCCC)cc1,0.60 to 0.70
607,448.15,463.41232,0.6170212765957447,15.262322998046898,15.262322998046898,[*]c1ccc(Oc2c(F)c(F)c(C(=O)c3c(F)c(F)c(Oc4ccc(C([*])(C)c5ccccc5)cc4)c(F)c3F)c(F)c2F)cc1,[*]c1ccc(Oc2ccc(C(=O)C(=O)c3ccc(Oc4ccc(C([*])(C)c5ccccc5)cc4)cc3)cc2)cc1,0.60 to 0.70
608,632.15,581.9221,0.6,-50.22788085937498,50.22788085937498,[*]c1ccc(Sc2ccc(-n3c(=O)c4cc5c(=O)n([*])c(=O)c5cc4c3=O)cn2)nc1,[*]c1ccc(-n2c(=O)c3cc4c(=O)n([*])c(=O)c4cc3c2=O)cc1,0.60 to 0.70
609,373.15,357.72125,0.5675675675675675,-15.428747558593727,15.428747558593727,[*]OCCN(CCOC(=O)c1ccc(OCC#CC#CCOc2ccc(C([*])=O)cc2)cc1)c1ccc([N+](=O)[O-])cc1,[*]OCCN(CCOC(=O)c1ccc(C([*])=O)cc1)c1ccc(-c2nc3ccc([N+](=O)[O-])cc3o2)cc1,0.50 to 0.60
610,373.15,384.33984,0.5802469135802469,11.189843750000023,11.189843750000023,[*]OCCN(CCOC(=O)c1ccc(OCC#CC#CCOc2ccc(C([*])=O)cc2)cc1)c1ccc(/N=N/c2ccc([N+](=O)[O-])cc2)cc1,[*]OCCN(CCOC(=O)c1ccc2c(c1)C(=O)N(c1cccc(N3C(=O)c4ccc(C([*])=O)cc4C3=O)c1)C2=O)c1ccc(/N=N/c2ccc([N+](=O)[O-])cc2)cc1,0.50 to 0.60
611,362.15,327.07617,0.5961538461538461,-35.07382812499998,35.07382812499998,[*]OCCCCCCCCCCCCOc1ccc(/C=N/N=C/c2ccc([*])cc2O)c(O)c1,[*]c1ccc(/N=C/c2ccc(OCCCCCCCCCCOc3ccc(/C=N/c4ccc([*])cc4OC)c(O)c3)cc2O)c(OC)c1,0.50 to 0.60
612,334.15,345.67084,0.7297297297297297,11.520837402343773,11.520837402343773,[*]CC([*])(Cl)C(=O)OCCC(F)(F)C(F)(F)C(F)(F)C(F)(F)C(F)(F)C(F)(F)C(F)(F)C(F)(F)F,[*]CC([*])(F)C(=O)OCCC(F)(F)C(F)(F)C(F)(F)C(F)(F)C(F)(F)C(F)(F)C(F)(F)C(F)(F)C(F)(F)C(F)(F)F,0.70 to 0.80
613,406.15,331.6609,0.5733333333333334,-74.48911132812498,74.48911132812498,[*]CC([*])(C)C(=O)OCCCCCCCCCCCCCCC(=O)NC1OC(CO)C(OC2OC(CO)C(O)C(O)C2O)C(O)C1O,[*]CC([*])(C)C(=O)OCCCCCCCCCCCCCCC(=O)NC1OC(COC(C)=O)C(OC2OC(COC(C)=O)C(OC(C)=O)C(OC(C)=O)C2OC(C)=O)C(OC(C)=O)C1OC(C)=O,0.50 to 0.60
614,343.65,327.98898,0.5333333333333333,-15.661016845703102,15.661016845703102,[*]CC([*])C(=O)OC(Cl)C(Cl)(Cl)Cl,[*]CC([*])C(=O)OC(C)C,0.50 to 0.60
615,325.15,288.16644,0.5909090909090909,-36.98355712890623,36.98355712890623,[*]CCCCCCCCC(=O)OCCCCCCCCCCCOc1ccc(-c2nnc(-c3ccc(OCCCCCCCCCCCOC([*])=O)cc3)s2)cc1,[*]CCCCC(=O)OCCCCCCCCCCOC([*])=O,0.50 to 0.60
616,342.15,290.57266,0.5909090909090909,-51.57733764648435,51.57733764648435,[*]CCCCC(=O)OCCCCCCCCCCCOc1ccc(-c2nnc(-c3ccc(OCCCCCCCCCCCOC([*])=O)cc3)s2)cc1,[*]CCCCC(=O)OCCCCCCCCCCOC([*])=O,0.50 to 0.60
617,423.15,430.2592,0.52,7.109185791015648,7.109185791015648,[*]Oc1ccc(/N=N/c2ccc(S(=O)(=O)c3ccc(/N=N/c4ccc(OC(=O)c5ccc(/N=N/c6ccc(C([*])=O)cc6)cc5)cc4)cc3[N+](=O)[O-])c([N+](=O)[O-])c2)cc1,[*]Oc1ccc(OC(=O)c2ccc(OC(=O)c3ccc(C(=O)Oc4ccc(C([*])=O)cc4)cc3)cc2)cc1,0.50 to 0.60
618,433.15,421.2029,0.5306122448979592,-11.947088623046852,11.947088623046852,[*]Oc1ccc(/N=N/c2ccc(Cc3ccc(/N=N/c4ccc(OC(=O)c5ccc(/N=N/c6ccc(C([*])=O)cc6)cc5)cc4)cc3[N+](=O)[O-])c([N+](=O)[O-])c2)cc1,[*]Oc1ccc(OC(=O)c2ccc(OC(=O)c3ccc(C(=O)Oc4ccc(C([*])=O)cc4)cc3)cc2)cc1,0.50 to 0.60
619,471.15,445.91095,0.5306122448979592,-25.239050292968727,25.239050292968727,[*]Oc1ccc(/N=N/c2ccc(Cc3ccc(/N=N/c4ccc(OC(=O)c5ccc(C([*])=O)cc5)cc4)cc3[N+](=O)[O-])c([N+](=O)[O-])c2)cc1,[*]Oc1ccc(OC(=O)c2ccc(OC(=O)c3ccc(C(=O)Oc4ccc(C([*])=O)cc4)cc3)cc2)cc1,0.50 to 0.60
620,254.05,308.1828,0.7755102040816326,54.13280029296874,54.13280029296874,[*]CCC[Si]([*])(C)O[Si](C)(C)CCCOc1ccc(C(=O)Oc2ccc(C#N)cc2)cc1,[*]CCC[Si]([*])(C)O[Si](C)(C)CCCOc1ccc(C#N)cc1,0.70 to 0.80
621,283.25,300.11877,0.7884615384615384,16.8687744140625,16.8687744140625,[*]CCC[Si]([*])(C)O[Si](C)(C)CCCOc1ccc(C(=O)Oc2ccc(-c3ccc(C#N)cc3)cc2)cc1,[*]CCC[Si]([*])(C)O[Si](C)(C)CCCOc1ccc(-c2ccc(C#N)cc2)cc1,0.70 to 0.80
622,478.15,553.5351,0.8653846153846154,75.38509521484377,75.38509521484377,[*]Oc1ccc(S(=O)(=O)c2ccc(Oc3ccc4c(c3)C(=O)N(c3cccc(S(=O)(=O)c5cccc(N6C(=O)c7ccc([*])cc7C6=O)c5)c3)C4=O)cc2)cc1,[*]Oc1ccc(S(=O)(=O)c2cccc(Oc3ccc4c(c3)C(=O)N(c3ccc(Oc5ccc(N6C(=O)c7ccc([*])cc7C6=O)cc5)cc3)C4=O)c2)cc1,>= 0.80
623,504.15,531.98517,0.75,27.835168457031273,27.835168457031273,[*]Oc1ccc(Sc2ccc(Oc3ccc4c(c3)C(=O)N(c3cccc(S(=O)(=O)c5cccc(N6C(=O)c7ccc([*])cc7C6=O)c5)c3)C4=O)cc2)cc1,[*]Oc1ccc(Sc2ccc(Oc3ccc4c(c3)C(=O)N(c3ccc(Oc5cccc(Oc6ccc(N7C(=O)c8ccc([*])cc8C7=O)cc6)c5)cc3)C4=O)cc2)cc1,0.70 to 0.80
624,482.15,504.7228,0.8823529411764706,22.572808837890648,22.572808837890648,[*]Oc1ccc(Sc2cccc(Oc3ccc4c(c3)C(=O)N(c3cccc(N5C(=O)c6ccc([*])cc6C5=O)c3)C4=O)c2)cc1,[*]Oc1ccc(Sc2cccc(Oc3ccc4c(c3)C(=O)N(c3ccc(Oc5ccc(N6C(=O)c7ccc([*])cc7C6=O)cc5)cc3)C4=O)c2)cc1,>= 0.80
625,474.15,499.57608,0.8653846153846154,25.426080322265648,25.426080322265648,[*]Oc1cccc2c(Oc3ccc4c(c3)C(=O)N(c3ccc(Oc5ccc(S(=O)(=O)c6ccc(Oc7ccc(N8C(=O)c9ccc([*])cc9C8=O)cc7)cc6)cc5)cc3)C4=O)cccc12,[*]Oc1cccc2c(Oc3ccc4c(c3)C(=O)N(c3ccc(Oc5ccc(N6C(=O)c7ccc([*])cc7C6=O)cc5)cc3)C4=O)cccc12,>= 0.80
626,533.15,598.1455,0.7906976744186046,64.99550781250002,64.99550781250002,[*]c1ccc2c(c1)C(=O)N(c1cccc(S(=O)(=O)c3cccc(N4C(=O)c5ccc([*])cc5C4=O)c3)c1)C2=O,[*]C(=O)c1ccc2c(c1)C(=O)N(c1cccc(S(=O)(=O)c3cccc(N4C(=O)c5ccc([*])cc5C4=O)c3)c1)C2=O,0.70 to 0.80
627,519.15,544.68365,0.7906976744186046,25.533654785156273,25.533654785156273,[*]Oc1ccc2c(c1)C(=O)N(c1cccc(S(=O)(=O)c3cccc(N4C(=O)c5ccc([*])cc5C4=O)c3)c1)C2=O,[*]Oc1ccc2c(c1)C(=O)N(c1cccc(N3C(=O)c4ccc([*])cc4C3=O)c1)C2=O,0.70 to 0.80
628,414.15,423.7964,0.5925925925925926,9.646386718750023,9.646386718750023,[*]CC([*])(CC(=O)O)C(=O)O,[*]CC([*])(CC(=O)OC)C(=O)O,0.50 to 0.60
629,423.15,408.82162,0.5777777777777777,-14.328375244140602,14.328375244140602,[*]CCC(C)(C)CCCNC(=O)c1ccc(C(=O)NC([*])C)cc1,[*]CCCNC(=O)c1ccc(C(=O)NCCCC([*])(C)C)cc1,0.50 to 0.60
630,267.075,257.2964,0.4117647058823529,-9.778613281249989,9.778613281249989,[*]CC([*])C=C,[*]CC([*])C,< 0.50
631,380.15,380.45276,0.36,0.30275878906252274,0.30275878906252274,[*]COc1ccc(C(c2ccc(OCC([*])(CO)CCl)cc2)(C(F)(F)F)C(F)(F)F)cc1,[*]Oc1ccc(C(c2ccc(OC([*])=O)cc2)(C(F)(F)F)C(F)(F)F)cc1,< 0.50
632,501.15,467.06116,0.8541666666666666,-34.08884277343748,34.08884277343748,[*]Nc1ccc(Oc2ccc(Oc3ccc(NC(=C(C#N)C#N)c4cccc(C([*])=C(C#N)C#N)c4)cc3)cc2)cc1,[*]Nc1ccc(Oc2ccc(NC(=O)c3ccc(C(=O)Nc4ccc(Oc5ccc(NC(=C(C#N)C#N)c6cccc(C([*])=C(C#N)C#N)c6)cc5)cc4)cc3)cc2)cc1,>= 0.80
633,513.15,479.19904,0.660377358490566,-33.95096435546873,33.95096435546873,[*]Nc1ccc(Oc2ccc(NC(=C(C#N)C#N)c3ccc(-c4ccc(-c5ccc(C([*])=C(C#N)C#N)cc5)cc4)cc3)cc2)cc1,[*]Nc1ccc(Oc2ccc(NC(=O)c3ccc(C(=O)Nc4ccc(Oc5ccc(NC(=C(C#N)C#N)c6cccc(C([*])=C(C#N)C#N)c6)cc5)cc4)cc3)cc2)cc1,0.60 to 0.70
634,493.15,469.68826,0.660377358490566,-23.461737060546852,23.461737060546852,[*]Nc1ccc(Oc2ccc(NC(=C(C#N)C#N)c3ccc(-c4ccc(C([*])=C(C#N)C#N)cc4)cc3)cc2)cc1,[*]Nc1ccc(Oc2ccc(NC(=O)c3ccc(C(=O)Nc4ccc(Oc5ccc(NC(=C(C#N)C#N)c6cccc(C([*])=C(C#N)C#N)c6)cc5)cc4)cc3)cc2)cc1,0.60 to 0.70
635,547.15,472.08496,0.7,-75.06503906249998,75.06503906249998,[*]Nc1ccc(Oc2ccc(NC(=C(C#N)C#N)c3ccc(C([*])=C(C#N)C#N)cc3)cc2)cc1,[*]Nc1ccc(Oc2ccc(NC(=O)c3ccc(C(=O)Nc4ccc(Oc5ccc(NC(=C(C#N)C#N)c6cccc(C([*])=C(C#N)C#N)c6)cc5)cc4)cc3)cc2)cc1,0.70 to 0.80
636,553.15,467.20798,0.7450980392156863,-85.9420227050781,85.9420227050781,[*]Nc1ccc(Oc2ccc(NC(=C(C#N)C#N)c3ccc4cc(C([*])=C(C#N)C#N)ccc4c3)cc2)cc1,[*]Nc1ccc(Oc2ccc(NC(=O)c3ccc(C(=O)Nc4ccc(Oc5ccc(NC(=C(C#N)C#N)c6cccc(C([*])=C(C#N)C#N)c6)cc5)cc4)cc3)cc2)cc1,0.70 to 0.80
637,528.15,461.22723,0.7,-66.92276611328123,66.92276611328123,[*]Nc1ccc(Oc2ccc(Oc3ccc(NC(=C(C#N)C#N)c4ccc(C([*])=C(C#N)C#N)cc4)cc3)cc2)cc1,[*]Nc1ccc(Oc2ccc(NC(=O)c3ccc(C(=O)Nc4ccc(Oc5ccc(NC(=C(C#N)C#N)c6cccc(C([*])=C(C#N)C#N)c6)cc5)cc4)cc3)cc2)cc1,0.70 to 0.80
638,551.15,453.85983,0.6346153846153846,-97.2901672363281,97.2901672363281,[*]Nc1cccc(NC(=C(C#N)C#N)c2cccc(C([*])=C(C#N)C#N)c2)c1,[*]Nc1ccc(Oc2ccc(NC(=O)c3ccc(C(=O)Nc4ccc(Oc5ccc(NC(=C(C#N)C#N)c6cccc(C([*])=C(C#N)C#N)c6)cc5)cc4)cc3)cc2)cc1,0.60 to 0.70
639,523.15,544.6097,0.7761194029850746,21.459680175781273,21.459680175781273,[*]c1c(C)cc(-c2cc(C)c(N3C(=O)c4ccc(C(=O)Nc5ccc(C(c6ccc(NC(=O)c7ccc8c(c7)C(=O)N([*])C8=O)cc6)(C(F)(F)F)C(F)(F)F)cc5)cc4C3=O)c3ccccc23)c2ccccc12,[*]c1c(C)cc(C)c(N2C(=O)c3ccc(C(=O)Nc4ccc(C(c5ccc(NC(=O)c6ccc7c(c6)C(=O)N([*])C7=O)cc5)(C(F)(F)F)C(F)(F)F)cc4)cc3C2=O)c1C,0.70 to 0.80
640,533.15,534.92645,0.6951219512195121,1.7764526367187727,1.7764526367187727,[*]Nc1ccc(Oc2ccc3nc(-c4ccccc4)c(-c4ccc(Oc5ccc(-c6nc7cc(Oc8ccc(NC(=O)c9cc(C([*])=O)cc(N%10C(=O)c%11ccccc%11C%10=O)c9)cc8)ccc7nc6-c6ccccc6)cc5)cc4)nc3c2)cc1,[*]Nc1ccc(Oc2ccc3nc(-c4ccccc4)c(-c4ccc(-c5ccc(-c6nc7cc(Oc8ccc(NC(=O)c9ccc%10c(c9)C(=O)N(c9ccc(C(c%11ccc(N%12C(=O)c%13ccc(C([*])=O)cc%13C%12=O)cc%11)(C(F)(F)F)C(F)(F)F)cc9)C%10=O)cc8)ccc7nc6-c6ccccc6)cc5)cc4)nc3c2)cc1,0.60 to 0.70
641,600.15,545.3508,0.6111111111111112,-54.79916992187498,54.79916992187498,[*]Nc1ccc(-c2nnc(-c3ccc(NC(=O)c4cc(C([*])=O)cc(N5C(=O)c6ccccc6C5=O)c4)cc3)o2)cc1,[*]Nc1cccc(Oc2ccc(-c3nnc(-c4ccc(Oc5cccc(NC(=O)c6cc(C([*])=O)cc(N7C(=O)c8c(Cl)c(Cl)c(Cl)c(Cl)c8C7=O)c6)c5)cc4)o3)cc2)c1,0.60 to 0.70
642,575.15,557.67206,0.6951219512195121,-17.477941894531227,17.477941894531227,[*]Nc1ccc(Oc2ccc3nc(-c4ccccc4)c(-c4ccc(-c5nc6cc(Oc7ccc(NC(=O)c8cc(C([*])=O)cc(N9C(=O)c%10ccccc%10C9=O)c8)cc7)ccc6nc5-c5ccccc5)cc4)nc3c2)cc1,[*]Nc1ccc(Oc2ccc3nc(-c4ccccc4)c(-c4ccc(-c5ccc(-c6nc7cc(Oc8ccc(NC(=O)c9ccc%10c(c9)C(=O)N(c9ccc(C(c%11ccc(N%12C(=O)c%13ccc(C([*])=O)cc%13C%12=O)cc%11)(C(F)(F)F)C(F)(F)F)cc9)C%10=O)cc8)ccc7nc6-c6ccccc6)cc5)cc4)nc3c2)cc1,0.60 to 0.70
643,618.15,552.3421,0.6413043478260869,-65.80789794921873,65.80789794921873,[*]Nc1ccc(Oc2ccc3nc(-c4ccccc4)c(-c4ccc(N5C(=O)c6ccc7c8c(ccc(c68)C5=O)C(=O)N(c5ccc(-c6nc8cc(Oc9ccc(NC(=O)c%10cc(C([*])=O)cc(N%11C(=O)c%12c(Cl)c(Cl)c(Cl)c(Cl)c%12C%11=O)c%10)cc9)ccc8nc6-c6ccccc6)cc5)C7=O)cc4)nc3c2)cc1,[*]Nc1ccc(Oc2ccc3nc(-c4ccccc4)c(-c4ccc(-c5ccc(-c6nc7cc(Oc8ccc(NC(=O)c9ccc%10c(c9)C(=O)N(c9ccc(C(c%11ccc(N%12C(=O)c%13ccc(C([*])=O)cc%13C%12=O)cc%11)(C(F)(F)F)C(F)(F)F)cc9)C%10=O)cc8)ccc7nc6-c6ccccc6)cc5)cc4)nc3c2)cc1,0.60 to 0.70
644,568.15,528.1481,0.65,-40.00192871093748,40.00192871093748,[*]Nc1ccc(Oc2ccc3nc(-c4ccccc4)c(-c4ccc(Oc5ccc(-c6nc7cc(Oc8ccc(NC(=O)c9cc(C([*])=O)cc(N%10C(=O)c%11c(Cl)c(Cl)c(Cl)c(Cl)c%11C%10=O)c9)cc8)ccc7nc6-c6ccccc6)cc5)cc4)nc3c2)cc1,[*]Nc1cccc(Oc2ccc(-c3nnc(-c4ccc(Oc5cccc(NC(=O)c6cc(C([*])=O)cc(N7C(=O)c8c(Cl)c(Cl)c(Cl)c(Cl)c8C7=O)c6)c5)cc4)o3)cc2)c1,0.60 to 0.70
645,518.15,543.81555,0.8142857142857143,25.665551757812523,25.665551757812523,[*]Nc1cccc(Oc2ccc(-c3nnc(-c4ccc(Oc5cccc(NC(=O)c6cc(C([*])=O)cc(N7C(=O)c8ccccc8C7=O)c6)c5)cc4)o3)cc2)c1,[*]Nc1cccc(Oc2ccc(-c3nnc(-c4ccc(Oc5cccc(NC(=O)c6cc(C([*])=O)cc(N7C(=O)c8c(Cl)c(Cl)c(Cl)c(Cl)c8C7=O)c6)c5)cc4)o3)cc2)c1,>= 0.80
646,595.15,555.4145,0.8163265306122449,-39.73551025390623,39.73551025390623,[*]c1ccc(N2C(=O)c3ccc(C(=O)c4ccc5c(c4)C(=O)N(c4ccc(C(C)(C)c6ccc(C([*])(C)C)cc6)cc4)C5=O)cc3C2=O)cc1,[*]c1ccc(Oc2ccc(N3C(=O)c4ccc(C(=O)c5ccc6c(c5)C(=O)N(c5ccc(Oc7ccc(C([*])(C)C)cc7)cc5)C6=O)cc4C3=O)cc2)cc1,>= 0.80
647,589.65,555.59607,0.7142857142857143,-34.05393066406248,34.05393066406248,[*]c1ccc(N2C(=O)c3ccc(C(=O)c4ccc5c(c4)C(=O)N(c4ccc(C(C)(C)c6cccc(C([*])(C)C)c6)cc4)C5=O)cc3C2=O)cc1,[*]c1ccc(Oc2ccc(NC(=O)c3ccc4c(c3)C(=O)N(c3ccc(Oc5ccc(C(C)(C)c6cccc(C([*])(C)C)c6)cc5)cc3)C4=O)cc2)cc1,0.70 to 0.80
648,325.15,315.82593,0.6388888888888888,-9.324072265624977,9.324072265624977,[*]CCC[Si]([*])(c1ccccc1)c1ccc(N(C)C)cc1,[*]CCC[Si]([*])(C)c1ccc(N(C)C)cc1,0.60 to 0.70
649,378.15,366.26483,0.4583333333333333,-11.885168457031227,11.885168457031227,[*]CC([*])(C)C(=O)OCC(O)C1CC(C)(c2ccccc2)C1,[*]CC([*])(C)C(=O)OCC(C)O,< 0.50
650,338.15,297.6247,0.4333333333333333,-40.52530517578123,40.52530517578123,[*]CC([*])OC(F)(C(F)(F)F)C(F)(F)F,[*]CC([*])OC(=O)C(F)(F)C(F)(F)F,< 0.50
651,348.15,343.54596,0.5217391304347826,-4.604040527343727,4.604040527343727,[*]C(=O)c1ccc(OCCCCCCOc2ccc(C(=O)N([*])c3cc(C)cc(C)c3)cc2)cc1,[*]OC(=O)c1ccc(OCCCCCOc2ccc(C([*])=O)cc2)cc1,0.50 to 0.60
652,392.075,407.3212,0.5862068965517241,15.246197509765636,15.246197509765636,[*]CC([*])c1ccccc1Cl,[*]CC([*])c1ccc(Cl)cc1Cl,0.50 to 0.60
653,560.15,510.83334,0.7966101694915254,-49.3166564941406,49.3166564941406,[*]=Nc1ccc(Oc2ccc(C(c3ccc(Oc4ccc(N=C5OC(=O)c6cc7c(cc65)C(=[*])OC7=O)cc4)cc3)(C(F)(F)F)C(F)(F)F)cc2)cc1,[*]=Nc1ccc(Oc2ccc(C(c3ccc(Oc4ccc(/N=C5/OC(=O)c6ccc(C(=O)c7ccc8c(c7)C(=[*])OC8=O)cc65)cc4)cc3)(C(F)(F)F)C(F)(F)F)cc2)cc1,0.70 to 0.80
654,420.15,390.93835,0.7126436781609196,-29.211645507812477,29.211645507812477,[*]CCOC(=O)c1cccc(C(=O)OCCN([*])c2ccc(/N=N/c3ccc(-c4nc5ccc([N+](=O)[O-])cc5n4CC)cc3)cc2)c1,[*]CCOC(=O)Nc1ccc(C)c(NC(=O)OCCN([*])c2ccc(/N=N/c3ccc(-c4nc5ccc([N+](=O)[O-])cc5n4CC)cc3)cc2)c1,0.70 to 0.80
655,419.15,390.9426,0.6595744680851063,-28.207403564453102,28.207403564453102,[*]CCOC(=O)c1ccc(C(=O)OCCN([*])c2ccc(/N=N/c3ccc(-c4nc5ccc([N+](=O)[O-])cc5n4CC)cc3)cc2)c(OC)c1,[*]CCOC(=O)Nc1ccc(C)c(NC(=O)OCCN([*])c2ccc(/N=N/c3ccc(-c4nc5ccc([N+](=O)[O-])cc5n4CC)cc3)cc2)c1,0.60 to 0.70
656,422.15,388.29364,0.7380952380952381,-33.85635986328123,33.85635986328123,[*]CCOC(=O)c1ccc(C(=O)OCCN([*])c2ccc(/N=N/c3ccc(-c4nc5ccc([N+](=O)[O-])cc5n4CC)cc3)cc2)cc1,[*]CCOC(=O)Nc1ccc(C)c(NC(=O)OCCN([*])c2ccc(/N=N/c3ccc(-c4nc5ccc([N+](=O)[O-])cc5n4CC)cc3)cc2)c1,0.70 to 0.80
657,446.15,388.16733,0.6666666666666666,-57.9826721191406,57.9826721191406,[*]CCOC(=O)c1ccc(C(=O)OCCN([*])c2ccc(/N=N/c3ccc(/C=C/c4nc5ccc([N+](=O)[O-])cc5n4CC)cc3)cc2)c(OC)c1,[*]CCOC(=O)Nc1ccc(C)c(NC(=O)OCCN([*])c2ccc(/N=N/c3ccc(/C=C/c4nc5ccc([N+](=O)[O-])cc5n4CC)cc3)cc2)c1,0.60 to 0.70
658,417.15,364.2185,0.5681818181818182,-52.93149414062498,52.93149414062498,[*]CC([*])CNc1ccc([N+](=O)[O-])cc1,[*]CC([*])CNc1ccc([N+](=O)[O-])c(C(F)(F)F)c1,0.50 to 0.60
659,424.15,352.70602,0.4423076923076923,-71.4439758300781,71.4439758300781,[*]CC([*])CNc1ccc([N+](=O)[O-])cc1C,[*]CC([*])CNc1ccc([N+](=O)[O-])c(C(F)(F)F)c1,< 0.50
660,433.15,395.06607,0.5102040816326531,-38.08392944335935,38.08392944335935,[*]CC([*])CNc1ccc([N+](=O)[O-])cc1[N+](=O)[O-],[*]CC([*])CNc1ccc([N+](=O)[O-])c(C(F)(F)F)c1,0.50 to 0.60
661,424.15,366.60648,0.4230769230769231,-57.54352416992185,57.54352416992185,[*]CC([*])CNc1ccc([N+](=O)[O-])cn1,[*]CC([*])CNc1ccc([N+](=O)[O-])c(C(F)(F)F)c1,< 0.50
662,508.15,539.22815,0.8478260869565217,31.078149414062523,31.078149414062523,[*]NCCNC(=O)c1ccc2c(c1)C(=O)N(c1ccc(C([*])=O)cc1)C2=O,[*]NCCCCCCNC(=O)c1ccc2c(c1)C(=O)N(c1ccc(C([*])=O)cc1)C2=O,>= 0.80
663,548.15,545.0318,0.8,-3.1182006835937273,3.1182006835937273,[*]C(=O)c1c(C(=O)c2ccc(Oc3ccc(C(c4ccc(Oc5ccc([*])cc5)cc4)(C(F)(F)F)C(F)(F)F)cc3)cc2)c(-c2ccccc2)c(-c2ccc3ccccc3c2)c(-c2ccc3ccccc3c2)c1-c1ccccc1,[*]C(=O)c1c(C(=O)c2ccc(Oc3ccc(-c4ccc(Oc5ccc([*])cc5)cc4)cc3)cc2)c(-c2ccccc2)c(-c2ccc3ccccc3c2)c(-c2ccc3ccccc3c2)c1-c1ccccc1,>= 0.80
664,530.15,525.0568,0.6666666666666666,-5.093176269531227,5.093176269531227,[*]Oc1ccc2ccccc2c1-c1c(OC(=O)c2ccc3c(c2)C(=O)N(c2ccc(Oc4ccc(N5C(=O)c6ccc(C([*])=O)cc6C5=O)cc4)cc2)C3=O)ccc2ccccc12,[*]Oc1ccc(OC(=O)c2ccc3c(c2)C(=O)N(c2ccc(Oc4ccc(N5C(=O)c6ccc(C([*])=O)cc6C5=O)cc4)cc2)C3=O)cc1,0.60 to 0.70
665,485.15,516.93604,0.7192982456140351,31.786035156250023,31.786035156250023,[*]Oc1ccc(OC(=O)c2ccc3c(c2)C(=O)N(c2ccc(Oc4ccc(N5C(=O)c6ccc(C([*])=O)cc6C5=O)cc4)cc2)C3=O)c(-c2ccccc2)c1,[*]Oc1ccc(OC(=O)c2ccc3c(c2)C(=O)N(c2ccc(Oc4ccc(N5C(=O)c6ccc(C([*])=O)cc6C5=O)cc4)cc2)C3=O)cc1,0.70 to 0.80
666,539.65,543.5754,0.5692307692307692,3.9253784179687727,3.9253784179687727,[*]Oc1ccc2ccccc2c1-c1c(OC(=O)c2ccc(N3C(=O)c4ccc(C(=O)Oc5ccc6ccccc6c5-c5c(OC(=O)c6ccc7c(c6)C(=O)N(c6ccc(C([*])=O)cc6)C7=O)ccc6ccccc56)cc4C3=O)cc2)ccc2ccccc12,[*]Oc1ccc2ccc(OC(=O)c3ccc4c(c3)C(=O)N(c3ccc(Oc5ccc(N6C(=O)c7ccc(C([*])=O)cc7C6=O)cc5)cc3)C4=O)cc2c1,0.50 to 0.60
667,546.65,501.85434,0.5441176470588235,-44.7956604003906,44.7956604003906,[*]Oc1ccc2ccccc2c1-c1c(OC(=O)c2ccc(N3C(=O)c4ccc(C(=O)c5ccc6c(c5)C(=O)N(c5ccc(C([*])=O)cc5)C6=O)cc4C3=O)cc2)ccc2ccccc12,[*]Oc1ccc2ccccc2c1-c1c(Oc2ccc3c(c2)C(=O)N(c2ccc(Oc4ccc(N5C(=O)c6ccc([*])cc6C5=O)cc4)cc2)C3=O)ccc2ccccc12,0.50 to 0.60
668,351.15,447.8114,0.4117647058823529,96.66140136718752,96.66140136718752,[*]OC1CC(C([*])=O)N(C(=O)OCc2ccccc2)C1,[*]C1C([*])C2CC1C(C(=O)OCc1ccccc1)C2C(=O)OCc1ccccc1,< 0.50
669,353.15,362.04166,0.5373134328358209,8.891656494140648,8.891656494140648,[*]C=C1CCC/C(=C\c2ccc(OCCCCCCOc3ccc([*])cc3OC)c(OC)c2)C1=O,[*]C=C1CC/C(=C\c2ccc(OC(=O)c3ccc(/N=C/c4ccc(/C=N/c5ccc(C(=O)Oc6ccc([*])cc6OC)cc5)cc4)cc3)c(OC)c2)C1=O,0.50 to 0.60
670,321.15,319.2569,0.5068493150684932,-1.8931030273437273,1.8931030273437273,[*]C=C1CC/C(=C\c2ccc(OCCCCCCCCCCOP(=O)(OC)OCCCCCCCCCCOc3ccc([*])cc3OC)c(OC)c2)C1=O,[*]C=C1CC/C(=C\c2ccc(OC(=O)c3ccc(/N=C/c4ccc(/C=N/c5ccc(C(=O)Oc6ccc([*])cc6OC)cc5)cc4)cc3)c(OC)c2)C1=O,0.50 to 0.60
671,346.15,321.9225,0.5068493150684932,-24.227514648437477,24.227514648437477,[*]C=C1CC/C(=C\c2ccc(OCCCCCCCCOP(=O)(OC)OCCCCCCCCOc3ccc([*])cc3OC)c(OC)c2)C1=O,[*]C=C1CC/C(=C\c2ccc(OC(=O)c3ccc(/N=C/c4ccc(/C=N/c5ccc(C(=O)Oc6ccc([*])cc6OC)cc5)cc4)cc3)c(OC)c2)C1=O,0.50 to 0.60
672,347.15,323.92236,0.5068493150684932,-23.227636718749977,23.227636718749977,[*]C=C1CC/C(=C\c2ccc(OCCCCCCOP(=O)(OC)OCCCCCCOc3ccc([*])cc3OC)c(OC)c2)C1=O,[*]C=C1CC/C(=C\c2ccc(OC(=O)c3ccc(/N=C/c4ccc(/C=N/c5ccc(C(=O)Oc6ccc([*])cc6OC)cc5)cc4)cc3)c(OC)c2)C1=O,0.50 to 0.60
673,348.15,330.41864,0.5138888888888888,-17.731359863281227,17.731359863281227,[*]C=C1CC/C(=C\c2ccc(OCCCCOP(=O)(OC)OCCCCOc3ccc([*])cc3OC)c(OC)c2)C1=O,[*]C=C1CC/C(=C\c2ccc(OC(=O)c3ccc(/N=C/c4ccc(/C=N/c5ccc(C(=O)Oc6ccc([*])cc6OC)cc5)cc4)cc3)c(OC)c2)C1=O,0.50 to 0.60
674,372.15,346.2728,0.5211267605633803,-25.877203369140602,25.877203369140602,[*]C=C1CC/C(=C\c2ccc(OCCOP(=O)(OC)OCCOc3ccc([*])cc3OC)c(OC)c2)C1=O,[*]C=C1CC/C(=C\c2ccc(OC(=O)c3ccc(/N=C/c4ccc(/C=N/c5ccc(C(=O)Oc6ccc([*])cc6OC)cc5)cc4)cc3)c(OC)c2)C1=O,0.50 to 0.60
675,322.15,344.88492,0.5576923076923077,22.734918212890648,22.734918212890648,[*]C=C1CCC/C(=C\c2cc(OC)c(OCCCCCCCCCCOc3c(OC)cc([*])cc3OC)c(OC)c2)C1=O,[*]C=Cc1ccc(/C=C/c2ccc(/C=C/c3cc(OC)c(OCCCCCCCCOc4c(OC)cc([*])cc4OC)c(OC)c3)cc2)cc1,0.50 to 0.60
676,335.15,357.94983,0.5576923076923077,22.799829101562523,22.799829101562523,[*]C=C1CCC/C(=C\c2cc(OC)c(OCCCCCCCCOc3c(OC)cc([*])cc3OC)c(OC)c2)C1=O,[*]C=Cc1ccc(/C=C/c2ccc(/C=C/c3cc(OC)c(OCCCCCCCCOc4c(OC)cc([*])cc4OC)c(OC)c3)cc2)cc1,0.50 to 0.60
677,344.15,355.57935,0.5576923076923077,11.429345703125023,11.429345703125023,[*]C=C1CCC/C(=C\c2cc(OC)c(OCCCCCCOc3c(OC)cc([*])cc3OC)c(OC)c2)C1=O,[*]C=Cc1ccc(/C=C/c2ccc(/C=C/c3cc(OC)c(OCCCCCCCCOc4c(OC)cc([*])cc4OC)c(OC)c3)cc2)cc1,0.50 to 0.60
678,321.2,342.17352,0.5882352941176471,20.97352294921876,20.97352294921876,[*]C=C1CCC/C(=C\c2ccc(OC(=O)CCCCCCCCC(=O)Oc3ccc([*])cc3OC)c(OC)c2)C1=O,[*]C=C1CC/C(=C\c2ccc(OC(=O)c3ccc(/N=C/c4ccc(/C=N/c5ccc(C(=O)Oc6ccc([*])cc6OC)cc5)cc4)cc3)c(OC)c2)C1=O,0.50 to 0.60
679,331.01,457.31854,0.6875,126.30854248046876,126.30854248046876,[*]C=C1CCC/C(=C\c2ccc(OC(=O)c3cccc(C(=O)Oc4ccc([*])cc4OC)c3)c(OC)c2)C1=O,[*]C=C1CC/C(=C\c2ccc(OC(=O)c3ccc(/N=C/c4ccc(/C=N/c5ccc(C(=O)Oc6ccc([*])cc6OC)cc5)cc4)cc3)c(OC)c2)C1=O,0.60 to 0.70
680,484.9,408.21152,0.5555555555555556,-76.6884826660156,76.6884826660156,[*]C=C1CCC/C(=C\c2ccc(OCC(=O)c3ccc(Oc4ccc(C(=O)COc5ccc([*])cc5OC)cc4)cc3)c(OC)c2)C1=O,[*]C=C1CC/C(=C\c2ccc(OC(=O)c3ccc(/N=C/c4ccc(/C=N/c5ccc(C(=O)Oc6ccc([*])cc6OC)cc5)cc4)cc3)c(OC)c2)C1=O,0.50 to 0.60
681,333.15,339.80167,0.5373134328358209,6.651666259765648,6.651666259765648,[*]C=C1CCC/C(=C\c2ccc(OCCCCCCCCCCOc3ccc([*])cc3OC)c(OC)c2)C1=O,[*]C=C1CC/C(=C\c2ccc(OC(=O)c3ccc(/N=C/c4ccc(/C=N/c5ccc(C(=O)Oc6ccc([*])cc6OC)cc5)cc4)cc3)c(OC)c2)C1=O,0.50 to 0.60
682,345.15,346.15143,0.5373134328358209,1.0014282226562727,1.0014282226562727,[*]C=C1CCC/C(=C\c2ccc(OCCCCCCCCOc3ccc([*])cc3OC)c(OC)c2)C1=O,[*]C=C1CC/C(=C\c2ccc(OC(=O)c3ccc(/N=C/c4ccc(/C=N/c5ccc(C(=O)Oc6ccc([*])cc6OC)cc5)cc4)cc3)c(OC)c2)C1=O,0.50 to 0.60
683,216.15,203.1425,0.5555555555555556,-13.007498168945318,13.007498168945318,[*]CC(CSCC)O[*],[*]CC(CSC(C)C)O[*],0.50 to 0.60
684,236.15,206.15175,0.625,-29.998251342773443,29.998251342773443,[*]CC(CSC)O[*],[*]CC(CSC(C)C)O[*],0.60 to 0.70
685,212.15,209.10124,0.5172413793103449,-3.048757934570318,3.048757934570318,[*]CC(CSCCC)O[*],[*]CC(CSC(C)C)O[*],0.50 to 0.60
686,208.15,204.00595,0.5517241379310345,-4.144049072265631,4.144049072265631,[*]CC(CSCCCC)O[*],[*]CC(CCCC)O[*],0.50 to 0.60
687,205.15,205.10188,0.5483870967741935,-0.048117065429693184,0.048117065429693184,[*]CC(CSCCCCC)O[*],[*]CC(CCCCCC)O[*],0.50 to 0.60
688,508.15,468.31744,0.5844155844155844,-39.83255615234373,39.83255615234373,[*]c1ccc(/C=C(\C#N)C(=O)NC2CCCCC2NC(=O)/C(C#N)=C/c2ccc(N(CC)c3ccc(Oc4ccc(N([*])CC)cc4)cc3)cc2)cc1,[*]Cc1ccccc1CN(CC)c1ccc(/C=C/c2ccc(/C=C(\C#N)C(=O)NC3CCCCC3NC(=O)/C(C#N)=C/c3ccc(/C=C/c4ccc(N([*])CC)cc4)cc3)cc2)cc1,0.50 to 0.60
689,448.15,424.35367,0.6888888888888889,-23.796331787109352,23.796331787109352,[*]NCCCC1(CCCNC(=O)c2cccc(C([*])=O)c2)c2ccccc2-c2ccccc21,[*]NCCCCNC(=O)c1cccc(C([*])=O)c1,0.60 to 0.70
690,438.15,457.2677,0.7272727272727273,19.117700195312523,19.117700195312523,[*]NCCCC1(CCCNC(=O)c2ccccc2-c2ccccc2C([*])=O)c2ccccc2-c2ccccc21,[*]NCCCCCCNC(=O)c1ccccc1-c1ccccc1C([*])=O,0.70 to 0.80
691,452.15,426.62387,0.71875,-25.526129150390602,25.526129150390602,[*]C(=O)c1ccc(Oc2ccc(/C=N/N=C/c3ccc(Oc4ccc([*])cc4)cc3)cc2)cc1,[*]C(=O)c1ccc(Oc2ccc(Oc3ccc(Oc4ccc([*])cc4)cc3)cc2)cc1,0.70 to 0.80
692,424.15,426.81952,0.5609756097560976,2.6695190429687727,2.6695190429687727,[*]c1ccc(Oc2ccc(/C=N/N=C/c3ccc(Oc4ccc(S([*])=O)cc4)cc3)cc2)cc1,[*]c1ccc(Oc2ccc(/C=N/N=C/c3ccc(Oc4ccc(C([*])(C)C)cc4)cc3)cc2)cc1,0.50 to 0.60
693,323.15,328.03925,0.5833333333333334,4.889245605468773,4.889245605468773,[*]CC([*])C(=O)OCC1(CC)COC(c2ccccc2)OC1,[*]CC([*])C(=O)OCC1(CC)COCOC1,0.50 to 0.60
694,251.15,272.8042,0.6451612903225806,21.654199218749994,21.654199218749994,[*]CC([*])C(=O)OCC(F)(F)C(F)C(F)(F)F,[*]CC([*])C(=O)OCC(F)(F)F,0.60 to 0.70
695,405.15,301.0548,0.4285714285714285,-104.09519042968748,104.09519042968748,[*]CC(CC([*])(F)F)(C(F)(F)F)C(F)(F)F,[*]CC([*])(F)C(F)(F)F,< 0.50
696,378.15,395.98904,0.5757575757575758,17.839044189453148,17.839044189453148,[*]COC(=O)c1ccccc1C(=O)OC([*])COc1ccc(/N=N/c2ccc(C#N)cc2)cc1,[*]COC(=O)C12CC3CC(C1)CC(C(=O)OC([*])COc1ccc(/N=N/c4ccc(C#N)cc4)cc1)(C3)C2,0.50 to 0.60
697,379.15,383.91443,0.6153846153846154,4.764428710937523,4.764428710937523,[*]COC(=O)C1CCC(C(=O)OC([*])COc2ccc(/N=N/c3ccc(C#N)cc3)cc2)CC1,[*]COC(=O)C12CC3CC(C1)CC(C(=O)OC([*])COc1ccc(/N=N/c4ccc(C#N)cc4)cc1)(C3)C2,0.60 to 0.70
698,385.15,382.29202,0.5507246376811594,-2.8579772949218523,2.8579772949218523,[*]COC(=O)c1c(F)c(F)c(-c2c(F)c(F)c(C(=O)OC([*])COc3ccc(/N=N/c4ccc(C#N)cc4)cc3)c(F)c2F)c(F)c1F,[*]COC(=O)C12CC3CC(C1)CC(C(=O)OC([*])COc1ccc(/N=N/c4ccc(C#N)cc4)cc1)(C3)C2,0.50 to 0.60
699,414.15,405.90414,0.5671641791044776,-8.245855712890602,8.245855712890602,[*]COC(=O)c1ccc(-c2ccc(C(=O)OC([*])COc3ccc(/N=N/c4ccc(C#N)cc4)cc3)cc2)cc1,[*]COC(=O)C12CC3CC(C1)CC(C(=O)OC([*])COc1ccc(/N=N/c4ccc(C#N)cc4)cc1)(C3)C2,0.50 to 0.60
700,390.15,424.9954,0.5507246376811594,34.84539184570315,34.84539184570315,[*]COC(=O)c1ccc(C(=O)OC([*])COc2ccc(/N=N/c3ccc(C#N)cc3)cc2)c2ccccc12,[*]COC(=O)C12CC3CC(C1)CC(C(=O)OC([*])COc1ccc(/N=N/c4ccc(C#N)cc4)cc1)(C3)C2,0.50 to 0.60
701,395.15,393.7747,0.59375,-1.3753112792968523,1.3753112792968523,[*]COC(=O)c1ccc(C(=O)OC([*])COc2ccc(/N=N/c3ccc(C#N)cc3)cc2)cc1,[*]COC(=O)C12CC3CC(C1)CC(C(=O)OC([*])COc1ccc(/N=N/c4ccc(C#N)cc4)cc1)(C3)C2,0.50 to 0.60
702,392.15,391.98032,0.5671641791044776,-0.16968383789060226,0.16968383789060226,[*]COC(=O)c1ccc(C(=O)OC([*])COc2ccc(/N=N/c3ccc(C#N)cc3)cc2)s1,[*]COC(=O)C12CC3CC(C1)CC(C(=O)OC([*])COc1ccc(/N=N/c4ccc(C#N)cc4)cc1)(C3)C2,0.50 to 0.60
703,411.15,419.64407,0.5588235294117647,8.494073486328148,8.494073486328148,[*]COC(=O)c1ccc2cc(C(=O)OC([*])COc3ccc(/N=N/c4ccc(C#N)cc4)cc3)ccc2c1,[*]COC(=O)C12CC3CC(C1)CC(C(=O)OC([*])COc1ccc(/N=N/c4ccc(C#N)cc4)cc1)(C3)C2,0.50 to 0.60
704,408.15,406.89972,0.5066666666666667,-1.2502807617187273,1.2502807617187273,[*]COC(=O)c1cccc(-c2ccc(C(=O)OC([*])COc3ccc(/N=N/c4ccc(C#N)cc4)cc3)cc2)c1,[*]COC(=O)C12CC3CC(C1)CC(C(=O)OC([*])COc1ccc(/N=N/c4ccc(C#N)cc4)cc1)(C3)C2,0.50 to 0.60
705,392.15,397.09293,0.5588235294117647,4.942926025390648,4.942926025390648,[*]COC(=O)c1cccc(C(=O)OC([*])COc2ccc(/N=N/c3ccc(C#N)cc3)cc2)c1,[*]COC(=O)C12CC3CC(C1)CC(C(=O)OC([*])COc1ccc(/N=N/c4ccc(C#N)cc4)cc1)(C3)C2,0.50 to 0.60
706,393.15,407.7278,0.5507246376811594,14.577813720703148,14.577813720703148,[*]COC(=O)c1ccccc1-c1ccccc1C(=O)OC([*])COc1ccc(/N=N/c2ccc(C#N)cc2)cc1,[*]COC(=O)C12CC3CC(C1)CC(C(=O)OC([*])COc1ccc(/N=N/c4ccc(C#N)cc4)cc1)(C3)C2,0.50 to 0.60
707,403.15,395.3114,0.5277777777777778,-7.838598632812477,7.838598632812477,[*]COC(=O)c1cccnc1C(=O)OC([*])COc1ccc(/N=N/c2ccc(C#N)cc2)cc1,[*]COC(=O)C12CC3CC(C1)CC(C(=O)OC([*])COc1ccc(/N=N/c4ccc(C#N)cc4)cc1)(C3)C2,0.50 to 0.60
708,331.15,352.1295,0.5348837209302325,20.979486083984398,20.979486083984398,[*]c1ccc(-c2ccc(OCCCCCCCCCC)c(-c3cc([*])ccc3OCCCCCCCCCC)c2)cc1,[*]Nc1ccc([*])cc1OCCCCCCCCCC,0.50 to 0.60
709,437.15,401.45792,0.4565217391304347,-35.69208374023435,35.69208374023435,[*]c1ccc(-c2ccc(OCCCC)c(-c3cc([*])ccc3OCCCC)c2)cc1,[*]c1ccc(-c2ccc3c(c2)C(CCCCCCCC)(CCCCCCCC)c2cc([*])ccc2-3)cc1,< 0.50
710,390.15,364.5404,0.5348837209302325,-25.609594726562477,25.609594726562477,[*]c1ccc(-c2ccc(OCCCCCC)c(-c3cc([*])ccc3OCCCCCC)c2)cc1,[*]Nc1ccc([*])cc1OCCCCCCCCCC,0.50 to 0.60
711,360.15,346.3855,0.5348837209302325,-13.764501953124977,13.764501953124977,[*]c1ccc(-c2ccc(OCCCCCCCC)c(-c3cc([*])ccc3OCCCCCCCC)c2)cc1,[*]Nc1ccc([*])cc1OCCCCCCCCCC,0.50 to 0.60
712,463.15,432.9273,0.62,-30.222692871093727,30.222692871093727,[*]c1ccc(C(=O)NCCCCCCNC(=O)c2ccc3c(c2)C([*])(C)CC3(C)C)cc1,[*]c1ccc(C(=O)OCCOC(=O)c2ccc3c(c2)C([*])(C)CC3(C)C)cc1,0.60 to 0.70
713,495.15,512.5739,0.7230769230769231,17.423913574218773,17.423913574218773,[*]Oc1ccc(Oc2ccc(N3C(=O)c4cccc(Oc5ccc(C(C)(C)c6ccc(Oc7cccc8c7C(=O)N(c7ccc([*])cc7C)C8=O)cc6)cc5)c4C3=O)c(C)c2)cc1,[*]Oc1ccc(Oc2ccc(N3C(=O)c4cccc(Oc5c(C)cc(Cc6cc(C)c(Oc7cccc8c7C(=O)N(c7ccc([*])cc7C)C8=O)c(C)c6)cc5C)c4C3=O)c(C)c2)cc1,0.70 to 0.80
714,223.15,222.59357,0.4705882352941176,-0.5564331054687557,0.5564331054687557,[*]CCSC(=O)CCC([*])C,[*]CCOC(=O)CCC([*])C,< 0.50
715,253.0,294.63107,0.6666666666666666,41.631072998046875,41.631072998046875,[*]CC([*])C(=O)OC(C)CC,[*]CC([*])C(=O)OC(C)C,0.60 to 0.70
716,267.15,271.54678,0.6296296296296297,4.396783447265648,4.396783447265648,[*]CC([*])C(=O)OC(CC)CC,[*]CC([*])C(=O)OC(C)C,0.60 to 0.70
717,234.0,225.72246,0.5625,-8.277542114257812,8.277542114257812,[*]CC([*])C(=O)OC(C)CCCCC,[*]CC([*])C(=O)OC(C)C,0.50 to 0.60
718,373.15,368.90997,0.5869565217391305,-4.240026855468727,4.240026855468727,[*]CC([*])C(=O)OC1CC2CCC1(C)C2(C)C,[*]CC([*])(C)C(=O)OC1CC2CCC1(C)C2(C)C,0.50 to 0.60
719,383.15,409.71814,0.4761904761904761,26.568139648437523,26.568139648437523,[*]/C=C(/[*])C(CCC)[Si](C)(C)c1ccccc1,[*]/C=C(/[*])C(CCC)[Si](C)(C)CCCCCC,< 0.50
720,333.15,327.21625,0.4590163934426229,-5.933752441406227,5.933752441406227,[*]CCOC(=O)Oc1ccc(C(C)(C)c2ccc(OC(=O)OCCN([*])c3ccc(OC)cc3)cc2)cc1,[*]c1ccc(OC(=O)OCCN(CCOC(=O)Oc2ccc(C([*])(C)C)cc2)c2ccccc2)cc1,< 0.50
721,390.15,374.83328,0.4117647058823529,-15.316717529296852,15.316717529296852,[*]Sc1ccc(Oc2ccc(SC([*])=O)cc2)cc1,[*]Oc1ccc(Oc2ccc(OC([*])=O)cc2)cc1,< 0.50
722,390.15,381.9203,0.3783783783783784,-8.229711914062477,8.229711914062477,[*]Sc1ccc(Cc2ccc(SC([*])=O)cc2)cc1,[*]Oc1ccc(Cc2ccc(Cc3ccc(OC([*])=O)cc3)cc2)cc1,< 0.50
723,389.15,395.3975,0.85,6.247491455078148,6.247491455078148,[*]c1ccc2c3ccc(-c4ccc(-c5ccc(-c6ccc([*])s6)c6nccnc56)s4)cc3n(C(CCCCCCCC)CCCCCCCC)c2c1,[*]c1ccc2c3ccc(-c4ccc(-c5ccc(-c6ccc([*])s6)c6nsnc56)s4)cc3n(C(CCCCCCCC)CCCCCCCC)c2c1,>= 0.80
724,393.15,449.08185,0.48,55.93184814453127,55.93184814453127,[*]Oc1c(F)c(F)c(-c2c(F)c(F)c(Oc3ccc([*])cc3S(=O)(=O)O)c(F)c2F)c(F)c1F,[*]C(=O)c1ccc(Oc2ccc(Oc3ccc([*])cc3S(=O)(=O)O)cc2)c(S(=O)(=O)O)c1,< 0.50
725,466.15,532.6154,0.4761904761904761,66.46541748046877,66.46541748046877,[*]C(=O)N1CCN(C(=O)c2ccccc2-c2ccccc2[*])CC1,[*]C(=O)N1CCN(C(=O)c2cccc([*])c2)CC1,< 0.50
726,521.15,521.63635,0.8823529411764706,0.48635253906252274,0.48635253906252274,[*]C(=O)c1cccc(Oc2cccc3c2C(=O)N(c2cccc(N4C(=O)c5cccc(Oc6ccc([*])cc6)c5C4=O)c2)C3=O)c1,[*]C(=O)c1cccc(Oc2cccc3c2C(=O)N(c2ccc(Oc4ccc(N5C(=O)c6cccc(Oc7ccc([*])cc7)c6C5=O)cc4)cc2)C3=O)c1,>= 0.80
727,525.15,503.34915,0.7333333333333333,-21.800848388671852,21.800848388671852,[*]C(=O)c1ccc(ON2C(=O)c3cccc(-c4ccc(Oc5ccc(N6C(=O)c7cccc(Oc8ccc([*])cc8)c7C6=O)cc5)cc4)c3C2=O)cc1,[*]C(=O)c1ccc(Oc2cccc3c2C(=O)N(c2ccc(Oc4cccc(Oc5ccc(N6C(=O)c7cccc(Oc8ccc([*])cc8)c7C6=O)cc5)c4)cc2)C3=O)cc1,0.70 to 0.80
728,521.15,522.5856,0.8775510204081632,1.4355712890625227,1.4355712890625227,[*]C(=O)c1ccc(Oc2cccc3c2C(=O)N(c2cccc(N4C(=O)c5cccc(Oc6ccc([*])cc6)c5C4=O)c2)C3=O)cc1,[*]C(=O)c1ccc(Oc2cccc(N3C(=O)c4cccc(Oc5cccc6c5C(=O)N(c5cccc(Oc7ccc([*])cc7)c5)C6=O)c4C3=O)c2)cc1,>= 0.80
729,507.15,541.1404,0.6981132075471698,33.99038085937502,33.99038085937502,[*]C(=O)c1cccc(N2C(=O)c3cccc(Oc4cccc5c4C(=O)N(c4cccc([*])c4)C5=O)c3C2=O)c1,[*]C(=O)c1ccc(Oc2cccc(N3C(=O)c4cccc(Oc5cccc6c5C(=O)N(c5cccc(Oc7ccc([*])cc7)c5)C6=O)c4C3=O)c2)cc1,0.60 to 0.70
730,208.15,209.61887,0.5,1.4688659667968693,1.4688659667968693,[*]CCCCCSSCCCCC[*],[*]CCSSCC[*],0.50 to 0.60
731,203.15,199.63283,0.3684210526315789,-3.517172241210943,3.517172241210943,[*]CCCCCSSSCCCCC[*],[*]CCSSCC[*],< 0.50
732,197.15,197.58823,0.3684210526315789,0.4382263183593693,0.4382263183593693,[*]CCCCCSSSSCCCCC[*],[*]CCSSCC[*],< 0.50
733,199.15,197.41411,0.5714285714285714,-1.7358917236328182,1.7358917236328182,[*]CCCSSCCC[*],[*]CCSSCC[*],0.50 to 0.60
734,201.15,200.55464,0.7142857142857143,-0.5953582763671932,0.5953582763671932,[*]CCCSSCC[*],[*]CCSSCC[*],0.70 to 0.80
735,498.15,428.0943,0.5806451612903226,-70.05570068359373,70.05570068359373,[*]c1ccc(-c2ccc(N([*])c3ccc(C(F)(F)F)cc3)cc2)cc1,[*]c1ccc(-c2ccc(N([*])c3ccc(C)cc3)cc2)cc1,0.50 to 0.60
736,482.15,420.22034,0.5294117647058824,-61.92966308593748,61.92966308593748,[*]c1ccc(-c2ccc(N([*])c3cc(C(F)(F)F)cc(C(F)(F)F)c3)cc2)cc1,[*]c1ccc(-c2ccc(N([*])c3ccc(C)cc3)cc2)cc1,0.50 to 0.60
737,402.15,362.24252,0.4590163934426229,-39.9074768066406,39.9074768066406,[*]O[Si]([*])(C)CCCOc1ccc2c(c1)c1cc(-c3ccc4c(c3)c3ccccc3n4CC(CC)CCCC)ccc1n2CC(CC)CCCC,[*]O[Si]([*])(C)CCCn1c2ccccc2c2ccccc21,< 0.50
738,326.15,389.79376,0.4545454545454545,63.64376220703127,63.64376220703127,[*]C=CC1CC([*])C2C=CCC12,[*]C1C([*])C2CC1C1C=CCC12,< 0.50
739,360.15,390.82312,0.7966101694915254,30.673120117187523,30.673120117187523,[*]CC([*])C(=O)OCCN(CC)c1ccc(/N=N/c2ccc([N+](=O)[O-])cc2Cl)cc1,[*]CC([*])C(=O)OCCN(CC)c1ccc(/N=N/c2ccc([N+](=O)[O-])cc2)cc1,0.70 to 0.80
740,368.15,401.5236,0.6774193548387096,33.37359008789065,33.37359008789065,[*]Oc1ccc(Cc2ccc(OC([*])=S)cc2)cc1,[*]Oc1ccc(Cc2ccc(Cc3ccc(OC([*])=O)cc3)cc2)cc1,0.60 to 0.70
741,271.65,270.1009,0.6333333333333333,-1.5491088867187273,1.5491088867187273,[*]N=P([*])(Oc1ccc(C)c(C)c1)Oc1ccc(C)c(C)c1,[*]N=P([*])(Oc1ccc(C)cc1)Oc1ccc(C)cc1,0.60 to 0.70
742,443.15,325.62073,0.5555555555555556,-117.52927246093748,117.52927246093748,[*]NCCCCCCNC(=O)Nc1cccc(NC([*])=O)n1,[*]NCCCCCCCCCCCCCCCCCCNC(=O)Nc1ccc(Cc2ccc(NC([*])=O)cc2)cc1,0.50 to 0.60
743,345.15,351.39874,0.4468085106382978,6.248742675781273,6.248742675781273,[*]CC(O)CCCCC(O)CN([*])c1ccc(N(C)C)cc1,[*]CC(O)CN([*])c1ccc(/N=N/c2ccc(C(=O)O)cc2)cc1,< 0.50
744,345.15,364.76648,0.391304347826087,19.616479492187523,19.616479492187523,[*]CC(O)C(O)CN([*])c1ccc(N(C)C)cc1,[*]CC(O)CN([*])c1ccc(/N=N/c2ccc(C(=O)O)cc2)cc1,< 0.50
745,304.15,316.57172,0.4038461538461538,12.421716308593773,12.421716308593773,[*]CC(O)COCCCCOCC(O)CN([*])c1ccc(N(C)C)cc1,[*]CC(O)CN([*])c1ccc(/N=N/c2ccc(C(=O)O)cc2)cc1,< 0.50
746,410.15,343.78604,0.5666666666666667,-66.36395874023435,66.36395874023435,[*]Oc1ccc(OC(=O)c2cc(OCCCCCCCCCCC(F)(F)C(F)(F)C(F)(F)C(F)(F)C(F)(F)C(F)(F)C(F)(F)C(F)(F)C(F)(F)C(F)(F)F)cc(C([*])=O)c2)cc1,[*]Oc1ccc(C(c2ccc(OC(=O)c3ccc(OCCCCCCCCCCOc4ccc(C([*])=O)cc4)cc3)cc2)(C(F)(F)F)C(F)(F)F)cc1,0.50 to 0.60
747,317.65,323.2296,0.4324324324324324,5.579614257812523,5.579614257812523,[*]CC(OCC(C)C)C(C(=O)OC)C([*])C(=O)OC,[*]CC([*])C(=O)OCC(C)C,< 0.50
748,332.65,336.6215,0.5,3.9714904785156477,3.9714904785156477,[*]CC(OC)C(C(=O)OC)C([*])C(=O)OC,[*]CC([*])C(=O)OC,0.50 to 0.60
749,483.15,494.21228,0.4390243902439024,11.062280273437523,11.062280273437523,[*]CCCN1C(=O)C2C3C=CC(C4C(=O)N([*])C(=O)C34)C2C1=O,[*]CN1C(=O)C2C3C=CC(C2C1=O)C1C(=O)N(C([*])C)C(=O)C31,< 0.50
750,492.15,392.74976,0.4736842105263157,-99.40024414062498,99.40024414062498,[*]CCCCCCCCCCN1C(=O)C2C3C=CC(C4C(=O)N([*])C(=O)C34)C2C1=O,[*]CCCCCCN1C(=O)C(=O)N([*])C1=O,< 0.50
751,484.15,498.5216,0.4473684210526316,14.371606445312523,14.371606445312523,[*]CCCCN1C(=O)C2C3C=CC(C4C(=O)N([*])C(=O)C34)C2C1=O,[*]CCCCCCN1C(=O)C(=O)N([*])C1=O,< 0.50
752,358.15,287.227,0.3962264150943396,-70.92301025390623,70.92301025390623,[*]C(=O)OCC(C)(C)CS(=O)(=O)CC(C)(C)COC(=O)N1CC(C)N([*])CC1C,[*]C(=O)CCCCCCCCC(=O)N1CC(C)N([*])CC1C,< 0.50
753,431.65,301.91806,0.5294117647058824,-129.7319396972656,129.7319396972656,[*]C(F)(F)C([*])(F)C(F)(F)F,[*]C(F)(F)C([*])(F)C(F)(F)C(F)(F)C(F)(F)C(F)(F)C(F)(F)F,0.50 to 0.60
754,173.075,206.06857,0.3684210526315789,32.993572998046886,32.993572998046886,[*]=CCCCC=[*],[*]=CCCC(=[*])C,< 0.50
755,195.15,230.1577,0.36,35.00769958496093,35.00769958496093,[*]=CCCCCCCC=[*],[*]=CCCC(=[*])CCCCCCC,< 0.50
756,220.15,230.34311,0.36,10.19310913085937,10.19310913085937,[*]=CCCCCCCCCCCC=[*],[*]=CCCC(=[*])CCCCCCC,< 0.50
757,182.15,224.16933,0.4117647058823529,42.01932678222656,42.01932678222656,[*]=CCCC=[*],[*]=CCCC(=[*])C,< 0.50
758,497.15,455.53778,0.4953271028037383,-41.61221923828123,41.61221923828123,[*]CCN1C(=O)c2ccc(C(c3ccc4c(c3)C(=O)N(CCN([*])c3ccc(/C=C/C5=CC(=C(C#N)C#N)CC(C)(C)C5)cc3)C4=O)(C(F)(F)F)C(F)(F)F)cc2C1=O,[*]c1ccc(OCCN(C)c2ccc(/C=C/C3=CC(=C(C#N)C#N)CC(C)(C)C3)cc2)c(N2C(=O)c3ccc(Oc4ccc5c(c4)C(=O)N(c4cc(C([*])(C(F)(F)F)C(F)(F)F)ccc4OCCN(C)c4ccc(/C=C/C6=CC(=C(C#N)C#N)CC(C)(C)C6)cc4)C5=O)cc3C2=O)c1,< 0.50
759,537.15,535.9332,0.8,-1.2167724609374773,1.2167724609374773,[*]C(=O)c1ccc2c(c1)C(=O)N(c1cccc(P(=O)(c3ccc(C(F)(F)F)cc3)c3cccc(N4C(=O)c5ccc([*])cc5C4=O)c3)c1)C2=O,[*]C(=O)c1ccc2c(c1)C(=O)N(c1cccc(P(=O)(c3ccccc3)c3cccc(N4C(=O)c5ccc([*])cc5C4=O)c3)c1)C2=O,>= 0.80
760,578.15,564.9128,0.7272727272727273,-13.237219238281227,13.237219238281227,[*]C(=O)c1ccc2c(c1)C(=O)N(c1cccc(P(=O)(c3ccc(Oc4ccc(C56CC7CC(CC(C7)C5)C6)cc4)cc3)c3cccc(N4C(=O)c5ccc([*])cc5C4=O)c3)c1)C2=O,[*]c1ccc2c(c1)C(=O)N(c1cccc(P(=O)(c3ccc(Oc4ccc(C56CC7CC(CC(C7)C5)C6)cc4)cc3)c3cccc(N4C(=O)c5ccc(C([*])(C(F)(F)F)C(F)(F)F)cc5C4=O)c3)c1)C2=O,0.70 to 0.80
761,516.15,538.39825,0.7678571428571429,22.248254394531273,22.248254394531273,[*]C(=O)c1ccc2c(c1)C(=O)N(c1cccc(P(=O)(c3cccc(N4C(=O)c5ccc([*])cc5C4=O)c3)c3cc(C(F)(F)F)cc(C(F)(F)F)c3)c1)C2=O,[*]C(=O)c1ccc2c(c1)C(=O)N(c1cccc(P(=O)(c3ccccc3)c3cccc(N4C(=O)c5ccc([*])cc5C4=O)c3)c1)C2=O,0.70 to 0.80
762,549.15,536.0131,0.4933333333333333,-13.136877441406227,13.136877441406227,[*]c1c(C)cc(Cc2cc(C)c(N3C(=O)c4ccc(C(c5ccc6c(c5)C(=O)N([*])C6=O)(C(F)(F)F)C(F)(F)F)cc4C3=O)c(C(C)C)c2)cc1C(C)C,[*]c1c(C)cc(C)c(N2C(=O)c3ccc(C(=O)Nc4ccc(C(c5ccc(NC(=O)c6ccc7c(c6)C(=O)N([*])C7=O)cc5)(C(F)(F)F)C(F)(F)F)cc4)cc3C2=O)c1C,< 0.50
763,562.15,540.64453,0.4805194805194805,-21.505468749999977,21.505468749999977,[*]c1c(C)cc(C(c2ccccc2)(c2cc(C)c(N3C(=O)c4ccc(C(c5ccc6c(c5)C(=O)N([*])C6=O)(C(F)(F)F)C(F)(F)F)cc4C3=O)c(C(C)C)c2)C(F)(F)F)cc1C(C)C,[*]c1c(C)cc(C)c(N2C(=O)c3ccc(C(=O)Nc4ccc(C(c5ccc(NC(=O)c6ccc7c(c6)C(=O)N([*])C7=O)cc5)(C(F)(F)F)C(F)(F)F)cc4)cc3C2=O)c1C,< 0.50
764,608.15,566.44305,0.5454545454545454,-41.70694580078123,41.70694580078123,[*]c1c(C)cc(C2(c3cc(C)c(N4C(=O)c5ccc(C(c6ccc7c(c6)C(=O)N([*])C7=O)(C(F)(F)F)C(F)(F)F)cc5C4=O)c(C(C)C)c3)c3ccccc3-c3ccccc32)cc1C(C)C,[*]c1ccc(N2C(=O)c3ccc(C(c4ccc5c(c4)C(=O)N(c4ccc(C6([*])c7ccccc7-c7ccccc76)cc4C(C)C)C5=O)(C(F)(F)F)C(F)(F)F)cc3C2=O)c(C(C)C)c1,0.50 to 0.60
765,343.15,346.8051,0.4736842105263157,3.6551147460937727,3.6551147460937727,[*]COC(=O)N1CCN(C(=O)OCC([*])(C)C)CC1,[*]COC(=O)c1ccc(C(=O)OCC([*])(C)C)cc1,< 0.50
766,388.15,282.934,0.55,-105.21600952148435,105.21600952148435,[*]CC([*])C(C)=O,[*]CC([*])C(=O)O,0.50 to 0.60
767,455.15,422.44675,0.6190476190476191,-32.7032531738281,32.7032531738281,[*]c1ccc(C(=O)NCCCCNC(=O)c2ccc(C([*])(C)CC)cc2)cc1,[*]c1ccc(C(=O)OCCOC(=O)c2ccc(C([*])(C)CC)cc2)cc1,0.60 to 0.70
768,437.15,405.07785,0.6046511627906976,-32.0721496582031,32.0721496582031,[*]c1ccc(C(=O)NCCCCCCNC(=O)c2ccc(C([*])(C)CC)cc2)cc1,[*]c1ccc(C(=O)OCCOC(=O)c2ccc(C([*])(C)CC)cc2)cc1,0.60 to 0.70
769,537.15,506.51562,0.3623188405797101,-30.634374999999977,30.634374999999977,[*]COc1ccc2ccccc2c1Sc1c(OCC(=O)Nc2cccc3c(NC([*])=O)cccc23)ccc2ccccc12,[*]Cc1ccc(-c2sc(-c3ccc(CC(=O)Nc4cccc5c(NC([*])=O)cccc45)cc3)c(-c3ccccc3)c2-c2ccccc2)cc1,< 0.50
770,514.15,472.91275,0.4067796610169492,-41.23724975585935,41.23724975585935,[*]COc1ccc2ccccc2c1Sc1c(OCC(=O)Nc2ccc(Cc3ccc(NC([*])=O)cc3)cc2)ccc2ccccc12,[*]CCCCCCCC(=O)Nc1ccc(Cc2ccc(NC([*])=O)cc2)cc1,< 0.50
771,541.15,476.6123,0.3653846153846153,-64.53769531249998,64.53769531249998,[*]COc1ccc2ccccc2c1Sc1c(OCC(=O)Nc2ccc(NC([*])=O)cc2)ccc2ccccc12,[*]CCCC(=O)Nc1ccc(NC([*])=O)cc1,< 0.50
772,518.15,466.31818,0.4310344827586206,-51.83182373046873,51.83182373046873,[*]COc1ccc2ccccc2c1Sc1c(OCC(=O)Nc2ccc(Oc3ccc(NC([*])=O)cc3)cc2)ccc2ccccc12,[*]CCCCC(=O)Nc1ccc(Oc2ccc(NC([*])=O)cc2)cc1,< 0.50
773,527.15,478.4096,0.4107142857142857,-48.74039306640623,48.74039306640623,[*]COc1ccc2ccccc2c1Sc1c(OCC(=O)Nc2cccc(NC([*])=O)c2)ccc2ccccc12,[*]CCCCC(=O)Nc1cccc(NC([*])=O)c1,< 0.50
774,357.075,360.689,0.6,3.6139953613281364,3.6139953613281364,[*]CC([*])(C)C(=O)OC(C)C,[*]CC([*])(C)C(=O)OCC(C)C,0.60 to 0.70
775,348.15,356.5034,0.6666666666666666,8.353387451171898,8.353387451171898,[*]CC([*])(C)C(=O)OC(C(F)(F)F)C(F)(F)F,[*]CC([*])(F)C(=O)OC(C(F)(F)F)C(F)(F)F,0.60 to 0.70
776,381.15,344.76962,0.5625,-36.3803771972656,36.3803771972656,[*]CC([*])(C)C(=O)OC(C)C(C)(C)C,[*]CC([*])(C)C(=O)OCC(C)C,0.50 to 0.60
777,330.0,338.9697,0.5588235294117647,8.969696044921875,8.969696044921875,[*]CC([*])(C)C(=O)OC(C)CC,[*]CC([*])(C)C(=O)OCC(CC)CC,0.50 to 0.60
778,343.15,339.30508,0.5714285714285714,-3.8449157714843523,3.8449157714843523,[*]OC(=O)c1ccc(OCCCCCCCCOc2ccc(C(=O)Oc3ccc([*])cc3C(=O)CC)cc2)cc1,[*]OC(=O)c1ccc(OCCCCCCOc2ccc(C(=O)Oc3ccc([*])cc3/N=N/c3ccc(C#N)cc3)cc2)cc1,0.50 to 0.60
779,476.15,488.79605,0.7446808510638298,12.646051025390648,12.646051025390648,[*]c1ccc(Oc2ccc(-c3nnc(-c4ccc(Oc5ccc(C([*])(C(F)(F)F)C(F)(F)F)cc5)cc4)n3-c3ccccc3)cc2)cc1,[*]c1ccc(Oc2ccc(-c3nnc(-c4ccc(Oc5ccc(C([*])(C)C)cc5)cc4)n3-c3ccccc3)cc2)cc1,0.70 to 0.80
780,280.15,268.0664,0.5769230769230769,-12.083593749999977,12.083593749999977,[*]COCC([*])(C)COCCCCCCCCCCOc1ccc(-c2ccc(C#N)cc2)cc1,[*]CC([*])(C)C(=O)OCCCCCCOc1ccc(-c2ccc(C#N)cc2)cc1,0.50 to 0.60
781,447.25,374.3759,0.52,-72.87411499023438,72.87411499023438,[*]Oc1c(OC)cc([*])cc1OC,[*]Oc1c(C)cc([*])cc1C,0.50 to 0.60
782,543.15,540.32465,0.8524590163934426,-2.8253540039062273,2.8253540039062273,[*]C(=O)Nc1cccc(Oc2ccc(-c3nnc(-c4ccc(Oc5cccc(NC(=O)c6cc([*])cc(NC(=O)c7ccc(OC(C)=O)cc7)c6)c5)cc4)o3)cc2)c1,[*]C(=O)Nc1ccc(Oc2ccc(-c3nnc(-c4ccc(Oc5ccc(NC(=O)c6cc([*])cc(NC(=O)c7ccc(OC(C)=O)cc7)c6)cc5)cc4)o3)cc2)cc1,>= 0.80
783,553.15,537.60504,0.9444444444444444,-15.544958496093727,15.544958496093727,[*]C(=O)Nc1ccc(-c2nnc(-c3ccc(NC(=O)c4cc([*])cc(NC(=O)c5ccc(OC(C)=O)cc5)c4)cc3)o2)cc1,[*]C(=O)Nc1ccc(Oc2ccc(-c3nnc(-c4ccc(Oc5ccc(NC(=O)c6cc([*])cc(NC(=O)c7ccc(OC(C)=O)cc7)c6)cc5)cc4)o3)cc2)cc1,>= 0.80
784,363.15,371.62247,0.5555555555555556,8.472467041015648,8.472467041015648,[*]Nc1ccc([*])cc1OC,[*]Nc1ccc([*])cc1OCCCCCCCCCC,0.50 to 0.60
785,333.15,362.96442,0.6666666666666666,29.814416503906273,29.814416503906273,[*]OCCN(CCOC(=O)c1cccc(C([*])=O)c1)c1ccccc1,[*]OCCOC(=O)c1cccc(C([*])=O)c1,0.60 to 0.70
786,455.15,407.50134,0.392156862745098,-47.64865722656248,47.64865722656248,[*]OC(=O)Oc1ccc(C(c2ccccc2)c2ccc([*])cc2C)c(C)c1,[*]Oc1ccc(C(c2ccccc2)c2ccc(OC([*])=O)cc2)cc1,< 0.50
787,623.15,606.4913,0.5714285714285714,-16.658728027343727,16.658728027343727,[*]c1cc(C(c2ccc(O)c(-n3c(=O)c4cc5c(=O)n([*])c(=O)c5cc4c3=O)c2)(C(F)(F)F)C(F)(F)F)ccc1O,[*]c1ccc(C(c2ccc(-n3c(=O)c4cc5c(=O)n([*])c(=O)c5cc4c3=O)cc2)(C(F)(F)F)C(F)(F)F)cc1,0.50 to 0.60
788,317.275,316.1542,0.5945945945945946,-1.1207946777343523,1.1207946777343523,[*]OCCCCOC(=O)c1ccc(C([*])=O)cc1,[*]OCCOC(=O)c1ccc2cc(C([*])=O)ccc2c1,0.50 to 0.60
789,317.15,296.2659,0.86,-20.884100341796852,20.884100341796852,[*]OCCCCCCCCCCCCCCCCCCCCCCOC(=O)c1ccc2c(c1)C(=O)N(c1ccc(C([*])=O)cc1)C2=O,[*]OCCCCCCCCCCCCOC(=O)c1ccc2c(c1)C(=O)N(c1ccc(Oc3ccc(N4C(=O)c5ccc(C([*])=O)cc5C4=O)cc3)cc1)C2=O,>= 0.80
790,323.65,325.36945,0.5882352941176471,1.7194458007812727,1.7194458007812727,[*]OCCCCCCCCCCCCOC(=O)c1ccc(-c2ccc(C([*])=O)cc2)cc1,[*]OCCCCCCCCCCCOc1cccc(-c2nnc(-c3cccc(OCCCCCCCCCCCOC(=O)c4ccc(C([*])=O)cc4)c3)s2)c1,0.50 to 0.60
791,341.15,306.5013,0.7547169811320755,-34.6486877441406,34.6486877441406,[*]OCCCCCCCCCCCCOC(=O)c1ccc(-c2nnc(-c3ccc(C([*])=O)cc3)s2)cc1,[*]OCCCCCCCCCCCOc1ccc(-c2nnc(-c3cccc(OCCCCCCCCCCCOC(=O)c4ccc(C([*])=O)cc4)c3)s2)cc1,0.70 to 0.80
792,320.15,316.48624,0.86,-3.6637634277343523,3.6637634277343523,[*]OCCCCCCCCCCCCOC(=O)c1ccc2c(c1)C(=O)N(c1ccc(C([*])=O)cc1)C2=O,[*]OCCCCCCCCCCCCOC(=O)c1ccc2c(c1)C(=O)N(c1ccc(Oc3ccc(N4C(=O)c5ccc(C([*])=O)cc5C4=O)cc3)cc1)C2=O,>= 0.80
793,318.15,311.77002,0.8055555555555556,-6.379980468749977,6.379980468749977,[*]OCCCCCCCCCCCCOC(=O)c1ccc2cc(C([*])=O)ccc2c1,[*]OCCOC(=O)c1ccc2cc(C([*])=O)ccc2c1,>= 0.80
794,322.15,325.96817,0.5882352941176471,3.8181701660156477,3.8181701660156477,[*]OCCCCCCCCCCCOC(=O)c1ccc(-c2ccc(C([*])=O)cc2)cc1,[*]OCCCCCCCCCCCOc1cccc(-c2nnc(-c3cccc(OCCCCCCCCCCCOC(=O)c4ccc(C([*])=O)cc4)c3)s2)c1,0.50 to 0.60
795,322.15,319.02466,0.86,-3.1253417968749773,3.1253417968749773,[*]OCCCCCCCCCCCOC(=O)c1ccc2c(c1)C(=O)N(c1ccc(C([*])=O)cc1)C2=O,[*]OCCCCCCCCCCCCOC(=O)c1ccc2c(c1)C(=O)N(c1ccc(Oc3ccc(N4C(=O)c5ccc(C([*])=O)cc5C4=O)cc3)cc1)C2=O,>= 0.80
796,316.15,317.5592,0.8055555555555556,1.4092041015625227,1.4092041015625227,[*]OCCCCCCCCCCCOC(=O)c1ccc2cc(C([*])=O)ccc2c1,[*]OCCOC(=O)c1ccc2cc(C([*])=O)ccc2c1,>= 0.80
797,337.15,310.07623,0.8490566037735849,-27.073767089843727,27.073767089843727,[*]OCCCCCCCCCCCOc1ccc(-c2nnc(-c3ccc(OCCCCCCCCCCCOC(=O)c4ccc(C([*])=O)cc4)cc3)s2)cc1,[*]OCCCCCCCCCCCOc1ccc(-c2nnc(-c3cccc(OCCCCCCCCCCCOC(=O)c4ccc(C([*])=O)cc4)c3)s2)cc1,>= 0.80
798,323.15,336.48715,0.5882352941176471,13.337152099609398,13.337152099609398,[*]OCCCCCCCCCCOC(=O)c1ccc(-c2ccc(-c3ccc(C([*])=O)cc3)cc2)cc1,[*]OCCCCCCCCCCCOc1cccc(-c2nnc(-c3cccc(OCCCCCCCCCCCOC(=O)c4ccc(C([*])=O)cc4)c3)s2)c1,0.50 to 0.60
799,325.15,319.79993,0.5882352941176471,-5.350073242187477,5.350073242187477,[*]OCCCCCCCCCCOC(=O)c1ccc(-c2ccc(C([*])=O)cc2)cc1,[*]OCCCCCCCCCCCOc1cccc(-c2nnc(-c3cccc(OCCCCCCCCCCCOC(=O)c4ccc(C([*])=O)cc4)c3)s2)c1,0.50 to 0.60
800,352.15,316.67444,0.7547169811320755,-35.47556152343748,35.47556152343748,[*]OCCCCCCCCCCOC(=O)c1ccc(-c2nnc(-c3ccc(C([*])=O)cc3)s2)cc1,[*]OCCCCCCCCCCCOc1ccc(-c2nnc(-c3cccc(OCCCCCCCCCCCOC(=O)c4ccc(C([*])=O)cc4)c3)s2)cc1,0.70 to 0.80
801,283.65,289.4233,0.5945945945945946,5.773309326171898,5.773309326171898,[*]OCCCCCCCCCCOC(=O)c1ccc(C([*])=O)cc1,[*]OC(=O)c1ccc(OCCCCCOc2ccc(C([*])=O)cc2)cc1,0.50 to 0.60
802,331.15,319.6975,0.86,-11.452490234374977,11.452490234374977,[*]OCCCCCCCCCCOC(=O)c1ccc2c(c1)C(=O)N(c1ccc(C([*])=O)cc1)C2=O,[*]OCCCCCCCCCCCCOC(=O)c1ccc2c(c1)C(=O)N(c1ccc(Oc3ccc(N4C(=O)c5ccc(C([*])=O)cc5C4=O)cc3)cc1)C2=O,>= 0.80
803,323.65,322.74673,0.8055555555555556,-0.9032653808593523,0.9032653808593523,[*]OCCCCCCCCCCOC(=O)c1ccc2cc(C([*])=O)ccc2c1,[*]OCCOC(=O)c1ccc2cc(C([*])=O)ccc2c1,>= 0.80
804,250.65,290.71045,0.8,40.060449218749994,40.060449218749994,[*]OCCCCCCCCCCOC(=O)c1cccc(C([*])=O)c1,[*]OCCOC(=O)c1cccc(C([*])=O)c1,>= 0.80
805,323.65,316.558,0.5882352941176471,-7.091986083984352,7.091986083984352,[*]OCCCCCCCCCOC(=O)c1ccc(-c2ccc(C([*])=O)cc2)cc1,[*]OCCCCCCCCCCCOc1cccc(-c2nnc(-c3cccc(OCCCCCCCCCCCOC(=O)c4ccc(C([*])=O)cc4)c3)s2)c1,0.50 to 0.60
806,345.15,321.878,0.7547169811320755,-23.272009277343727,23.272009277343727,[*]OCCCCCCCCCOC(=O)c1ccc(-c2nnc(-c3ccc(C([*])=O)cc3)s2)cc1,[*]OCCCCCCCCCCCOc1ccc(-c2nnc(-c3cccc(OCCCCCCCCCCCOC(=O)c4ccc(C([*])=O)cc4)c3)s2)cc1,0.70 to 0.80
807,308.15,288.66772,0.5945945945945946,-19.482275390624977,19.482275390624977,[*]OCCCCCCCCCOC(=O)c1ccc(C([*])=O)cc1,[*]OC(=O)c1ccc(OCCCCCOc2ccc(C([*])=O)cc2)cc1,0.50 to 0.60
808,335.15,338.24634,0.86,3.0963378906250227,3.0963378906250227,[*]OCCCCCCCCCOC(=O)c1ccc2c(c1)C(=O)N(c1ccc(C([*])=O)cc1)C2=O,[*]OCCCCCCCCCCCCOC(=O)c1ccc2c(c1)C(=O)N(c1ccc(Oc3ccc(N4C(=O)c5ccc(C([*])=O)cc5C4=O)cc3)cc1)C2=O,>= 0.80
809,323.15,313.50696,0.8055555555555556,-9.643041992187477,9.643041992187477,[*]OCCCCCCCCCOC(=O)c1ccc2cc(C([*])=O)ccc2c1,[*]OCCOC(=O)c1ccc2cc(C([*])=O)ccc2c1,>= 0.80
810,320.15,330.8011,0.5882352941176471,10.651086425781273,10.651086425781273,[*]OCCCCCCCCOC(=O)c1ccc(-c2ccc(C([*])=O)cc2)cc1,[*]OCCCCCCCCCCCOc1cccc(-c2nnc(-c3cccc(OCCCCCCCCCCCOC(=O)c4ccc(C([*])=O)cc4)c3)s2)c1,0.50 to 0.60
811,359.15,334.42593,0.7547169811320755,-24.724066162109352,24.724066162109352,[*]OCCCCCCCCOC(=O)c1ccc(-c2nnc(-c3ccc(C([*])=O)cc3)s2)cc1,[*]OCCCCCCCCCCCOc1ccc(-c2nnc(-c3cccc(OCCCCCCCCCCCOC(=O)c4ccc(C([*])=O)cc4)c3)s2)cc1,0.70 to 0.80
812,318.15,301.37424,0.5945945945945946,-16.775762939453102,16.775762939453102,[*]OCCCCCCCCOC(=O)c1ccc(C([*])=O)cc1,[*]OC(=O)c1ccc(OCCCCCOc2ccc(C([*])=O)cc2)cc1,0.50 to 0.60
813,338.15,346.0974,0.86,7.947412109375023,7.947412109375023,[*]OCCCCCCCCOC(=O)c1ccc2c(c1)C(=O)N(c1ccc(C([*])=O)cc1)C2=O,[*]OCCCCCCCCCCCCOC(=O)c1ccc2c(c1)C(=O)N(c1ccc(Oc3ccc(N4C(=O)c5ccc(C([*])=O)cc5C4=O)cc3)cc1)C2=O,>= 0.80
814,333.15,312.36218,0.8055555555555556,-20.787817382812477,20.787817382812477,[*]OCCCCCCCCOC(=O)c1ccc2cc(C([*])=O)ccc2c1,[*]OCCOC(=O)c1ccc2cc(C([*])=O)ccc2c1,>= 0.80
815,264.15,286.9267,0.8,22.776696777343773,22.776696777343773,[*]OCCCCCCCCOC(=O)c1cccc(C([*])=O)c1,[*]OCCOC(=O)c1cccc(C([*])=O)c1,>= 0.80
816,317.15,328.96384,0.5882352941176471,11.813836669921898,11.813836669921898,[*]OCCCCCCCOC(=O)c1ccc(-c2ccc(C([*])=O)cc2)cc1,[*]OCCCCCCCCCCCOc1cccc(-c2nnc(-c3cccc(OCCCCCCCCCCCOC(=O)c4ccc(C([*])=O)cc4)c3)s2)c1,0.50 to 0.60
817,272.15,311.9614,0.5945945945945946,39.8113952636719,39.8113952636719,[*]OCCCCCCCOC(=O)c1ccc(C([*])=O)cc1,[*]OC(=O)c1ccc(OCCCCCOc2ccc(C([*])=O)cc2)cc1,0.50 to 0.60
818,343.15,328.17444,0.6829268292682927,-14.975561523437477,14.975561523437477,[*]OCCCCCCCOC(=O)c1ccc(OC(=O)c2ccc(C(=O)Oc3ccc(C([*])=O)cc3)cc2)cc1,[*]Oc1ccc(OCCCCCCOc2ccc(OC(=O)c3ccc(C([*])=O)cc3)cc2)cc1,0.60 to 0.70
819,350.15,357.3807,0.86,7.230706787109398,7.230706787109398,[*]OCCCCCCCOC(=O)c1ccc2c(c1)C(=O)N(c1ccc(C([*])=O)cc1)C2=O,[*]OCCCCCCCCCCCCOC(=O)c1ccc2c(c1)C(=O)N(c1ccc(Oc3ccc(N4C(=O)c5ccc(C([*])=O)cc5C4=O)cc3)cc1)C2=O,>= 0.80
820,325.65,320.29974,0.8055555555555556,-5.350256347656227,5.350256347656227,[*]OCCCCCCCOC(=O)c1ccc2cc(C([*])=O)ccc2c1,[*]OCCOC(=O)c1ccc2cc(C([*])=O)ccc2c1,>= 0.80
821,333.15,359.5572,0.5882352941176471,26.407189941406273,26.407189941406273,[*]OCCCCCCOC(=O)c1ccc(-c2ccc(-c3ccc(C([*])=O)cc3)cc2)cc1,[*]OCCCCCCCCCCCOc1cccc(-c2nnc(-c3cccc(OCCCCCCCCCCCOC(=O)c4ccc(C([*])=O)cc4)c3)s2)c1,0.50 to 0.60
822,324.15,320.0242,0.5882352941176471,-4.125799560546852,4.125799560546852,[*]OCCCCCCOC(=O)c1ccc(-c2ccc(C([*])=O)cc2)cc1,[*]OCCCCCCCCCCCOc1cccc(-c2nnc(-c3cccc(OCCCCCCCCCCCOC(=O)c4ccc(C([*])=O)cc4)c3)s2)c1,0.50 to 0.60
823,398.15,336.97012,0.7547169811320755,-61.17987670898435,61.17987670898435,[*]OCCCCCCOC(=O)c1ccc(-c2nnc(-c3ccc(C([*])=O)cc3)s2)cc1,[*]OCCCCCCCCCCCOc1ccc(-c2nnc(-c3cccc(OCCCCCCCCCCCOC(=O)c4ccc(C([*])=O)cc4)c3)s2)cc1,0.70 to 0.80
824,286.15,307.65173,0.5945945945945946,21.501733398437523,21.501733398437523,[*]OCCCCCCOC(=O)c1ccc(C([*])=O)cc1,[*]OC(=O)c1ccc(OCCCCCOc2ccc(C([*])=O)cc2)cc1,0.50 to 0.60
825,288.15,314.47598,0.6274509803921569,26.325982666015648,26.325982666015648,[*]OCCCCCCOC(=O)c1ccc(Oc2ccc(C([*])=O)cc2)cc1,[*]OCCCCCCCCCCCCOC(=O)c1ccc2c(c1)C(=O)N(c1ccc(Oc3ccc(N4C(=O)c5ccc(C([*])=O)cc5C4=O)cc3)cc1)C2=O,0.60 to 0.70
826,353.65,372.75204,0.86,19.102044677734398,19.102044677734398,[*]OCCCCCCOC(=O)c1ccc2c(c1)C(=O)N(c1ccc(C([*])=O)cc1)C2=O,[*]OCCCCCCCCCCCCOC(=O)c1ccc2c(c1)C(=O)N(c1ccc(Oc3ccc(N4C(=O)c5ccc(C([*])=O)cc5C4=O)cc3)cc1)C2=O,>= 0.80
827,337.15,326.81662,0.8055555555555556,-10.333380126953102,10.333380126953102,[*]OCCCCCCOC(=O)c1ccc2cc(C([*])=O)ccc2c1,[*]OCCOC(=O)c1ccc2cc(C([*])=O)ccc2c1,>= 0.80
828,278.65,301.7304,0.8,23.080407714843773,23.080407714843773,[*]OCCCCCCOC(=O)c1cccc(C([*])=O)c1,[*]OCCOC(=O)c1cccc(C([*])=O)c1,>= 0.80
829,313.15,357.8472,0.5882352941176471,44.69719848632815,44.69719848632815,[*]OCCCCCOC(=O)c1ccc(-c2ccc(-c3ccc(C([*])=O)cc3)cc2)cc1,[*]OCCCCCCCCCCCOc1cccc(-c2nnc(-c3cccc(OCCCCCCCCCCCOC(=O)c4ccc(C([*])=O)cc4)c3)s2)c1,0.50 to 0.60
830,320.65,331.3246,0.5882352941176471,10.674584960937523,10.674584960937523,[*]OCCCCCOC(=O)c1ccc(-c2ccc(C([*])=O)cc2)cc1,[*]OCCCCCCCCCCCOc1cccc(-c2nnc(-c3cccc(OCCCCCCCCCCCOC(=O)c4ccc(C([*])=O)cc4)c3)s2)c1,0.50 to 0.60
831,333.15,343.0971,0.5272727272727272,9.947106933593773,9.947106933593773,[*]OCCCCCOC(=O)c1ccc(/C=C/c2ccc(C([*])=O)cc2)cc1,[*]OCCCCCCCCCCCOc1cccc(-c2nnc(-c3cccc(OCCCCCCCCCCCOC(=O)c4ccc(C([*])=O)cc4)c3)s2)c1,0.50 to 0.60
832,289.15,315.8702,0.5945945945945946,26.720208740234398,26.720208740234398,[*]OCCCCCOC(=O)c1ccc(C([*])=O)cc1,[*]OC(=O)c1ccc(OCCCCCOc2ccc(C([*])=O)cc2)cc1,0.50 to 0.60
833,299.15,331.6172,0.6274509803921569,32.46718750000002,32.46718750000002,[*]OCCCCCOC(=O)c1ccc(Oc2ccc(C([*])=O)cc2)cc1,[*]OCCCCCCCCCCCCOC(=O)c1ccc2c(c1)C(=O)N(c1ccc(Oc3ccc(N4C(=O)c5ccc(C([*])=O)cc5C4=O)cc3)cc1)C2=O,0.60 to 0.70
834,363.15,369.36572,0.86,6.215722656250023,6.215722656250023,[*]OCCCCCOC(=O)c1ccc2c(c1)C(=O)N(c1ccc(C([*])=O)cc1)C2=O,[*]OCCCCCCCCCCCCOC(=O)c1ccc2c(c1)C(=O)N(c1ccc(Oc3ccc(N4C(=O)c5ccc(C([*])=O)cc5C4=O)cc3)cc1)C2=O,>= 0.80
835,331.65,335.51584,0.8055555555555556,3.8658386230468977,3.8658386230468977,[*]OCCCCCOC(=O)c1ccc2cc(C([*])=O)ccc2c1,[*]OCCOC(=O)c1ccc2cc(C([*])=O)ccc2c1,>= 0.80
836,280.15,310.25134,0.8,30.101342773437523,30.101342773437523,[*]OCCCCCOC(=O)c1cccc(C([*])=O)c1,[*]OCCOC(=O)c1cccc(C([*])=O)c1,>= 0.80
837,453.15,343.52188,0.5686274509803921,-109.62811889648435,109.62811889648435,[*]OCCCCOC(=O)c1ccc(-c2ccc(-c3ccc(C([*])=O)cc3)cc2)cc1,[*]OCCCCCCCCCCCOc1cccc(-c2nnc(-c3cccc(OCCCCCCCCCCCOC(=O)c4ccc(C([*])=O)cc4)c3)s2)c1,0.50 to 0.60
838,343.15,338.60477,0.5686274509803921,-4.545233154296852,4.545233154296852,[*]OCCCCOC(=O)c1ccc(-c2ccc(C([*])=O)cc2)cc1,[*]OCCCCCCCCCCCOc1cccc(-c2nnc(-c3cccc(OCCCCCCCCCCCOC(=O)c4ccc(C([*])=O)cc4)c3)s2)c1,0.50 to 0.60
839,364.15,368.94904,0.8125,4.799035644531273,4.799035644531273,[*]OCCCCOC(=O)c1ccc(N/C=N/c2ccc(C([*])=O)cc2)cc1,[*]OCCOCCOC(=O)c1ccc(N/C=N/c2ccc(C([*])=O)cc2)cc1,>= 0.80
840,311.15,334.28748,0.6078431372549019,23.137475585937523,23.137475585937523,[*]OCCCCOC(=O)c1ccc(Oc2ccc(C([*])=O)cc2)cc1,[*]OCCCCCCCCCCCCOC(=O)c1ccc2c(c1)C(=O)N(c1ccc(Oc3ccc(N4C(=O)c5ccc(C([*])=O)cc5C4=O)cc3)cc1)C2=O,0.60 to 0.70
841,373.65,378.60864,0.8666666666666667,4.958642578125023,4.958642578125023,[*]OCCCCOC(=O)c1ccc2c(c1)C(=O)N(c1ccc(C([*])=O)cc1)C2=O,[*]OCCOC(=O)c1ccc2c(c1)C(=O)N(c1ccc(C([*])=O)cc1)C2=O,>= 0.80
842,339.15,339.83466,0.8285714285714286,0.6846557617187727,0.6846557617187727,[*]OCCCCOC(=O)c1ccc2cc(C([*])=O)ccc2c1,[*]OCCOC(=O)c1ccc2cc(C([*])=O)ccc2c1,>= 0.80
843,259.95,294.0407,0.5818181818181818,34.09071044921876,34.09071044921876,[*]OCCCCOCCCCOCCCCOC(=O)c1ccc(/N=C/c2ccc(/C=N/c3ccc(C([*])=O)cc3)cc2)cc1,[*]OCCOCCOC(=O)c1ccc(N/C=N/c2ccc(C([*])=O)cc2)cc1,0.50 to 0.60
844,298.15,291.3716,0.5517241379310345,-6.778387451171852,6.778387451171852,[*]OCCCCOCCCCOCCCCOC(=O)c1ccc(/N=C/c2ccc(C=Nc3ccc(C([*])=O)cc3)s2)cc1,[*]OCCOCCOC(=O)c1ccc(N/C=N/c2ccc(C([*])=O)cc2)cc1,0.50 to 0.60
845,330.15,348.48523,0.5897435897435898,18.335229492187523,18.335229492187523,[*]OCCCOC(=O)c1ccc(Oc2ccc(C([*])=O)cc2)cc1,[*]OC(=O)c1ccc(OCCCOc2ccc(C([*])=O)cc2)cc1,0.50 to 0.60
846,361.15,365.6999,0.8285714285714286,4.549890136718773,4.549890136718773,[*]OCCCOC(=O)c1ccc2cc(C([*])=O)ccc2c1,[*]OCCOC(=O)c1ccc2cc(C([*])=O)ccc2c1,>= 0.80
847,309.15,336.03473,0.8235294117647058,26.884729003906273,26.884729003906273,[*]OCCCOC(=O)c1cccc(C([*])=O)c1,[*]OCCOC(=O)c1cccc(C([*])=O)c1,>= 0.80
848,291.65,318.9639,0.5227272727272727,27.313897705078148,27.313897705078148,[*]OCCCOCCCOC(=O)c1ccc(-c2ccc(C([*])=O)cc2)cc1,[*]OCCOCCOC(=O)c1cccc(C([*])=O)c1,0.50 to 0.60
849,326.15,339.92966,0.6052631578947368,13.779656982421898,13.779656982421898,[*]OCCOC(=O)N1CCN(C(=O)OCCOC(=O)c2ccc(C([*])=O)cc2)CC1,[*]OCCOC(=O)N1CCN(C([*])=O)CC1,0.60 to 0.70
850,453.15,401.6279,0.6666666666666666,-51.5221008300781,51.5221008300781,[*]OCCOC(=O)c1ccc(-c2ccc(-c3ccc(C([*])=O)cc3)cc2)cc1,[*]OCCOC(=O)c1ccc2cc(C([*])=O)ccc2c1,0.60 to 0.70
851,313.15,385.6659,0.6666666666666666,72.51589355468752,72.51589355468752,[*]OCCOC(=O)c1ccc(-c2ccc(C([*])=O)cc2)cc1,[*]OCCOC(=O)c1ccc2cc(C([*])=O)ccc2c1,0.60 to 0.70
852,326.15,322.7576,0.7352941176470589,-3.3924011230468523,3.3924011230468523,[*]OCCOC(=O)c1ccc(OCCCCOc2ccc(C([*])=O)cc2)cc1,[*]OCCOc1ccc(C([*])=O)cc1,0.70 to 0.80
853,347.15,350.19937,0.6756756756756757,3.0493713378906477,3.0493713378906477,[*]OCCOC(=O)c1ccc(Oc2ccc(C([*])=O)cc2)cc1,[*]OCCOC(=O)c1ccc2cc(C([*])=O)ccc2c1,0.60 to 0.70
854,323.15,331.81622,0.6666666666666666,8.666223144531273,8.666223144531273,[*]OCCOCCOC(=O)c1ccc(-c2ccc(C([*])=O)cc2)cc1,[*]OCCOCCOC(=O)c1cccc(C([*])=O)c1,0.60 to 0.70
855,295.05,304.7061,0.7222222222222222,9.656085205078114,9.656085205078114,[*]OCCOCCOC(=O)c1ccc(C([*])=O)cc1,[*]OCCOCCOC(=O)c1cccc(C([*])=O)c1,0.70 to 0.80
856,323.15,340.25754,0.6666666666666666,17.107537841796898,17.107537841796898,[*]OCCOCCOCCOC(=O)c1ccc(-c2ccc(-c3ccc(C([*])=O)cc3)cc2)cc1,[*]OCCOCCOC(=O)c1cccc(C([*])=O)c1,0.60 to 0.70
857,293.15,325.77762,0.6666666666666666,32.62761840820315,32.62761840820315,[*]OCCOCCOCCOC(=O)c1ccc(-c2ccc(C([*])=O)cc2)cc1,[*]OCCOCCOC(=O)c1cccc(C([*])=O)c1,0.60 to 0.70
858,303.15,331.2765,0.6585365853658537,28.126489257812523,28.126489257812523,[*]OCCOCCOCCOC(=O)c1ccc(OC(=O)c2ccc(C(=O)Oc3ccc(C([*])=O)cc3)cc2)cc1,[*]Oc1ccc(C(=O)OCCOCCOC(=O)c2ccc(OC([*])=O)cc2)cc1,0.60 to 0.70
859,313.15,313.30167,0.6666666666666666,0.15166625976564774,0.15166625976564774,[*]OCCOCCOCCOCCOC(=O)c1ccc(-c2ccc(-c3ccc(C([*])=O)cc3)cc2)cc1,[*]OCCOCCOC(=O)c1cccc(C([*])=O)c1,0.60 to 0.70
860,277.15,307.9655,0.6666666666666666,30.815515136718773,30.815515136718773,[*]OCCOCCOCCOCCOC(=O)c1ccc(-c2ccc(C([*])=O)cc2)cc1,[*]OCCOCCOC(=O)c1cccc(C([*])=O)c1,0.60 to 0.70
861,303.15,306.89178,0.6585365853658537,3.7417846679687727,3.7417846679687727,[*]OCCOCCOCCOCCOC(=O)c1ccc(OC(=O)c2ccc(C(=O)Oc3ccc(C([*])=O)cc3)cc2)cc1,[*]Oc1ccc(C(=O)OCCOCCOC(=O)c2ccc(OC([*])=O)cc2)cc1,0.60 to 0.70
862,313.15,268.0348,0.6666666666666666,-45.11520996093748,45.11520996093748,[*]OCCOCCOCCOCCOCCOCCOCCOCCOCCOCCOC(=O)c1ccc(-c2ccc(-c3ccc(C([*])=O)cc3)cc2)cc1,[*]OCCOCCOC(=O)c1cccc(C([*])=O)c1,0.60 to 0.70
863,294.575,312.65366,0.8235294117647058,18.078656005859386,18.078656005859386,[*]OCCCCOC(=O)c1cccc(C([*])=O)c1,[*]OCCOC(=O)c1cccc(C([*])=O)c1,>= 0.80
864,326.075,333.36942,0.5945945945945946,7.294415283203136,7.294415283203136,[*]OCCCOC(=O)c1ccc(C([*])=O)cc1,[*]OCCOC(=O)c1ccc2cc(C([*])=O)ccc2c1,0.50 to 0.60
865,348.0,336.41855,0.7272727272727273,-11.581451416015625,11.581451416015625,[*]OCCOC(=O)c1ccc(C([*])=O)cc1,[*]OCCOC(=O)c1ccc2cc(C([*])=O)ccc2c1,0.70 to 0.80
866,442.65,407.8855,0.5714285714285714,-34.76450195312498,34.76450195312498,[*]c1cccc(N2C(=O)C(=O)N(CCCCCCN3C(=O)C(=O)N([*])C3=O)C2=O)n1,[*]c1cccc(N2C(=O)C(=O)N(c3ccc(Cc4ccc(N5C(=O)C(=O)N([*])C5=O)cc4)cc3)C2=O)n1,0.50 to 0.60
867,350.0,336.534,0.5405405405405406,-13.46600341796875,13.46600341796875,[*]CC([*])OC(=O)C=Cc1ccccc1,[*]CC([*])OC(=O)c1ccccc1,0.50 to 0.60
868,400.15,336.534,0.5405405405405406,-63.61600341796873,63.61600341796873,[*]CC([*])OC(=O)/C=C/c1ccccc1,[*]CC([*])OC(=O)c1ccccc1,0.50 to 0.60
869,521.15,496.60114,0.6376811594202898,-24.548864746093727,24.548864746093727,[*]c1cc(C)c(ON2C(=O)c3ccc(Oc4ccc(C5(c6ccc(Oc7ccc8c(c7)C(=O)N(Oc7c(C)cc(C([*])(C)C)cc7C)C8=O)cc6)CCC(C(C)(C)C)CC5)cc4)cc3C2=O)c(C)c1,[*]c1cc(C)c(OC(=O)c2ccc(Oc3ccc(C4(c5ccc(Oc6ccc(C(=O)Oc7c(C)cc(C([*])(C)C)cc7C)cc6)cc5)CCC(C(C)(C)C)CC4)cc3)cc2)c(C)c1,0.60 to 0.70
870,240.375,273.09464,0.5333333333333333,32.719635009765625,32.719635009765625,[*]CC([*])(F)F,[*]CC([*])(F)C(F)(F)F,0.50 to 0.60
871,283.15,278.4501,0.7727272727272727,-4.699896240234352,4.699896240234352,[*]CC([*])(C)C(=O)OCCOCCOCC1COCCOCCOCCO1,[*]CC([*])(C)C(=O)OCC1COCCOCCOCCO1,0.70 to 0.80
872,261.575,299.15747,0.5789473684210527,37.58247070312501,37.58247070312501,[*]CC([*])(C)CC,[*]CC([*])(C)CCC,0.50 to 0.60
873,200.15,372.60657,0.3478260869565217,172.4565673828125,172.4565673828125,[*]=C(C#CC(=[*])COS(=O)(=O)c1ccc(C)cc1)COS(=O)(=O)c1ccc(C)cc1,[*]CC([*])c1ccc(S(=O)(=O)OCCC)cc1,< 0.50
874,288.15,227.95451,0.3636363636363636,-60.19548645019529,60.19548645019529,[*]OC(CC)C([*])=O,[*]OC(=O)C(CC)C([*])=CCC,< 0.50
875,445.15,433.21564,0.7142857142857143,-11.934362792968727,11.934362792968727,[*]c1ccc(OC(=O)OC2C(C)(C)C(OC(=O)Oc3ccc(C4([*])CCC(C(C)(C)C)CC4)cc3)C2(C)C)cc1,[*]c1ccc(OC(=O)c2ccc(C(=O)Oc3ccc(C4([*])CCC(C(C)(C)C)CC4)cc3)cc2)cc1,0.70 to 0.80
876,394.15,402.0414,0.4736842105263157,7.891412353515648,7.891412353515648,[*]CC([*])(C(=O)OC)c1ccccc1,[*]CC([*])(C)C(=O)Oc1ccccc1,< 0.50
877,419.15,434.20096,0.5903614457831325,15.050958251953148,15.050958251953148,[*]CCOC(=O)NCC1(C)CC(NC(=O)OCCN([*])c2ccc(/N=N/c3ccc(B(c4c(C)cc(C)cc4C)c4c(C)cc(C)cc4C)cc3)cc2)CC(C)(C)C1,[*]CCOC(=O)Nc1ccc(C)c(NC(=O)OCCN([*])c2ccc(/N=N/c3ccc(B(c4c(C)cc(C)cc4C)c4c(C)cc(C)cc4C)cc3)cc2)c1,0.50 to 0.60
878,310.15,327.0004,0.5357142857142857,16.850396728515648,16.850396728515648,[*]N=P([*])(C)c1ccccc1,[*]N=P([*])(CC)c1ccccc1,0.50 to 0.60
879,237.15,304.67807,0.4411764705882353,67.52807006835937,67.52807006835937,[*]C=C[Ge]([*])(c1ccccc1)c1ccccc1,[*]C=C[Ge](C=C[Si]([*])(c1ccccc1)c1ccccc1)(c1ccccc1)c1ccccc1,< 0.50
880,319.15,368.01047,0.6052631578947368,48.8604675292969,48.8604675292969,[*]Oc1cccc(C(F)(F)C(F)(F)C(F)(F)c2cccc(OC([*])=O)c2)c1,[*]Oc1cccc(Oc2cccc(OC([*])=O)c2)c1,0.60 to 0.70
881,347.15,358.71182,0.6744186046511628,11.561822509765648,11.561822509765648,[*]Oc1cccc(C(F)(F)C(F)(F)C(F)(F)c2cccc(OC(=O)c3cccc(C(F)(F)C(F)(F)C(F)(F)c4cccc(C([*])=O)c4)c3)c2)c1,[*]Oc1cccc(OC(=O)c2cccc(C([*])=O)c2)c1,0.60 to 0.70
882,512.15,520.5725,0.4705882352941176,8.422509765625023,8.422509765625023,[*]C1CCC(CC2CCC(N3C(=O)C4C5C=CC(C6C(=O)N([*])C(=O)C56)C4C3=O)CC2)CC1,[*]CC1CCC(N2C(=O)C3C4C=CC(C5C(=O)N(C6CCC([*])CC6C)C(=O)C45)C3C2=O)C(C)C1,< 0.50
883,483.15,470.23218,0.320754716981132,-12.917822265624977,12.917822265624977,[*]C1OCCCC1C1C(=O)OC(=O)C1[*],[*]C1C(=O)OC(=O)C1C1C2CC(COCCC)C(C2)C1[*],< 0.50
884,296.15,300.10083,0.5294117647058824,3.9508300781250227,3.9508300781250227,[*]C=CCC([*])COCC(=O)OCCCCCCCCOc1ccc(/C=C/c2ccc([N+](=O)[O-])cc2)cc1,[*]OCC(COC([*])=O)OCCCCCCCCCCCOc1ccc(/C=C/c2ccc([N+](=O)[O-])cc2)cc1,0.50 to 0.60
885,307.15,351.37625,0.5882352941176471,44.22625122070315,44.22625122070315,[*]CC([*])(CCC(C)C(=O)OC)C(=O)OC,[*]CC([*])(CCC)C(=O)OC,0.50 to 0.60
886,448.15,452.0564,0.5813953488372093,3.9063964843750227,3.9063964843750227,[*]CCOc1ccc(-c2cc(-c3ccccc3)c3cc(Oc4ccc5nc(-c6ccc(OCCN([*])c7ccc(C(C#N)=C(C#N)C#N)cc7)cc6)cc(-c6ccccc6)c5c4)ccc3n2)cc1,[*]c1ccc(OCCN(CC)c2ccc(C(C#N)=C(C#N)C#N)cc2)c(-c2cc(-c3ccccc3)c3cc(Oc4ccc5nc([*])cc(-c6ccccc6)c5c4)ccc3n2)c1,0.50 to 0.60
887,483.15,406.4683,0.4912280701754385,-76.68170776367185,76.68170776367185,[*]Oc1ccc(-c2ccc(Oc3cccc([*])c3C#N)cc2)cc1,[*]Oc1cccc(NC(=O)c2cc(Oc3ccc(C(=O)O)c(C(=O)Nc4cccc(Oc5cccc([*])c5C#N)c4)c3)ccc2C(=O)O)c1,< 0.50
888,601.15,554.2044,0.5882352941176471,-46.94559326171873,46.94559326171873,[*]Oc1ccc(-n2c(=O)c3cc4c(=O)n(-c5ccc(Oc6cccc([*])c6C#N)cc5)c(=O)c4cc3c2=O)cc1,[*]c1ccccc1Oc1ccc(-n2c(=O)c3cc4c(=O)n([*])c(=O)c4cc3c2=O)cc1,0.50 to 0.60
889,358.15,371.20285,0.5333333333333333,13.052850341796898,13.052850341796898,[*]Oc1ccc([*])cc1,[*]c1ccc([*])cc1,0.50 to 0.60
890,328.15,422.631,0.5714285714285714,94.48101196289065,94.48101196289065,[*]Oc1ccc(N[Se]Nc2ccc([*])cc2)cc1,[*]N[Se]Nc1ccc([*])cc1,0.50 to 0.60
891,510.15,514.3068,0.5818181818181818,4.156823730468773,4.156823730468773,[*]NNC(=O)c1ccc(C2(c3ccc(C(=O)NNC(=O)c4ccc(C([*])=O)cc4)cc3)OC(=O)c3ccccc32)cc1,[*]Oc1ccc(C2(c3ccc(OC(=O)c4ccc(C([*])=O)cc4)cc3)OC(=O)c3ccccc32)cc1,0.50 to 0.60
892,315.15,342.42267,0.8285714285714286,27.272668457031273,27.272668457031273,[*]CC([*])(C)C(=O)OCCCCCCOc1ccc(C(=O)Oc2ccc(/N=N/c3ccc(F)cc3)c3ccccc23)cc1,[*]CC([*])(C)C(=O)OCCCCCCOc1ccc(C(=O)Oc2ccc(/N=N/c3ccc(C#N)cc3)c3ccccc23)cc1,>= 0.80
893,319.15,334.14932,0.8285714285714286,14.999322509765648,14.999322509765648,[*]CC([*])(C)C(=O)OCCCCCCOc1ccc(C(=O)Oc2ccc(/N=N/c3ccc(Br)cc3)c3ccccc23)cc1,[*]CC([*])(C)C(=O)OCCCCCCOc1ccc(C(=O)Oc2ccc(/N=N/c3ccc(C#N)cc3)c3ccccc23)cc1,>= 0.80
894,313.15,337.24,0.8405797101449275,24.089990234375023,24.089990234375023,[*]CC([*])(C)C(=O)OCCCCCCOc1ccc(C(=O)Oc2ccc(/N=N/c3ccc(C)cc3)c3ccccc23)cc1,[*]CC([*])(C)C(=O)OCCCCCCOc1ccc(C(=O)Oc2ccc(/N=N/c3ccc(C#N)cc3)c3ccccc23)cc1,>= 0.80
895,323.15,342.5109,0.8285714285714286,19.360894775390648,19.360894775390648,[*]CC([*])(C)C(=O)OCCCCCCOc1ccc(C(=O)Oc2ccc(/N=N/c3ccc(Cl)cc3)c3ccccc23)cc1,[*]CC([*])(C)C(=O)OCCCCCCOc1ccc(C(=O)Oc2ccc(/N=N/c3ccc(C#N)cc3)c3ccccc23)cc1,>= 0.80
896,313.15,336.13794,0.8285714285714286,22.987939453125023,22.987939453125023,[*]CC([*])(C)C(=O)OCCCCCCOc1ccc(C(=O)Oc2ccc(/N=N/c3ccc(I)cc3)c3ccccc23)cc1,[*]CC([*])(C)C(=O)OCCCCCCOc1ccc(C(=O)Oc2ccc(/N=N/c3ccc(C#N)cc3)c3ccccc23)cc1,>= 0.80
897,319.15,337.20276,0.8507462686567164,18.052758789062523,18.052758789062523,[*]CC([*])(C)C(=O)OCCCCCCOc1ccc(C(=O)Oc2ccc(/N=N/c3ccccc3)c3ccccc23)cc1,[*]CC([*])(C)C(=O)OCCCCCCOc1ccc(C(=O)Oc2ccc(/N=N/c3ccc(C#N)cc3)c3ccccc23)cc1,>= 0.80
898,195.15,208.64496,0.5483870967741935,13.494958496093744,13.494958496093744,[*]O[Si]([*])(C)OCCOCCOCCOCCOCCOCCOCCOCCOC,[*]O[Si]([*])(C)CCCOCCOCCOCCOC,0.50 to 0.60
899,153.05,190.47226,0.5483870967741935,37.422259521484364,37.422259521484364,[*]O[Si]([*])(C)OCCOCCOCCOC,[*]O[Si]([*])(C)CCCOCCOCCOCCOC,0.50 to 0.60
900,368.15,382.43997,0.4057971014492754,14.289971923828148,14.289971923828148,[*]C=Cc1ccc2c3ccc([*])cc3n(-c3ccc(OCCCCCCCCCC)c(OCCCCCCCCCC)c3)c2c1,[*]C=Cc1ccc(N(c2ccccc2)c2ccc(C=Cc3cc(OCCCCCCCC)c([*])cc3OCCCCCCCC)cc2)cc1,< 0.50
901,333.15,325.17627,0.7833333333333333,-7.973730468749977,7.973730468749977,[*]O[Si]([*])(C)CCCOc1ccc(C(=O)Oc2ccc(-c3ccc(OC(=O)c4cc(OCC(C)CC)c(OCC(C)CC)c(OCC(C)CC)c4)cc3)cc2)cc1,[*]O[Si]([*])(C)CCCOc1ccc(C(=O)Oc2ccc(-c3ccc(OC(=O)c4cc(OCC)c(OCC)c(OCC)c4)cc3)cc2)cc1,0.70 to 0.80
902,478.15,510.54016,0.5,32.39016113281252,32.39016113281252,[*]C=Cc1ccc(C=CC(=O)Nc2ccc(Oc3ccc(NC([*])=O)cc3)cc2)cc1,[*]C=Cc1ccc(/C=C/C(=O)Oc2ccc(OC([*])=O)cc2)cc1,0.50 to 0.60
903,503.15,504.26495,0.4375,1.1149536132812727,1.1149536132812727,[*]C=Cc1ccc(/C=C/C(=O)Nc2ccc(Cc3ccc(NC([*])=O)cc3)cc2)cc1,[*]CCCCCCCC(=O)Nc1ccc(Cc2ccc(NC([*])=O)cc2)cc1,< 0.50
904,411.15,385.17682,0.4736842105263157,-25.973181152343727,25.973181152343727,[*]CC([*])c1ccc2c(c1)OCO2,[*]CC([*])c1cccc2c1OCO2,< 0.50
905,369.11,367.02695,0.5833333333333334,-2.0830529785156386,2.0830529785156386,[*]CC([*])c1ccccc1,[*]CC([*])c1ccc(C(C)C)cc1,0.50 to 0.60
906,396.65,434.95374,0.5333333333333333,38.30373535156252,38.30373535156252,[*]CC([*])c1ccc(N(c2ccccc2)c2ccccc2)cc1,[*]CC([*])c1ccc(CC)cc1,0.50 to 0.60
907,358.15,381.80307,0.6,23.653070068359398,23.653070068359398,[*]CC([*])c1ccc(Oc2ccccc2)cc1,[*]CC([*])c1ccc(OC)cc1,0.60 to 0.70
908,411.0,417.3733,0.5555555555555556,6.373291015625,6.373291015625,[*]CC([*])c1ccc(-c2ccccc2)cc1,[*]CC([*])c1ccc(C(C)C)cc1,0.50 to 0.60
909,380.15,415.73395,0.5555555555555556,35.58394775390627,35.58394775390627,[*]c1ccc(OC(=S)Oc2ccc(C([*])C)cc2)cc1,[*]c1ccc(OC(=S)Oc2ccc(C([*])(C)C)cc2)cc1,0.50 to 0.60
910,366.15,373.8474,0.4705882352941176,7.697412109375023,7.697412109375023,[*]c1ccc(C([*])C)cc1,[*]c1ccc([*])cc1,< 0.50
911,403.15,434.4838,0.7575757575757576,31.333795166015648,31.333795166015648,[*]c1ccc(OC(=O)Oc2ccc(C([*])C)cc2)cc1,[*]c1ccc(OC(=O)Oc2ccc(C([*])C(C)C)cc2)cc1,0.70 to 0.80
912,408.15,412.64023,0.7142857142857143,4.490228271484398,4.490228271484398,[*]c1ccc(OC(=S)Oc2ccc(C([*])C(C)C)cc2)cc1,[*]c1ccc(OC(=O)Oc2ccc(C([*])C(C)C)cc2)cc1,0.70 to 0.80
913,421.15,403.9733,0.5609756097560976,-17.176702880859352,17.176702880859352,[*]c1ccc(OC(=S)Oc2ccc(C([*])C(CC)CC)cc2)cc1,[*]c1ccc(OC(=S)Oc2ccc(C([*])(CC)CC)cc2)cc1,0.50 to 0.60
914,377.15,401.50198,0.7222222222222222,24.351983642578148,24.351983642578148,[*]c1ccc(OC(=S)Oc2ccc(C([*])CC)cc2)cc1,[*]c1ccc(OC(=O)Oc2ccc(C([*])CC)cc2)cc1,0.70 to 0.80
915,403.15,400.5353,0.7368421052631579,-2.6146911621093523,2.6146911621093523,[*]c1ccc(OC(=S)Oc2ccc(C([*])CCC)cc2)cc1,[*]c1ccc(OC(=O)Oc2ccc(C([*])CCC)cc2)cc1,0.70 to 0.80
916,408.15,421.76532,0.5526315789473685,13.615319824218773,13.615319824218773,[*]CCCn1c(=O)c2cc3c(=O)n(CCCC([*])(C)C)c(=O)c3cc2c1=O,[*]CCCCCCCCCn1c(=O)c2cc3c(=O)n([*])c(=O)c3cc2c1=O,0.50 to 0.60
917,419.15,406.44064,0.3877551020408163,-12.709356689453102,12.709356689453102,[*]CCC1CC([*])C2C1C1CC2C(C)(C(=O)OC)C1,[*]CCC1CC([*])C2C3CC(CC3CC)C12,< 0.50
918,496.15,508.5316,0.6181818181818182,12.381585693359398,12.381585693359398,[*]c1ccc(Oc2ccc(Oc3ccc(-c4nc5ccc(-c6ccc7nc(-c8ccc(Oc9ccc(Oc%10ccc(P([*])(=O)c%11ccccc%11)cc%10)cc9)cc8)oc7c6)cc5o4)cc3)cc2)cc1,[*]c1ccc(Oc2ccc(Oc3ccc4nc(-c5ccc(-c6nc7ccc(Oc8ccc(Oc9ccc(P([*])(=O)c%10ccccc%10)cc9)cc8)cc7nc6-c6ccccc6)cc5)c(-c5ccccc5)nc4c3)cc2)cc1,0.60 to 0.70
919,331.15,328.79755,0.8076923076923077,-2.3524536132812273,2.3524536132812273,[*]N=Nc1ccc(-c2ccc(/N=N/P(=O)(OC)OCC3CCC(COP([*])(=O)OC)CC3)cc2)cc1,[*]N=Nc1ccc(C(=O)c2ccc(/N=N/P(=O)(OC)OCC3CCC(COP([*])(=O)OC)CC3)cc2)cc1,>= 0.80
920,588.15,540.79565,0.5542168674698795,-47.35434570312498,47.35434570312498,[*]c1cc(N2C(=O)c3ccc(C(=O)Nc4ccc(Oc5ccc(C6(c7ccc(Oc8ccc(NC(=O)c9ccc%10c(c9)C(=O)N([*])C%10=O)cc8)cc7)NC(=O)c7ccccc76)cc5)cc4)cc3C2=O)ccc1C,[*]c1ccc(C)c(N2C(=O)c3ccc(C(=O)Nc4ccc(Oc5ccccc5-c5ccccc5Oc5ccc(NC(=O)c6ccc7c(c6)C(=O)N([*])C7=O)cc5)cc4)cc3C2=O)c1,0.50 to 0.60
921,566.15,548.8534,0.5416666666666666,-17.296606445312477,17.296606445312477,[*]Oc1ccc(N2C(=O)c3ccc(C(=O)Nc4ccc(Oc5ccc(C6(c7ccc(Oc8ccc(NC(=O)c9ccc%10c(c9)C(=O)N(c9ccc(Oc%11ccc([*])c(C)c%11)cc9)C%10=O)cc8)cc7)NC(=O)c7ccccc76)cc5)cc4)cc3C2=O)cc1,[*]Oc1ccc(NC(=O)c2ccc3c(c2)C(=O)N(c2ccc(Oc4ccc(C5(c6ccc(Oc7ccc(N8C(=O)c9ccc(C(=O)Nc%10ccc(Oc%11ccc(-c%12ccc([*])cc%12C)c(C)c%11)cc%10)cc9C8=O)cc7)cc6)CC6CC5C5CCCC65)cc4)cc2)C3=O)cc1,0.50 to 0.60
922,358.9,303.4333,0.5454545454545454,-55.46671142578123,55.46671142578123,[*]C([*])C(=O)OC,[*]CC([*])C(=O)OC,0.50 to 0.60
923,350.1,389.59314,0.5185185185185185,39.49313964843748,39.49313964843748,[*]c1ccc(C(F)(F)C([*])(F)F)cc1,[*]c1ccc(-c2ccc(C([*])(C(F)(F)F)C(F)(F)F)cc2)cc1,0.50 to 0.60
924,386.15,372.9651,0.5263157894736842,-13.184912109374977,13.184912109374977,[*]C(=O)Oc1ccc(-c2ccc(OC(=O)c3cc(OCCCCCC)c([*])cc3OCCCCCC)cc2)cc1,[*]C(=O)Oc1ccc(Oc2ccc(OC(=O)c3cc([*])cc(OCCCCC)c3)cc2)cc1,0.50 to 0.60
925,369.15,362.82907,0.4615384615384615,-6.320928955078102,6.320928955078102,[*]C(=O)Oc1ccc(OC(=O)c2cc(OCCCCCCCCCCCC)c([*])cc2OCCCCCCCCCCCC)cc1-c1ccccc1,[*]C(=O)Oc1cccc(OC(=O)c2cc([*])cc(OCCCCC)c2)c1,< 0.50
926,385.15,348.92093,0.4516129032258064,-36.22907104492185,36.22907104492185,[*]C(=O)Oc1ccc(OC(=O)c2cc(OCCCCCCCCCCCC)c([*])cc2OCCCCCCCCCCCC)cc1C,[*]C(=O)Oc1ccc(Oc2ccc(OC(=O)c3cc([*])cc(OCCCCC)c3)cc2)cc1,< 0.50
927,368.15,349.90176,0.6,-18.248236083984352,18.248236083984352,[*]C(=O)Oc1ccc(OCCOc2ccc(OC(=O)c3ccc([*])cc3OCCCCC)cc2)cc1,[*]C(=O)Oc1ccc(OCCCCOc2ccc(OC(=O)c3ccc([*])cc3C(=O)OCC=C)cc2)cc1,0.60 to 0.70
928,385.15,396.83673,0.4090909090909091,11.686730957031273,11.686730957031273,[*]CCN([*])C(=O)C1(c2ccc(Cl)cc2)CCC1,[*]CCN([*])C(=O)C12CC3CC(CC(C3)C1)C2,< 0.50
929,379.15,395.6344,0.6285714285714286,16.484399414062523,16.484399414062523,[*]CC([*])(C)C(=O)Oc1cc(C)cc(C)c1,[*]CC([*])(C)C(=O)Oc1ccccc1,0.60 to 0.70
930,378.15,369.25128,0.5753424657534246,-8.898718261718727,8.898718261718727,[*]CC([*])(C)C(=O)OCCN(CCCC)c1ccc(/N=N/c2ccc(S(=O)(=O)Nc3cc(C)on3)cc2)cc1,[*]CC([*])(C)C(=O)OCCN(CC)c1ccc(/N=N/c2ccc(S(C)(=O)=O)cc2)cc1,0.50 to 0.60
931,396.15,390.79303,0.5797101449275363,-5.356970214843727,5.356970214843727,[*]CC([*])(C)C(=O)OCCN(C)c1ccc(/N=N/c2ccc(S(=O)(=O)Nc3cc(C)on3)cc2)cc1,[*]CC([*])(C)C(=O)OCCN(C)c1ccc(/N=N/c2ccc([N+](=O)[O-])cc2)cc1,0.50 to 0.60
932,326.15,377.7162,0.5753424657534246,51.56618652343752,51.56618652343752,[*]CC([*])(C)C(=O)OCCN(CCCC)c1ccc(/N=N/c2ccc(S(=O)(=O)Nc3nccs3)cc2)cc1,[*]CC([*])(C)C(=O)OCCN(CC)c1ccc(/N=N/c2ccc(S(C)(=O)=O)cc2)cc1,0.50 to 0.60
933,605.15,420.31427,0.5789473684210527,-184.83572998046873,184.83572998046873,[*]OC1C(CO)OC([*])C(O)C1O,[*]OC1C(CO)OC([*])C(NC(C)=O)C1O,0.50 to 0.60
934,467.15,411.89804,0.5365853658536586,-55.2519592285156,55.2519592285156,[*]OC1C(CO)OC([*])C(N)C1O,[*]OC1C(CO)OC([*])C(NC(C)=O)C1O,0.50 to 0.60
935,481.15,391.57343,0.4545454545454545,-89.57657470703123,89.57657470703123,[*]OC1C(COCO)OC([*])C(O)C1O,[*]OC1C(COC(C)=O)OC([*])C(OC(C)=O)C1O,< 0.50
936,473.15,396.30093,0.2666666666666666,-76.84906616210935,76.84906616210935,[*]COC1OC([*])C(O)C(O)C1O,[*]COC(=O)OCC1OC(OCC)OC1[*],< 0.50
937,576.15,471.79135,0.5,-104.3586486816406,104.3586486816406,[*]C1C2CC(C1[*])C([Si](C)(C)C)C2,[*]C1C2CC(C)C(C2)C1[*],0.50 to 0.60
938,600.15,528.0286,0.5535714285714286,-72.12137451171873,72.12137451171873,[*]c1cc(C)c(OC(=O)c2ccc3c(c2)C(=O)N(c2c(C)cc(-c4cc(C)c(N5C(=O)c6ccc(C(=O)Oc7c(C)cc(C([*])(C(F)(F)F)C(F)(F)F)cc7C)cc6C5=O)c(C)c4)cc2C)C3=O)c(C)c1,[*]c1cc(C)c(N2C(=O)c3ccc(C(=O)c4ccc5c(c4)C(=O)N(c4c(C)cc([*])cc4C)C5=O)cc3C2=O)c(C)c1,0.50 to 0.60
939,238.15,279.05865,0.44,40.908654785156244,40.908654785156244,[*]=CCC(F)(F)C(=[*])F,[*]=C(Cl)CC(F)(F)C(=[*])F,< 0.50
940,303.15,296.43228,0.5849056603773585,-6.717718505859352,6.717718505859352,[*]COC(=O)NCCCCCCNC(=O)OCC(C)(C)CS(=O)(=O)CC([*])(C)C,[*]COC(=O)Nc1ccc(Cc2ccc(NC(=O)OCC(C)(C)CS(=O)(=O)CC([*])(C)C)cc2)cc1,0.50 to 0.60
941,247.15,326.93503,0.4347826086956521,79.78502807617187,79.78502807617187,[*]COC(=O)NCCCCCCNC(=O)OCC([*])(C)C(=O)O,[*]NCCCCCCNC(=O)OCC(F)(F)C(F)(F)COC([*])=O,< 0.50
942,413.15,399.0935,0.4545454545454545,-14.056494140624977,14.056494140624977,[*]C=CC1CC([*])CC1C#N,[*]C=CC1CC([*])CC1[Si](C)(C)C,< 0.50
943,398.15,385.64377,0.3780487804878049,-12.506231689453102,12.506231689453102,[*]NC(=O)CCCCCCCCCCCCC(=O)Nc1cc([N+](=O)[O-])c([*])cc1/C=C/c1ccc(N(C)C)cc1,[*]NC(=O)OCCN(CCOC(=O)Nc1cccc([*])c1C)c1ccc(/C=C/c2ccc([N+](=O)[O-])cc2)cc1,< 0.50
944,479.15,415.15057,0.382716049382716,-63.99942626953123,63.99942626953123,[*]NC(=O)CCCCC(=O)Nc1cc([N+](=O)[O-])c([*])cc1/C=C/c1ccc(N(C)C)cc1,[*]NC(=O)OCCN(CCOC(=O)Nc1cccc([*])c1C)c1ccc(/C=C/c2ccc([N+](=O)[O-])cc2)cc1,< 0.50
945,453.15,403.6134,0.3780487804878049,-49.53659667968748,49.53659667968748,[*]NC(=O)CCCCCCC(=O)Nc1cc([N+](=O)[O-])c([*])cc1/C=C/c1ccc(N(C)C)cc1,[*]NC(=O)OCCN(CCOC(=O)Nc1cccc([*])c1C)c1ccc(/C=C/c2ccc([N+](=O)[O-])cc2)cc1,< 0.50
946,432.15,395.51495,0.3780487804878049,-36.63504638671873,36.63504638671873,[*]NC(=O)CCCCCCCCC(=O)Nc1cc([N+](=O)[O-])c([*])cc1/C=C/c1ccc(N(C)C)cc1,[*]NC(=O)OCCN(CCOC(=O)Nc1cccc([*])c1C)c1ccc(/C=C/c2ccc([N+](=O)[O-])cc2)cc1,< 0.50
947,417.15,386.03375,0.3780487804878049,-31.116247558593727,31.116247558593727,[*]NC(=O)CCCCCCCCCCC(=O)Nc1cc([N+](=O)[O-])c([*])cc1/C=C/c1ccc(N(C)C)cc1,[*]NC(=O)OCCN(CCOC(=O)Nc1cccc([*])c1C)c1ccc(/C=C/c2ccc([N+](=O)[O-])cc2)cc1,< 0.50
948,393.15,337.9099,0.5161290322580645,-55.24008789062498,55.24008789062498,[*]CCCCN(C)S(=O)(=O)c1ccc(Oc2ccc(C(C)(C)c3ccc(Oc4ccc(S(=O)(=O)N([*])C)cc4)cc3)cc2)cc1,[*]CC(O)COc1ccc(C(C)(C)c2ccc(OCC(O)CN(C)S(=O)(=O)c3ccc(-c4ccc(S(=O)(=O)N([*])C)cc4)cc3)cc2)cc1,0.50 to 0.60
949,569.15,610.70087,0.7058823529411765,41.55086669921877,41.55086669921877,[*]c1cccc(C(c2cccc(-n3c(=O)c4cc5c(=O)n([*])c(=O)c5cc4c3=O)c2)(C(F)(F)F)C(F)(F)F)c1,[*]c1cccc(Oc2ccc(C(c3ccc(Oc4cccc(-n5c(=O)c6cc7c(=O)n([*])c(=O)c7cc6c5=O)c4)cc3)(C(F)(F)F)C(F)(F)F)cc2)c1,0.70 to 0.80
950,307.15,311.6888,0.5,4.538812255859398,4.538812255859398,[*]CC(O[*])c1ccccc1,[*]CC(O[*])c1ccco1,0.50 to 0.60
951,401.15,382.27554,0.40625,-18.874456787109352,18.874456787109352,[*]CC([*])S(=O)(=O)c1ccccc1,[*]CC([*])P(=O)(c1ccccc1)c1ccccc1,< 0.50
952,286.15,280.40604,0.5714285714285714,-5.743963623046852,5.743963623046852,[*]CC([*])c1ccc(COCCC(F)(F)C(F)(F)C(F)(F)C(F)(F)F)cc1,[*]CC([*])c1ccc(COCCO)cc1,0.50 to 0.60
953,296.15,295.23898,0.5641025641025641,-0.9110168457031023,0.9110168457031023,[*]CC([*])c1ccc(CCC(F)(F)C(F)(F)C(F)(F)C(F)(F)F)cc1,[*]CC([*])c1ccc(C(F)(F)C(F)(F)C(F)(F)C(F)(F)C(F)(F)C(F)(F)C(F)(F)F)cc1,0.50 to 0.60
954,296.15,284.62238,0.5238095238095238,-11.527624511718727,11.527624511718727,[*]CC([*])c1ccc(COCC(F)(F)C(F)(F)C(F)(F)C(F)(F)F)cc1,[*]CC([*])c1ccc(COCCO)cc1,0.50 to 0.60
955,328.15,297.37732,0.5581395348837209,-30.772680664062477,30.772680664062477,[*]CC([*])c1ccc(COCCC(F)(F)C(F)(F)C(F)(F)C(F)(F)C(F)(F)C(F)(F)C(F)(F)C(F)(F)F)cc1,[*]CC([*])c1ccc(COCCO)cc1,0.50 to 0.60
956,291.15,293.33115,0.5581395348837209,2.1811462402343977,2.1811462402343977,[*]CC([*])c1ccc(COCCC(F)(F)C(F)(F)C(F)(F)C(F)(F)C(F)(F)C(F)(F)F)cc1,[*]CC([*])c1ccc(COCCO)cc1,0.50 to 0.60
957,454.55,475.18683,0.4375,20.63682861328124,20.63682861328124,[*]C(=O)Nc1ccc(Oc2ccc(NC(=O)Nc3ccc(Cc4ccc(NC(=O)Nc5ccc(Oc6ccc(NC(=O)C(CC(C)C)n7c(=O)c8cc9c(=O)n(C([*])CC(C)C)c(=O)c9cc8c7=O)cc6)cc5)cc4)cc3)cc2)cc1,[*]C(=O)Nc1ccc(Cc2ccc(NC(=O)c3cc([*])cc(NC(=O)c4ccc(NC(=O)C(CC(C)C)N5C(=O)c6ccccc6C5=O)cc4)c3)cc2)cc1,< 0.50
958,420.65,461.0976,0.3846153846153846,40.44759521484377,40.44759521484377,[*]C(=O)Nc1ccc(Oc2ccc(NC(=O)NC3CC(C)(C)CC(C)(CNC(=O)Nc4ccc(Oc5ccc(NC(=O)C(CC(C)C)n6c(=O)c7cc8c(=O)n(C([*])CC(C)C)c(=O)c8cc7c6=O)cc5)cc4)C3)cc2)cc1,[*]C(=O)NC1CC(C)(C)CC(C)(CNC(=O)c2cc([*])cc(NC(=O)C(C(C)CC)N3C(=O)c4ccccc4C3=O)c2)C1,< 0.50
959,197.15,201.93098,0.5135135135135135,4.780984497070307,4.780984497070307,[*]CCCCCCCCCC=CCCCCCCCCCC([*])COCCOCCOCCOCCOCCCCCC,[*]CCCCCC([*])CCCCCC,0.50 to 0.60
960,544.15,532.83813,0.5344827586206896,-11.311865234374977,11.311865234374977,[*]Sc1ccc(N2C(=O)c3ccc(Oc4ccc5c(c4)C(=O)N(c4ccc(Sc6cc7c(cc6[*])C(=O)N(c6ccc(CC)cc6)C7=O)cc4)C5=O)cc3C2=O)cc1,[*]Sc1ccc2c(c1)C(=O)N(c1ccc(Oc3ccc(N4C(=O)c5ccc([*])cc5C4=O)cc3)cc1)C2=O,0.50 to 0.60
961,593.15,540.8297,0.6984126984126984,-52.32028808593748,52.32028808593748,[*]Sc1ccc(N2C(=O)C3C4C=CC(C3C2=O)C2C(=O)N(c3ccc(Sc5cc6c(cc5[*])C(=O)N(c5ccc(CC)cc5)C6=O)cc3)C(=O)C42)cc1,[*]Sc1ccc(N2C(=O)C3C4C=CC(C3C2=O)C2C(=O)N(c3ccc(Sc5cc6c(cc5[*])C(=O)N(CCN(C)C)C6=O)cc3)C(=O)C42)cc1,0.60 to 0.70
962,429.15,444.1561,0.5135135135135135,15.006097412109398,15.006097412109398,[*]Sc1ccc(N2C(=O)c3ccc(Oc4ccc5c(c4)C(=O)N(c4ccc(Sc6cc7c(cc6[*])C(=O)N(CCCCCCCCCCCCCCCC)C7=O)cc4)C5=O)cc3C2=O)cc1,[*]Sc1ccc(N2C(=O)C3C4C=CC(C3C2=O)C2C(=O)N(c3ccc(Sc5cc6c(cc5[*])C(=O)N(CCN(C)C)C6=O)cc3)C(=O)C42)cc1,0.50 to 0.60
963,491.15,521.0794,0.6865671641791045,29.929406738281273,29.929406738281273,[*]Sc1ccc(N2C(=O)c3ccc(Oc4ccc5c(c4)C(=O)N(c4ccc(Sc6cc7c(cc6[*])C(=O)N(CCc6ccccc6)C7=O)cc4)C5=O)cc3C2=O)cc1,[*]Sc1ccc(N2C(=O)C3C4C=CC(C3C2=O)C2C(=O)N(c3ccc(Sc5cc6c(cc5[*])C(=O)N(CCc5ccccc5)C6=O)cc3)C(=O)C42)cc1,0.60 to 0.70
964,377.45,357.39728,0.4545454545454545,-20.05272216796874,20.05272216796874,[*]CCC(c1ccccc1)C([*])c1ccccc1,[*]CCC(c1ccccc1)[Si]([*])(C)C,< 0.50
965,287.15,302.81625,0.7272727272727273,15.666253662109398,15.666253662109398,[*]CSCc1ccc(Cc2ccc(CSCC(=O)OCCSCc3ccc(Cc4ccc(CSCCOC([*])=O)cc4)cc3)cc2)cc1,[*]CCSCc1ccc(Cc2ccc(CSCCC(=O)OCCSCc3ccc(Cc4ccc(CSCCOC([*])=O)cc4)cc3)cc2)cc1,0.70 to 0.80
966,536.15,473.36282,0.5689655172413793,-62.78717651367185,62.78717651367185,[*]C(=O)c1ccc(-n2nc(-c3ccc(Oc4ccc([*])cc4)cc3)c3ccccc3c2=O)cc1,[*]C(=O)c1ccc(Oc2ccc(-c3cc(-c4ccc(Oc5ccc([*])cc5)cc4)n(-c4ccccc4)n3)cc2)cc1,0.50 to 0.60
967,574.15,539.2944,0.5689655172413793,-34.85562744140623,34.85562744140623,[*]C(=O)c1ccc(-n2nc(-c3ccc(Oc4ccc(-c5nn(-c6ccc([*])cc6)c(=O)c6ccccc56)cc4)cc3)c3ccccc3c2=O)cc1,[*]C(=O)c1ccc(Oc2ccc(-c3cc(-c4ccc(Oc5ccc([*])cc5)cc4)n(-c4ccccc4)n3)cc2)cc1,0.50 to 0.60
968,527.15,486.54858,0.4925373134328358,-40.60141601562498,40.60141601562498,[*]C(=O)c1ccc(-n2nc(-c3ccc(Oc4ccc([*])cc4)c(Br)c3)c3ccccc3c2=O)cc1,[*]C(=O)c1ccc(Oc2ccc(-c3cc(-c4ccc(Oc5ccc([*])cc5)cc4)n(-c4ccccc4)n3)cc2)cc1,< 0.50
969,526.15,476.95874,0.5081967213114754,-49.19125976562498,49.19125976562498,[*]C(=O)c1ccc(-n2nc(-c3ccc(Oc4ccc([*])cc4)cc3F)c3ccccc3c2=O)cc1,[*]C(=O)c1ccc(N2C(=O)c3ccc(Oc4ccc(Oc5ccc6c(c5)C(=O)N(c5ccc([*])cc5)C6=O)cc4)cc3C2=O)cc1,0.50 to 0.60
970,554.15,549.1066,0.6666666666666666,-5.043371582031227,5.043371582031227,[*]C(=O)c1ccc(-n2nc(-c3ccc(Sc4ccc(-c5nn(-c6ccc([*])cc6)c(=O)c6ccccc56)cc4)cc3)c3ccccc3c2=O)cc1,[*]c1ccc(Sc2ccc(-c3nn(-c4ccc(S(=O)(=O)c5ccc(-n6nc([*])c7ccccc7c6=O)cc5)cc4)c(=O)c4ccccc34)cc2)cc1,0.60 to 0.70
971,548.65,557.0385,0.6323529411764706,8.388513183593773,8.388513183593773,[*]C(=O)c1ccc(-n2nc(-c3ccccc3)c3cc(Oc4ccc5c(-c6ccccc6)nn(-c6ccc([*])cc6)c(=O)c5c4)ccc3c2=O)cc1,[*]c1ccc(Oc2ccc3c(-c4ccccc4)nn(-c4ccc(S(=O)(=O)c5ccc(-n6nc(-c7ccccc7)c7cc(Oc8ccc(C([*])(C)C)cc8)ccc7c6=O)cc5)cc4)c(=O)c3c2)cc1,0.60 to 0.70
972,560.15,490.9363,0.5076923076923077,-69.21369018554685,69.21369018554685,[*]C(=O)c1ccc(C(=O)c2ccc(-n3nc(-c4ccc(Oc5ccc([*])cc5)cc4F)c4ccccc4c3=O)cc2)cc1,[*]C(=O)c1ccc(C(=O)c2ccc(C(=O)c3ccc(Oc4ccc(N5C(=O)c6ccc(C(=O)c7ccc8c(c7)C(=O)N(c7ccc(Oc9ccc([*])cc9)cc7)C8=O)cc6C5=O)cc4)cc3)cc2)cc1,0.50 to 0.60
973,553.15,531.43695,0.5483870967741935,-21.713049316406227,21.713049316406227,[*]Nc1ccc(Oc2ccc(NC(=O)c3ccc(-n4nc(-c5ccc(Oc6ccc(C([*])=O)cc6)cc5)c5ccccc5c4=O)cc3)cc2)cc1,[*]Nc1ccc(NC(=O)c2ccc(Oc3ccc(C(c4ccccc4)(c4ccccc4)c4ccc(Oc5ccc(C([*])=O)cc5)cc4)cc3)cc2)cc1,0.50 to 0.60
974,568.15,559.4286,0.7818181818181819,-8.721411132812477,8.721411132812477,[*]c1ccc(Oc2ccc(-c3nn(-c4ccc(S(=O)(=O)c5ccc(-n6nc([*])c7ccccc7c6=O)cc5)cc4)c(=O)c4ccccc34)cc2)cc1,[*]c1ccc(Sc2ccc(-c3nn(-c4ccc(S(=O)(=O)c5ccc(-n6nc([*])c7ccccc7c6=O)cc5)cc4)c(=O)c4ccccc34)cc2)cc1,0.70 to 0.80
975,468.15,507.68375,0.7910447761194029,39.53374633789065,39.53374633789065,[*]c1ccc(Oc2ccc3c(-c4ccccc4)nn(-c4ccc(C(=O)c5ccc(-n6nc(-c7ccccc7)c7cc(Oc8ccc(C([*])(C)C)cc8)ccc7c6=O)cc5)cc4)c(=O)c3c2)cc1,[*]c1ccc(Oc2ccc3c(-c4ccccc4)nn(-c4ccc(S(=O)(=O)c5ccc(-n6nc(-c7ccccc7)c7cc(Oc8ccc(C([*])(C)C)cc8)ccc7c6=O)cc5)cc4)c(=O)c3c2)cc1,0.70 to 0.80
976,457.15,443.87375,0.5476190476190477,-13.276251220703102,13.276251220703102,[*]OC(=O)c1ccc(C(=O)OC2C(C)(C)C([*])C2(C)C)cc1,[*]OC(=O)Oc1ccc(C(=O)c2ccc(OC(=O)OC3C(C)(C)C([*])C3(C)C)cc2)cc1,0.50 to 0.60
977,398.15,361.26324,0.4583333333333333,-36.88675537109373,36.88675537109373,[*]CC(=O)NC([*])C,[*]CC(=O)C([*])C,< 0.50
978,538.15,535.58606,0.68,-2.5639404296874773,2.5639404296874773,[*]Oc1ccc(N2C(=O)c3ccc(-c4ccc5c(c4)C(=O)N(c4ccc(Oc6ccc([*])cc6C)cc4)C5=O)cc3C2=O)cc1,[*]Oc1ccc(-c2ccc(Oc3ccc4c(c3)C(=O)N(c3ccc(Oc5ccc(-c6ccc(Oc7ccc(N8C(=O)c9ccc([*])cc9C8=O)cc7)cc6)cc5)cc3)C4=O)cc2)cc1,0.60 to 0.70
979,583.15,532.5166,0.8775510204081632,-50.63339843749998,50.63339843749998,[*]Cc1cc(C)c(Oc2ccc(N3C(=O)c4ccc(-c5ccc6c(c5)C(=O)N(c5ccc(Oc7c(C)cc([*])cc7C)cc5)C6=O)cc4C3=O)cc2)c(C)c1,[*]Cc1cc(C)c(Oc2ccc3c(c2)C(=O)N(c2ccc(Oc4ccc(-c5ccc(Oc6ccc(N7C(=O)c8ccc(Oc9c(C)cc([*])cc9C)cc8C7=O)cc6)cc5)cc4)cc2)C3=O)c(C)c1,>= 0.80
980,583.15,559.4868,0.5957446808510638,-23.663183593749977,23.663183593749977,[*]Oc1ccc(-n2c(=O)c3cc4c(=O)n(-c5ccc(Oc6ccc([*])cc6C)cc5)c(=O)c4cc3c2=O)cc1,[*]Oc1ccc(C(=O)c2ccc(Oc3ccc([*])cc3C)cc2)cc1,0.50 to 0.60
981,566.15,607.0328,0.6666666666666666,40.88277587890627,40.88277587890627,[*]Oc1ccc(N2C(=O)c3ccc(-c4ccc5c(c4)C(=O)N(c4ccc(Oc6cc(C(C)(C)C)c([*])cc6C(C)(C)C)cc4)C5=O)cc3C2=O)cc1,[*]Oc1ccc(N2C(=O)c3ccc(Oc4ccc5c(c4)C(=O)N(c4ccc(Oc6ccc([*])cc6C(C)(C)C)cc4)C5=O)cc3C2=O)cc1,0.60 to 0.70
982,530.15,538.6466,0.6071428571428571,8.496606445312523,8.496606445312523,[*]Oc1ccc(N2C(=O)c3ccc(-c4ccc5c(c4)C(=O)N(c4ccc(Oc6cc(C(C)(C)C)ccc6[*])cc4)C5=O)cc3C2=O)cc1,[*]c1ccc(Oc2ccc(N3C(=O)c4ccc(-c5ccc6c(c5)C(=O)N(c5ccc(Oc7ccc(C([*])(C)C)cc7)cc5)C6=O)cc4C3=O)cc2)cc1,0.60 to 0.70
983,547.15,547.3773,0.8627450980392157,0.22731933593752274,0.22731933593752274,[*]Oc1ccc(N2C(=O)c3ccc(-c4ccc5c(c4)C(=O)N(c4ccc(Oc6ccc([*])cc6C(C)(C)C)cc4)C5=O)cc3C2=O)cc1,[*]Oc1ccc(N2C(=O)c3ccc(Oc4ccc5c(c4)C(=O)N(c4ccc(Oc6ccc([*])cc6C(C)(C)C)cc4)C5=O)cc3C2=O)cc1,>= 0.80
984,534.15,507.9462,0.6530612244897959,-26.203802490234352,26.203802490234352,[*]Oc1ccc(N2C(=O)c3ccc(Oc4ccc5c(c4)C(=O)N(c4ccc(Oc6cc(C)c([*])c(C)c6C)cc4)C5=O)cc3C2=O)cc1,[*]Oc1ccc(Oc2ccc(Oc3ccc4c(c3)C(=O)N(c3ccc(Oc5ccc(N6C(=O)c7ccc([*])cc7C6=O)cc5)cc3)C4=O)cc2)cc1,0.60 to 0.70
985,443.15,431.2381,0.3333333333333333,-11.911901855468727,11.911901855468727,[*]C1(C)CC([*])(C)C(=O)N(C)C1=O,[*]CC1(C)CC([*])(C)C(=O)OC1=O,< 0.50
986,453.65,442.6392,0.5098039215686274,-11.010809326171852,11.010809326171852,[*]Oc1ccc(S(=O)(=O)c2ccc(Oc3cc(C(C)(C)C)ccc3[*])cc2)cc1,[*]c1ccc(Oc2ccc(S(=O)(=O)c3ccc(Oc4ccc(C([*])(C)C)cc4C)cc3)cc2)c(C)c1,0.50 to 0.60
987,298.15,299.78845,0.5625,1.6384521484375227,1.6384521484375227,[*]COC(=O)OCC([*])(C)C,[*]COC(=O)c1ccc(C(=O)OCC([*])(C)C)cc1,0.50 to 0.60
988,255.15,256.12112,0.5882352941176471,0.9711242675781193,0.9711242675781193,[*]COC(=O)CCC(=O)OCC([*])(C)C,[*]COC(=O)CCCCCCCCC(=O)OCC([*])(C)CC,0.50 to 0.60
989,241.6,233.9002,0.696969696969697,-7.699792480468744,7.699792480468744,[*]COC(=O)CCCCC(=O)OCC([*])(C)C,[*]COC(=O)CCCCCCCCC(=O)OCC([*])(C)CC,0.60 to 0.70
990,323.15,268.67288,0.6585365853658537,-54.47711791992185,54.47711791992185,[*]COC(=O)OCC(C)(C)CS(=O)(=O)CC([*])(C)C,[*]COC(=O)c1ccc(C(=O)OCC(C)(C)CS(=O)(=O)CC([*])(C)C)cc1,0.60 to 0.70
991,294.65,276.271,0.5373134328358209,-18.379003906249977,18.379003906249977,[*]COC(=O)CCCCCCCCCCCCC(=O)OCC([*])CCCCCCOc1ccc(/N=N/c2ccc(C#N)cc2)cc1,[*]CCCCC(=O)OCC(CCCCCCOc1ccc(/N=N/c2ccc(Cl)cc2)cc1)COC([*])=O,0.50 to 0.60
992,302.15,285.30353,0.5538461538461539,-16.846472167968727,16.846472167968727,[*]COC(=O)CCCCC(=O)OCC([*])CCCCCCOc1ccc(/N=N/c2ccc(C)cc2)cc1,[*]CCCCC(=O)OCC(CCCCCCOc1ccc(/N=N/c2ccc(Cl)cc2)cc1)COC([*])=O,0.50 to 0.60
993,295.15,283.76077,0.5538461538461539,-11.389227294921852,11.389227294921852,[*]COC(=O)CCCCC(=O)OCC([*])CCCCCCOc1ccc(/N=N/c2ccc(OC)cc2)cc1,[*]CCCCC(=O)OCC(CCCCCCOc1ccc(/N=N/c2ccc(Cl)cc2)cc1)COC([*])=O,0.50 to 0.60
994,339.15,365.36328,0.8157894736842105,26.213281250000023,26.213281250000023,[*]COC(=O)NC(=O)c1cccc(C(=O)NC(=O)OCC([*])(C)C)c1,[*]COC(=O)NC(=O)c1ccc(C(=O)NC(=O)OCC([*])(C)C)cc1,>= 0.80
995,417.15,397.75803,0.7317073170731707,-19.391973876953102,19.391973876953102,[*]COC(=O)NC(=O)c1cc(C(=O)NC(=O)OCC([*])(C)C)cc(C(C)(C)C)c1,[*]COC(=O)NC(=O)c1ccc(C(=O)NC(=O)OCC([*])(C)C)cc1,0.70 to 0.80
996,251.15,257.2165,0.90625,6.066491699218744,6.066491699218744,[*]CC([*])C(=O)OCCOC(F)(F)C(F)F,[*]CC([*])C(=O)OCCOCCOC(F)(F)C(F)F,>= 0.80
997,264.15,314.4421,0.4,50.2921081542969,50.2921081542969,[*]C=CC([*])(C)C,[*]C=CC([*])(C)c1ccccc1,< 0.50
998,400.15,425.98578,0.4827586206896552,25.835778808593773,25.835778808593773,[*]Oc1ccc(C2(c3ccc(OS(=O)(=O)c4cccc(S([*])(=O)=O)c4)cc3)CCCCC2)cc1,[*]c1ccc(C)c(S(=O)(=O)Oc2ccc(C3(c4ccc(OS([*])(=O)=O)cc4)CCCCC3)cc2)c1,< 0.50
999,384.65,433.62872,0.6949152542372882,48.97872314453127,48.97872314453127,[*]C(=O)c1ccc2c(c1)C(=O)N(c1ccc(-c3c(-c4ccc(-c5ccccc5)cc4)cc(-c4ccc(OCCCCCCOc5ccc(-c6cc(-c7ccc(-c8ccccc8)cc7)c(-c7ccc(N8C(=O)c9ccc([*])cc9C8=O)cc7)c(-c7ccc(-c8ccccc8)cc7)c6)cc5)cc4)cc3-c3ccc(-c4ccccc4)cc3)cc1)C2=O,[*]C(=O)c1ccc2c(c1)C(=O)N(c1ccc(OCCOc3ccc(N4C(=O)c5ccc([*])cc5C4=O)cc3)cc1)C2=O,0.60 to 0.70
1000,538.15,600.9432,0.6808510638297872,62.79317626953127,62.79317626953127,[*]C(=O)c1ccc2c(c1)C(=O)N(c1c(-c3ccccc3)cc(-c3ccc(-c4cc(-c5ccccc5)c(N5C(=O)c6ccc([*])cc6C5=O)c(-c5ccccc5)c4)cc3)cc1-c1ccccc1)C2=O,[*]C(=O)c1ccc2c(c1)C(=O)N(c1ccc(-c3ccc(N4C(=O)c5ccc([*])cc5C4=O)cc3)cc1)C2=O,0.60 to 0.70
1001,376.65,421.36594,0.6949152542372882,44.7159362792969,44.7159362792969,[*]C(=O)c1ccc2c(c1)C(=O)N(c1ccc(-c3c(-c4ccc(-c5ccccc5)cc4)cc(-c4ccc(OCCCCCCCCCCOc5ccc(-c6cc(-c7ccc(-c8ccccc8)cc7)c(-c7ccc(N8C(=O)c9ccc([*])cc9C8=O)cc7)c(-c7ccc(-c8ccccc8)cc7)c6)cc5)cc4)cc3-c3ccc(-c4ccccc4)cc3)cc1)C2=O,[*]C(=O)c1ccc2c(c1)C(=O)N(c1ccc(OCCOc3ccc(N4C(=O)c5ccc([*])cc5C4=O)cc3)cc1)C2=O,0.60 to 0.70
1002,554.15,489.7558,0.5714285714285714,-64.39420166015623,64.39420166015623,[*]NC(=O)Nc1ccc(Oc2ccc(NC(=O)NCC3(C)CC([*])CC(C)(C)C3)cc2-c2ccc(Oc3ccccc3)cc2)c(-c2ccc(Oc3ccccc3)cc2)c1,[*]NC(=O)Nc1ccc(Oc2ccc(NC(=O)Nc3ccc(C)c([*])c3)cc2-c2ccc(Oc3ccccc3)cc2)c(-c2ccc(Oc3ccccc3)cc2)c1,0.50 to 0.60
1003,547.15,452.20245,0.5396825396825397,-94.94754638671873,94.94754638671873,[*]NC(=O)Nc1ccc(Oc2ccc(NC(=O)NCC3(C)CC([*])CC(C)(C)C3)cc2)cc1,[*]NC(=O)Oc1ccc(/N=C/C=N/c2ccc(OC(=O)NCC3(C)CC([*])CC(C)(C)C3)cc2)cc1,0.50 to 0.60
1004,447.15,436.54453,0.4032258064516129,-10.605474853515602,10.605474853515602,[*]C=Cc1cc(OCC2CC3CC2C2CCCC32)c([*])cc1OC,[*]C=Cc1cc(OC)c([*])cc1OCCC(C)CCCC(C)C,< 0.50
1005,213.15,372.56757,0.5,159.41756591796874,159.41756591796874,[*]COC(=O)Nc1ccc(C)c(NC(=O)OCC([*])(CC)CC)c1,[*]COC(=O)Nc1ccc(Cc2ccc(NC(=O)OCC([*])(C)C)cc2)cc1,0.50 to 0.60
1006,472.15,449.68106,0.48,-22.468939208984352,22.468939208984352,[*]CC([*])(C)C(=O)OC1CC2CC1C1C3CCC(C3)C21,[*]CC([*])(C)C(=O)OC1CC(C)CCC1C(C)C,< 0.50
1007,451.15,471.10278,0.547945205479452,19.952783203125023,19.952783203125023,[*]=Cc1ccc(/C=C/c2ccc(N(c3ccccc3)c3ccc(N(c4ccccc4)c4ccc(/C=C/c5ccc(/C=C(\C#N)c6cccc(C(=[*])C#N)c6)s5)cc4)cc3)cc2)s1,[*]Cc1ccccc1CN(CC)c1ccc(/C=C/c2ccc(/C=C(\C#N)c3cccc(C(C#N)=Cc4ccc(/C=C/c5ccc(N([*])CC)cc5)s4)c3)s2)cc1,0.50 to 0.60
1008,251.0,264.61365,0.5909090909090909,13.6136474609375,13.6136474609375,[*]CC([*])OC(C)CC,[*]CC([*])OC(C)C,0.50 to 0.60
1009,545.65,522.2533,0.5416666666666666,-23.396704101562477,23.396704101562477,[*]c1ccc(-c2nnc(-c3cccc(-c4nnc([*])n4-c4ccccc4)c3)n2-c2ccccc2)cc1,[*]c1ccc(Oc2ccc(-c3nnc(-c4ccc(Oc5ccc(C([*])(C)C)cc5)cc4)n3-c3ccccc3)cc2)cc1,0.50 to 0.60
1010,405.15,307.63782,0.5454545454545454,-97.51218261718748,97.51218261718748,[*]CC([*])CC[Si](C)(C)C,[*]CC([*])C[Si](C)(C)C,0.50 to 0.60
1011,303.15,309.08978,0.5660377358490566,5.939782714843773,5.939782714843773,[*]=Cc1ccc(OCC(O)COC(=O)CCCCCCCCC(=O)OCC(O)COc2ccc(C(=[*])C)cc2)cc1,[*]CCCCCCCCCCC(=O)OCC(O)COc1ccc(OCC(O)COC([*])=O)cc1,0.50 to 0.60
1012,306.15,326.6222,0.5576923076923077,20.472192382812523,20.472192382812523,[*]=Cc1ccc(OCC(O)COC(=O)CCCCC(=O)OCC(O)COc2ccc(C(=[*])C)cc2)cc1,[*]CCCCC(=O)OCC(O)COc1ccc(OCC(O)COC([*])=O)cc1,0.50 to 0.60
1013,357.15,399.51404,0.5128205128205128,42.36403808593752,42.36403808593752,[*]Sc1ccc(Sc2ccc(Sc3ccc(Oc4ccc([*])cc4)cc3)cc2)cc1,[*]c1ccc(Oc2ccc(Sc3ccc(Oc4ccc(-c5nc([*])nc(-c6ccccc6)n5)cc4)cc3)cc2)cc1,0.50 to 0.60
1014,349.95,412.29486,0.4473684210526316,62.34486083984376,62.34486083984376,[*]SSc1ccc(Oc2ccc([*])cc2)cc1,[*]SSc1ccc(N/C=N/c2ccc([*])cc2)cc1,< 0.50
1015,360.0,377.91925,0.7142857142857143,17.91925048828125,17.91925048828125,[*]Sc1ccc([*])cc1,[*]Sc1ccc(Nc2ccc([*])cc2)cc1,0.70 to 0.80
1016,253.15,198.82079,0.4642857142857143,-54.32921447753907,54.32921447753907,[*]N(C)[Si](C)(C)N(C)[Si]([*])(C)CC,[*]N(C)[Si](C)(C)N(C)[Si]([*])(C)C=C,< 0.50
1017,413.15,409.50363,0.5217391304347826,-3.6463684082031023,3.6463684082031023,[*]Oc1c(Br)cc(C(c2cc(Br)c(OP([*])(=O)Oc3ccccc3)c(Br)c2)(C(F)(F)F)C(F)(F)F)cc1Br,[*]Oc1c(Cl)c(Cl)c(OP([*])(=O)Oc2ccccc2)c(Cl)c1Cl,0.50 to 0.60
1018,425.15,409.64145,0.5,-15.508551025390602,15.508551025390602,[*]Oc1c(Br)cc(C(c2cc(Br)c(OP([*])(=O)Oc3ccc(Br)cc3)c(Br)c2)(C(F)(F)F)C(F)(F)F)cc1Br,[*]Oc1c(Br)cc(C(c2cc(Br)c(OC([*])=O)c(Br)c2)(C(F)(F)F)C(F)(F)F)cc1Br,0.50 to 0.60
1019,419.15,408.74905,0.48,-10.400946044921852,10.400946044921852,[*]Oc1c(Br)cc(C(c2cc(Br)c(OP([*])(=O)Oc3ccc(C)cc3)c(Br)c2)(C(F)(F)F)C(F)(F)F)cc1Br,[*]Oc1c(Br)cc(C(c2cc(Br)c(OC([*])=O)c(Br)c2)(C(F)(F)F)C(F)(F)F)cc1Br,< 0.50
1020,424.15,404.28976,0.48,-19.860235595703102,19.860235595703102,[*]Oc1c(Br)cc(C(c2cc(Br)c(OP([*])(=O)Oc3ccc(OC)cc3)c(Br)c2)(C(F)(F)F)C(F)(F)F)cc1Br,[*]Oc1c(Br)cc(C(c2cc(Br)c(OC([*])=O)c(Br)c2)(C(F)(F)F)C(F)(F)F)cc1Br,< 0.50
1021,427.15,409.5866,0.4444444444444444,-17.563391113281227,17.563391113281227,[*]Oc1c(Br)cc(C(c2cc(Br)c(OP([*])(=O)Oc3ccc([N+](=O)[O-])cc3)c(Br)c2)(C(F)(F)F)C(F)(F)F)cc1Br,[*]Oc1c(Br)cc(C(c2cc(Br)c(OC([*])=O)c(Br)c2)(C(F)(F)F)C(F)(F)F)cc1Br,< 0.50
1022,513.15,420.16895,0.4893617021276595,-92.98105468749998,92.98105468749998,[*]CC([*])c1ccc(B(Oc2cccc3cccnc23)c2ccc(C(C)(C)C)cc2)cc1,[*]CC([*])c1ccc(C(C)(C)C)cc1,< 0.50
1023,518.15,423.4758,0.4035087719298245,-94.6742004394531,94.6742004394531,[*]CC([*])c1ccc(B(Oc2ccc(-c3c(F)c(F)c(F)c(F)c3F)c3cccnc23)c2ccc(C(C)(C)C)cc2)cc1,[*]CC([*])c1ccc(C(C)(C)C)cc1,< 0.50
1024,503.15,448.96585,0.3833333333333333,-54.18414916992185,54.18414916992185,[*]CC([*])c1ccc(B(Oc2ccc(-c3ccc(N(C)C)cc3)c3cccnc23)c2ccc(C(C)(C)C)cc2)cc1,[*]CC([*])c1ccc(C(C)(C)C)cc1,< 0.50
1025,493.15,445.0968,0.3898305084745763,-48.05319824218748,48.05319824218748,[*]CC([*])c1ccc(B(Oc2ccc(-c3ccc(OC)cc3)c3cccnc23)c2ccc(C(C)(C)C)cc2)cc1,[*]CC([*])c1ccc(C(C)(C)C)cc1,< 0.50
1026,548.15,449.5698,0.3833333333333333,-98.5802062988281,98.5802062988281,[*]CC([*])c1ccc(B(Oc2ccc(B3OC(C)(C)C(C)(C)O3)c3cccnc23)c2ccc(C(C)(C)C)cc2)cc1,[*]CC([*])c1ccc(C(C)(C)C)cc1,< 0.50
1027,511.15,431.37506,0.4423076923076923,-79.77493896484373,79.77493896484373,[*]CC([*])c1ccc(B(Oc2ccc(Cl)c3cccnc23)c2ccc(C(C)(C)C)cc2)cc1,[*]CC([*])c1ccc(C(C)(C)C)cc1,< 0.50
1028,538.15,551.9817,0.5306122448979592,13.831689453125023,13.831689453125023,[*]CC1CC2CC1C1CCC(Cn3c(=O)c4cc5c(=O)n([*])c(=O)c5cc4c3=O)C21,[*]CC1CCCC(Cn2c(=O)c3cc4c(=O)n([*])c(=O)c4cc3c2=O)C1,0.50 to 0.60
1029,292.15,401.46457,0.4848484848484848,109.3145690917969,109.3145690917969,[*]CC([*])n1ccc2ccccc21,[*]CC([*])n1c2ccccc2c2ccccc21,< 0.50
1030,407.15,476.52353,0.3902439024390244,69.3735290527344,69.3735290527344,[*]C=Cc1nc(C=Cc2ccc3c(c2)c2cc([*])ccc2n3CCCCCC)c(C#N)c(/C=C/c2ccc(N(c3ccccc3)c3ccccc3)cc2)c1C#N,[*]C=Cc1ccc(N(c2ccccc2)c2ccc(C=Cc3cc(OCCCCCCCC)c([*])cc3OCCCCCCCC)cc2)cc1,< 0.50
1031,451.15,395.34494,0.4883720930232558,-55.8050598144531,55.8050598144531,[*]C=Cc1nc(/C=C/c2ccc3c(c2)C(CCCCCC)(CCCCCC)c2cc([*])ccc2-3)c(C#N)c(/C=C/c2ccc(N(c3ccccc3)c3ccccc3)cc2)c1C#N,[*]/C(C#N)=C/c1cc(C=C(C#N)c2ccc3c(c2)C(CCCCCCCC)(CCCCCCCC)c2cc([*])ccc2-3)cc(N(c2ccccc2)c2ccccc2)c1,< 0.50
1032,438.15,351.3706,0.4666666666666667,-86.77939453124998,86.77939453124998,[*]C=Cc1nc(C=Cc2cc(CCCCCCCCCCCCCCCC)c([*])cc2CCCCCCCCCCCCCCCC)c(C#N)c(/C=C/c2ccc(N(c3ccccc3)c3ccccc3)cc2)c1C#N,[*]C=Cc1ccc(N(c2ccccc2)c2ccc(C=Cc3cc(OCCCCCCCC)c([*])cc3OCCCCCCCC)cc2)cc1,< 0.50
1033,298.15,304.77264,0.5172413793103449,6.622644042968773,6.622644042968773,[*]CC([*])P(=O)(N(C)C)N(C)C,[*]CC([*])P(=O)(OCC)N(C)C,0.50 to 0.60
1034,294.15,361.06723,0.5740740740740741,66.9172302246094,66.9172302246094,[*]C=Cc1cc(OC)c(OCCCCCCCCOc2c(OC)cc(/C=C/c3cc(CCCCCC)c([*])cc3CCCCCC)cc2OC)c(OC)c1,[*]C=Cc1ccc(/C=C/c2ccc(/C=C/c3cc(OC)c(OCCCCCCCCOc4c(OC)cc([*])cc4OC)c(OC)c3)cc2)cc1,0.50 to 0.60
1035,367.45,345.1081,0.5636363636363636,-22.34190673828124,22.34190673828124,[*]Oc1ccc(OC(=O)c2ccc(OCCCCCCCCCCCCOc3ccc(C([*])=O)cc3)cc2)c(/C=C/c2ccncc2)c1,[*]Oc1ccc(OCCCCCCOc2ccc(OC(=O)c3ccc(C([*])=O)cc3)cc2)cc1,0.50 to 0.60
1036,387.55,299.1217,0.5833333333333334,-88.42829589843751,88.42829589843751,[*]CC([*])C(=O)O[Na],[*]CC([*])C(=O)OC,0.50 to 0.60
1037,342.625,283.62048,0.4545454545454545,-59.0045166015625,59.0045166015625,[*]C(F)(F)C([*])(F)Cl,[*]C([*])(F)F,< 0.50
1038,350.15,337.93634,0.5555555555555556,-12.213659667968727,12.213659667968727,[*]C([*])(F)Cl,[*]C([*])(F)F,0.50 to 0.60
1039,411.15,479.88785,0.3958333333333333,68.73784790039065,68.73784790039065,[*]Cc1ccc(Oc2ccc(CC3([*])c4ccccc4-c4ccccc43)cc2)cc1,[*]Cc1ccc(Oc2ccc(CC([*])(C#N)c3ccccc3)cc2)cc1,< 0.50
1040,586.05,593.4907,0.8,7.4407226562500455,7.4407226562500455,[*]c1cc(C)c(N2C(=O)c3ccc(-c4ccc5c(c4)C(=O)N(c4c(C)cc(C([*])c6cccc(C(F)(F)F)c6)cc4C)C5=O)cc3C2=O)c(C)c1,[*]c1cc(C)c(N2C(=O)c3ccc(Oc4ccc5c(c4)C(=O)N(c4c(C)cc(C([*])c6cccc(C(F)(F)F)c6)cc4C)C5=O)cc3C2=O)c(C)c1,>= 0.80
1041,590.55,584.9429,0.7884615384615384,-5.6071289062499545,5.6071289062499545,[*]c1cc(C)c(N2C(=O)c3ccc(-c4ccc5c(c4)C(=O)N(c4c(C)cc(C([*])c6cc(C(F)(F)F)cc(C(F)(F)F)c6)cc4C)C5=O)cc3C2=O)c(C)c1,[*]c1cc(C)c(N2C(=O)c3ccc(Oc4ccc5c(c4)C(=O)N(c4c(C)cc(C([*])c6cc(C(F)(F)F)cc(C(F)(F)F)c6)cc4C)C5=O)cc3C2=O)c(C)c1,0.70 to 0.80
1042,599.15,584.4667,0.8035714285714286,-14.683325195312477,14.683325195312477,[*]c1cc(C)c(N2C(=O)c3ccc(-c4ccc5c(c4)C(=O)N(c4c(C)cc(C([*])c6cccc7ccccc67)cc4C)C5=O)cc3C2=O)c(C)c1,[*]c1cc(C)c(N2C(=O)c3ccc(C(=O)c4ccc5c(c4)C(=O)N(c4c(C)cc(C([*])c6cccc7ccccc67)cc4C)C5=O)cc3C2=O)c(C)c1,>= 0.80
1043,558.15,568.04443,0.8703703703703703,9.894433593750023,9.894433593750023,[*]c1cc(C)c(N2C(=O)c3ccc(C(=O)c4ccc5c(c4)C(=O)N(c4c(C)cc(C([*])c6cccc(C(F)(F)F)c6)cc4C)C5=O)cc3C2=O)c(C)c1,[*]c1cc(C)c(N2C(=O)c3ccc(C(=O)c4ccc5c(c4)C(=O)N(c4c(C)cc(C([*])c6cc(C(F)(F)F)cc(C(F)(F)F)c6)cc4C)C5=O)cc3C2=O)c(C)c1,>= 0.80
1044,382.55,462.13638,0.5,79.58638305664061,79.58638305664061,[*]CN(Cc1cc(C23CC4CC(CC(C4)C2)C3)cc([*])c1O)c1ccccc1,[*]Cc1cc(C23CC4CC(CC(C4)C2)C3)cc(CN([*])C)c1O,0.50 to 0.60
1045,237.15,348.34274,0.5217391304347826,111.19274291992187,111.19274291992187,[*]CC(CC(Cl)(Cl)Cl)O[*],[*]CC(CCl)O[*],0.50 to 0.60
1046,368.0,395.14856,0.5714285714285714,27.1485595703125,27.1485595703125,[*]CC([*])c1cccc(C)c1,[*]CC([*])c1ccc(C)cc1,0.50 to 0.60
1047,385.15,383.45392,0.6,-1.6960815429687273,1.6960815429687273,[*]CC([*])c1cc(C)cc(C)c1,[*]CC([*])c1ccc(C)cc1,0.60 to 0.70
1048,375.15,418.42886,0.5714285714285714,43.27886352539065,43.27886352539065,[*]CC([*])c1cccc(Br)c1,[*]CC([*])c1ccc(Br)cc1,0.50 to 0.60
1049,363.15,407.08374,0.6129032258064516,43.93374023437502,43.93374023437502,[*]CC([*])c1cccc(Cl)c1,[*]CC([*])c1cccc(CO)c1,0.60 to 0.70
1050,359.15,407.5125,0.5714285714285714,48.36251220703127,48.36251220703127,[*]CC([*])c1cccc(F)c1,[*]CC([*])c1ccc(F)cc1,0.50 to 0.60
1051,399.65,415.08496,0.5454545454545454,15.434960937500023,15.434960937500023,[*]CC([*])c1cccc(N(c2ccc(C)cc2)c2ccc(C)cc2)c1,[*]CC([*])c1ccc(C)cc1,0.50 to 0.60
1052,442.15,442.49292,0.6129032258064516,0.34291992187502274,0.34291992187502274,[*]CC([*])c1cccc(O)c1,[*]CC([*])c1cccc(CO)c1,0.60 to 0.70
1053,185.15,186.42224,0.5161290322580645,1.2722412109374943,1.2722412109374943,[*]CCO[Si](C)(C)OC([*])C,[*]CCC(C)O[Si](C)(C)O[Si](C)(C)OC([*])C,0.50 to 0.60
1054,192.15,194.51451,0.5294117647058824,2.364511108398432,2.364511108398432,[*]CCCO[Si](C)(C)OC([*])C,[*]CCCCC(C)O[Si](C)(C)O[Si](C)(C)OC([*])C,0.50 to 0.60
1055,304.35,327.5215,0.4827586206896552,23.171514892578102,23.171514892578102,[*]CCC(C(=O)OC)C([*])C(=O)OC,[*]CC([*])C(=O)OC,< 0.50
1056,522.15,525.7,0.4310344827586206,3.5500122070312727,3.5500122070312727,[*]=C(C#N)N1C(=O)c2ccc(C(=O)c3ccc(-c4ccc5c(c4)C(=O)N(C(=[*])C#N)C5=O)cc3)cc2C1=O,[*]C(=O)c1ccc2c(c1)C(=O)N(c1ccc(N3C(=O)c4ccc(C(=O)c5ccc(Oc6ccc(-c7ccc(Oc8ccc([*])cc8)cc7)cc6)cc5)cc4C3=O)cc1)C2=O,< 0.50
1057,576.15,514.2459,0.8352941176470589,-61.90408935546873,61.90408935546873,[*]Nc1ccc(Oc2ccc3nc(-c4ccc([N+](=O)[O-])cc4)c(-c4ccc(Oc5ccc(-c6nc7cc(Oc8ccc(NC(=O)c9ccc%10c(c9)C(=O)N(c9ccc(C(c%11ccc(N%12C(=O)c%13ccc(C([*])=O)cc%13C%12=O)cc%11)(C(F)(F)F)C(F)(F)F)cc9)C%10=O)cc8)ccc7nc6-c6ccc([N+](=O)[O-])cc6)cc5)cc4)nc3c2)cc1,[*]Nc1ccc(Oc2ccc3nc(-c4ccccc4)c(-c4ccc(-c5ccc(-c6nc7cc(Oc8ccc(NC(=O)c9ccc%10c(c9)C(=O)N(c9ccc(C(c%11ccc(N%12C(=O)c%13ccc(C([*])=O)cc%13C%12=O)cc%11)(C(F)(F)F)C(F)(F)F)cc9)C%10=O)cc8)ccc7nc6-c6ccccc6)cc5)cc4)nc3c2)cc1,>= 0.80
1058,578.15,513.2055,0.6043956043956044,-64.94449462890623,64.94449462890623,[*]Nc1ccc(Oc2ccc3nc(-c4ccc([N+](=O)[O-])cc4)c(-c4ccc(Oc5ccc(-c6nc7cc(Oc8ccc(NC(=O)c9cc(C([*])=O)cc(N%10C(=O)c%11ccccc%11C%10=O)c9)cc8)ccc7nc6-c6ccc([N+](=O)[O-])cc6)cc5)cc4)nc3c2)cc1,[*]Nc1ccc(Oc2ccc3nc(-c4ccccc4)c(-c4ccc(-c5ccc(-c6nc7cc(Oc8ccc(NC(=O)c9ccc%10c(c9)C(=O)N(c9ccc(C(c%11ccc(N%12C(=O)c%13ccc(C([*])=O)cc%13C%12=O)cc%11)(C(F)(F)F)C(F)(F)F)cc9)C%10=O)cc8)ccc7nc6-c6ccccc6)cc5)cc4)nc3c2)cc1,0.60 to 0.70
1059,618.15,552.7642,0.7058823529411765,-65.38577880859373,65.38577880859373,[*]Nc1ccc(Oc2ccc3nc(-c4ccccc4)c(-c4ccc(N5C(=O)c6ccc7c8c(ccc(c68)C5=O)C(=O)N(c5ccc(-c6nc8cc(Oc9ccc(NC(=O)c%10cc(C([*])=O)cc(N%11C(=O)c%12ccccc%12C%11=O)c%10)cc9)ccc8nc6-c6ccccc6)cc5)C7=O)cc4)nc3c2)cc1,[*]Nc1ccc(Oc2ccc3nc(-c4ccccc4)c(-c4ccc(-c5ccc(-c6nc7cc(Oc8ccc(NC(=O)c9ccc%10c(c9)C(=O)N(c9ccc(C(c%11ccc(N%12C(=O)c%13ccc(C([*])=O)cc%13C%12=O)cc%11)(C(F)(F)F)C(F)(F)F)cc9)C%10=O)cc8)ccc7nc6-c6ccccc6)cc5)cc4)nc3c2)cc1,0.70 to 0.80
1060,513.15,503.45312,0.5,-9.696874999999977,9.696874999999977,[*]C1C2CCC(C2)C1[*],[*]C1C2CCC(C2)C1S([*])(=O)=O,0.50 to 0.60
1061,300.0,299.67145,0.5789473684210527,-0.32855224609375,0.32855224609375,[*]CC([*])C(F)(F)F,[*]CC([*])C(F)(F)C(F)(F)F,0.50 to 0.60
1062,308.15,303.4841,0.4634146341463415,-4.665899658203102,4.665899658203102,[*]CC([*])c1cccc(B(O[Si](C)(C)C)O[Si](C)(C)C)c1,[*]CC([*])c1ccc([Si](C)(C)O[Si](C)(C)C)cc1,< 0.50
1063,357.15,300.93002,0.5714285714285714,-56.2199768066406,56.2199768066406,[*]CC([*])c1ccc(B(O[Si](C)(C)C)O[Si](C)(C)C)cc1,[*]CC([*])c1ccc([Si](C)(C)O[Si](C)(C)C)cc1,0.50 to 0.60
1064,360.65,369.86057,0.5686274509803921,9.210565185546898,9.210565185546898,[*]CC(CN1C(=O)C2C3C=CC(C3)C2C1=O)O[*],[*]CC(COC(=O)CCCCCN1C(=O)C2C3C=CC(C3)C2C1=O)O[*],0.50 to 0.60
1065,307.15,443.73297,0.7090909090909091,136.58297119140627,136.58297119140627,[*]c1ccc(OC(=O)Nc2ccc(OP(=O)(Oc3ccc(NC(=O)Oc4ccc(C([*])(C)C)cc4)cc3)c3ccccc3)cc2)cc1,[*]c1ccc(OC(=O)Nc2cccc(P(=O)(c3ccccc3)c3cccc(NC(=O)Oc4ccc(C([*])(C)C)cc4)c3)c2)cc1,0.70 to 0.80
1066,514.15,538.07556,0.7142857142857143,23.925561523437523,23.925561523437523,[*]Oc1cccc2c1C(=O)N(c1cccc(S(=O)(=O)c3cccc(N4C(=O)c5cccc([*])c5C4=O)c3)c1)C2=O,[*]Oc1cccc(S(=O)(=O)c2ccc(Oc3cccc4c3C(=O)N(c3cccc(N5C(=O)c6cccc([*])c6C5=O)c3)C4=O)cc2)c1,0.70 to 0.80
1067,181.15,287.0308,0.5434782608695652,105.88079223632812,105.88079223632812,[*]CC([*])(C)C(=O)OCc1ccc(OCCOCCOCCOCC)c(OCCOCCOCCOCC)c1,[*]CC([*])(C)C(=O)OCCOCC,0.50 to 0.60
1068,271.15,308.6225,0.5555555555555556,37.47249755859377,37.47249755859377,[*]CC([*])(C)C(=O)OCc1ccc(OCCOCC)c(OCCOCC)c1,[*]CC([*])(C)C(=O)OCCOCC,0.50 to 0.60
1069,240.15,303.45462,0.5434782608695652,63.30462036132812,63.30462036132812,[*]CC([*])(C)C(=O)OCc1ccc(OCCOCCOCC)c(OCCOCCOCC)c1,[*]CC([*])(C)C(=O)OCCOCC,0.50 to 0.60
1070,498.15,498.55505,0.5925925925925926,0.40505371093752274,0.40505371093752274,[*]c1ccc(Oc2ccc(S([*])(=O)=O)cc2)cc1,[*]Oc1ccc(S([*])(=O)=O)cc1,0.50 to 0.60
1071,417.75,454.45062,0.7931034482758621,36.70062255859375,36.70062255859375,[*]c1ccc(Nc2ccc(Oc3ccc(Oc4ccc(Nc5ccc(S([*])(=O)=O)cc5)cc4)cc3)cc2)cc1,[*]c1ccc(Nc2ccc(Nc3ccc(S([*])(=O)=O)cc3)cc2)cc1,0.70 to 0.80
1072,435.35,421.01913,0.5384615384615384,-14.330865478515648,14.330865478515648,[*]c1ccc(OC2(F)C(F)(F)C(F)(F)C2(F)Oc2ccc(S([*])(=O)=O)cc2)cc1,[*]c1ccc(OC2(F)C(F)(F)C(F)(F)C2(F)Oc2ccc(C([*])(C)C)cc2)cc1,0.50 to 0.60
1073,536.15,492.7281,0.6756756756756757,-43.42191162109373,43.42191162109373,[*]c1ccc(Oc2ccc(-c3ccc(-c4ccc(Oc5ccc(S(=O)(=O)c6ccc(-c7ccc(S([*])(=O)=O)cc7)cc6)cc5)cc4)cc3)cc2)cc1,[*]C(=O)c1ccc(Oc2ccc(S(=O)(=O)c3ccc(Oc4ccc(-c5ccc(Oc6ccc([*])cc6)cc5)cc4)cc3)cc2)cc1,0.60 to 0.70
1074,524.15,481.55878,0.625,-42.59122314453123,42.59122314453123,[*]c1ccc(Oc2ccc(-c3ccc(-c4ccc(Oc5ccc(S([*])(=O)=O)cc5)cc4)cc3)cc2)cc1,[*]c1ccc(Oc2ccc(-c3ccc(-c4ccc(Oc5ccc(S([*])(=O)=O)cc5)c(C(F)(F)F)c4)cc3)cc2C(F)(F)F)cc1,0.60 to 0.70
1075,537.15,493.23032,0.6756756756756757,-43.9196838378906,43.9196838378906,[*]c1ccc(Oc2ccc(-c3ccc(Oc4ccc(S(=O)(=O)c5ccc(-c6ccc(-c7ccc(S([*])(=O)=O)cc7)cc6)cc5)cc4)cc3)cc2)cc1,[*]C(=O)c1ccc(Oc2ccc(S(=O)(=O)c3ccc(Oc4ccc(-c5ccc(Oc6ccc([*])cc6)cc5)cc4)cc3)cc2)cc1,0.60 to 0.70
1076,528.15,522.4737,0.6511627906976745,-5.676306152343727,5.676306152343727,[*]c1ccc(Oc2ccc(-c3ccc(Oc4ccc(S(=O)(=O)c5ccc6cc(S([*])(=O)=O)ccc6c5)cc4)cc3)cc2)cc1,[*]c1ccc(Oc2ccc(S(=O)(=O)c3ccc4oc5ccc(S([*])(=O)=O)cc5c4c3)cc2)cc1,0.60 to 0.70
1077,494.15,453.78296,0.625,-40.36704101562498,40.36704101562498,[*]c1ccc(Oc2ccc(-c3ccc(Oc4ccc(S([*])(=O)=O)cc4)cc3)cc2)cc1,[*]c1ccc(Oc2ccc(-c3ccc(-c4ccc(Oc5ccc(S([*])(=O)=O)cc5)c(C(F)(F)F)c4)cc3)cc2C(F)(F)F)cc1,0.60 to 0.70
1078,542.15,453.7633,0.625,-88.38669433593748,88.38669433593748,[*]c1ccc(Oc2ccc(-c3ccc(S([*])(=O)=O)cc3)cc2)cc1,[*]c1ccc(Oc2ccc(-c3ccc(-c4ccc(Oc5ccc(S([*])(=O)=O)cc5)c(C(F)(F)F)c4)cc3)cc2C(F)(F)F)cc1,0.60 to 0.70
1079,507.65,444.13058,0.5348837209302325,-63.5194152832031,63.5194152832031,[*]c1ccc(Oc2ccc(/C=C/c3ccc(Oc4ccc(S([*])(=O)=O)cc4)cc3)cc2)cc1,[*]c1ccc(Oc2ccc(S(=O)(=O)c3ccc4oc5ccc(S([*])(=O)=O)cc5c4c3)cc2)cc1,0.50 to 0.60
1080,424.15,448.4565,0.5609756097560976,24.306512451171898,24.306512451171898,[*]c1ccc(Oc2ccc(/C=N/N=C/c3ccc(Oc4ccc(S([*])(=O)=O)cc4)cc3)cc2)cc1,[*]c1ccc(Oc2ccc(/C=N/N=C/c3ccc(Oc4ccc(C([*])(C)C)cc4)cc3)cc2)cc1,0.50 to 0.60
1081,400.15,441.32364,0.5918367346938775,41.17363891601565,41.17363891601565,[*]c1ccc(Oc2ccc(/C=N/c3ccc(Oc4ccc(-c5ccc(Oc6ccc(/N=C/c7ccc(Oc8ccc(S([*])(=O)=O)cc8)cc7)cc6)cc5)cc4)cc3)cc2)cc1,[*]c1ccc(Oc2ccc(/C=N/c3ccc(Oc4ccc(-c5ccc(Oc6ccc(/N=C/c7ccc(Oc8ccc(C([*])(C(F)(F)F)C(F)(F)F)cc8)cc7)cc6)cc5)cc4)cc3)cc2)cc1,0.50 to 0.60
1082,435.15,429.86362,0.5306122448979592,-5.286383056640602,5.286383056640602,[*]c1ccc(Oc2ccc(/C=N/c3ccc(Oc4ccc(/N=C/c5ccc(Oc6ccc(S([*])(=O)=O)cc6)cc5)cc4)cc3)cc2)cc1,[*]c1ccc(Oc2ccc(/C=N/c3ccc(Oc4ccc(-c5ccc(Oc6ccc(/N=C/c7ccc(Oc8ccc(C([*])(C(F)(F)F)C(F)(F)F)cc8)cc7)cc6)cc5)cc4)cc3)cc2)cc1,0.50 to 0.60
1083,383.15,444.48837,0.5306122448979592,61.3383728027344,61.3383728027344,[*]c1ccc(Oc2ccc(/C=N/c3ccc(Oc4ccc(S([*])(=O)=O)cc4)cc3)cc2)cc1,[*]c1ccc(Oc2ccc(/C=N/c3ccc(Oc4ccc(-c5ccc(Oc6ccc(/N=C/c7ccc(Oc8ccc(C([*])(C(F)(F)F)C(F)(F)F)cc8)cc7)cc6)cc5)cc4)cc3)cc2)cc1,0.50 to 0.60
1084,472.85,424.56277,0.7045454545454546,-48.2872253417969,48.2872253417969,[*]c1ccc(Oc2ccc(C(c3ccc(Oc4ccc(S([*])(=O)=O)cc4)cc3)(C(F)(F)F)C(F)(F)F)cc2)cc1,[*]c1ccc(Oc2ccc(C(c3ccc(Oc4ccc(S([*])(=O)=O)cc4)c(Br)c3)(C(F)(F)F)C(F)(F)F)cc2Br)cc1,0.70 to 0.80
1085,503.15,475.50125,0.6190476190476191,-27.648748779296852,27.648748779296852,[*]c1ccc(Oc2ccc(C(c3ccccc3)(c3ccccc3)c3ccc(Oc4ccc(S([*])(=O)=O)cc4)cc3)cc2)cc1,[*]c1ccc(Oc2ccc(S(=O)(=O)c3ccc(Oc4ccc(C([*])(C)c5ccccc5)cc4)cc3)cc2)cc1,0.60 to 0.70
1086,570.15,484.2955,0.5,-85.8544982910156,85.8544982910156,[*]c1ccc(Oc2ccc(C3(c4ccc(Oc5ccc(S([*])(=O)=O)cc5)cc4)C4CC5CC(C4)CC3C5)cc2)cc1,[*]c1ccc(Oc2ccc(C(=O)Oc3ccc(C4(c5ccc(OC(=O)c6ccc(Oc7ccc(C8([*])CCC(C(C)(C)C)CC8)cc7)cc6)cc5)C5CC6CC(C5)CC4C6)cc3)cc2)cc1,0.50 to 0.60
1087,503.15,472.96637,0.4807692307692308,-30.183630371093727,30.183630371093727,[*]c1ccc(Oc2ccc(C3(c4ccc(Oc5ccc(S([*])(=O)=O)cc5)cc4)CCCC3)cc2)cc1,[*]c1ccc(C)c(S(=O)(=O)Oc2ccc(C3(c4ccc(OS([*])(=O)=O)cc4)CCCC3)cc2)c1,< 0.50
1088,499.15,472.22443,0.490566037735849,-26.925573730468727,26.925573730468727,[*]c1ccc(Oc2ccc(C3(c4ccc(Oc5ccc(S([*])(=O)=O)cc5)cc4)CCCCC3)cc2)cc1,[*]c1ccc(C)c(S(=O)(=O)Oc2ccc(C3(c4ccc(OS([*])(=O)=O)cc4)CCCCC3)cc2)c1,< 0.50
1089,520.15,480.95258,0.490566037735849,-39.19742431640623,39.19742431640623,[*]c1ccc(Oc2ccc(C3(c4ccc(Oc5ccc(S([*])(=O)=O)cc5)cc4)CCCCCC3)cc2)cc1,[*]c1ccc(C)c(S(=O)(=O)Oc2ccc(C3(c4ccc(OS([*])(=O)=O)cc4)CCCCC3)cc2)c1,< 0.50
1090,551.65,505.3781,0.7209302325581395,-46.27188720703123,46.27188720703123,[*]c1ccc(Oc2ccc(C3(c4ccc(Oc5ccc(S([*])(=O)=O)cc5)cc4)c4ccccc4-c4ccccc43)cc2)cc1,[*]c1ccc(Nc2ccc(C3(c4ccc(Nc5ccc(S([*])(=O)=O)cc5)cc4)c4ccccc4-c4ccccc43)cc2)cc1,0.70 to 0.80
1091,515.15,487.0301,0.4259259259259259,-28.119909667968727,28.119909667968727,[*]c1ccc(Oc2ccc(C34CC5CC(C3)CC(c3ccc(Oc6ccc(S([*])(=O)=O)cc6)cc3)(C5)C4)cc2)cc1,[*]c1ccc(Oc2ccc(-c3cc(-c4ccc(Oc5ccc(S([*])(=O)=O)cc5)cc4)n[nH]3)cc2)cc1,< 0.50
1092,462.7,434.85992,0.7931034482758621,-27.84007568359374,27.84007568359374,[*]c1ccc(Oc2ccc(Cc3ccc(Oc4ccc(S([*])(=O)=O)cc4)cc3)cc2)cc1,[*]c1ccc(Cc2ccc(S([*])(=O)=O)cc2)cc1,0.70 to 0.80
1093,487.15,498.05505,0.675,10.905053710937523,10.905053710937523,[*]c1ccc(Oc2ccc(Oc3ccc(-c4ccc(Oc5ccc(Oc6ccc(S([*])(=O)=O)cc6)cc5)c5ccccc45)c4ccccc34)cc2)cc1,[*]c1ccc(Oc2ccc(S([*])(=O)=O)c3ccccc23)cc1,0.60 to 0.70
1094,465.15,429.11264,0.5925925925925926,-36.0373596191406,36.0373596191406,[*]c1ccc(Oc2ccc(Oc3ccc(Oc4ccc(S([*])(=O)=O)cc4)cc3)cc2)cc1,[*]Oc1ccc(S([*])(=O)=O)cc1,0.50 to 0.60
1095,532.15,495.05334,0.6756756756756757,-37.09665527343748,37.09665527343748,[*]c1ccc(Oc2ccc(Oc3ccc(S(=O)(=O)c4ccc(-c5ccc(-c6ccc(S([*])(=O)=O)cc6)cc5)cc4)cc3)cc2)cc1,[*]C(=O)c1ccc(Oc2ccc(S(=O)(=O)c3ccc(Oc4ccc(-c5ccc(Oc6ccc([*])cc6)cc5)cc4)cc3)cc2)cc1,0.60 to 0.70
1096,524.15,513.7678,0.6756756756756757,-10.382177734374977,10.382177734374977,[*]c1ccc(Oc2ccc(Oc3ccc(S(=O)(=O)c4ccc(-c5ccc(S([*])(=O)=O)cc5)cc4)cc3)cc2)cc1,[*]C(=O)c1ccc(Oc2ccc(S(=O)(=O)c3ccc(Oc4ccc(-c5ccc(Oc6ccc([*])cc6)cc5)cc4)cc3)cc2)cc1,0.60 to 0.70
1097,483.15,419.43848,0.5925925925925926,-63.71152343749998,63.71152343749998,[*]c1ccc(Oc2ccc(Oc3ccc(S([*])(=O)=O)cc3)cc2)cc1,[*]Oc1ccc(S([*])(=O)=O)cc1,0.50 to 0.60
1098,431.15,428.19168,0.6,-2.9583190917968523,2.9583190917968523,[*]c1ccc(Oc2ccc(Oc3cccc(Oc4ccc(Oc5ccc(S([*])(=O)=O)cc5)cc4)n3)cc2)cc1,[*]C(=O)c1ccc(Oc2ccc(Oc3cccc(Oc4ccc(Oc5ccc([*])cc5)cc4)n3)cc2)cc1,0.60 to 0.70
1099,554.15,476.65836,0.6756756756756757,-77.49164428710935,77.49164428710935,[*]c1ccc(Oc2ccc(S(=O)(=O)c3ccc(-c4ccc(-c5ccc(S(=O)(=O)c6ccc(Oc7ccc(S([*])(=O)=O)cc7)cc6)cc5)cc4)cc3)cc2)cc1,[*]C(=O)c1ccc(Oc2ccc(S(=O)(=O)c3ccc(Oc4ccc(-c5ccc(Oc6ccc([*])cc6)cc5)cc4)cc3)cc2)cc1,0.60 to 0.70
1100,584.15,499.02036,0.6756756756756757,-85.1296447753906,85.1296447753906,[*]c1ccc(Oc2ccc(S(=O)(=O)c3ccc(-c4ccc(-c5ccc(S([*])(=O)=O)cc5)cc4)cc3)cc2)cc1,[*]C(=O)c1ccc(Oc2ccc(S(=O)(=O)c3ccc(Oc4ccc(-c5ccc(Oc6ccc([*])cc6)cc5)cc4)cc3)cc2)cc1,0.60 to 0.70
1101,540.15,492.42343,0.6756756756756757,-47.7265686035156,47.7265686035156,[*]c1ccc(Oc2ccc(S(=O)(=O)c3ccc(-c4ccc(S(=O)(=O)c5ccc(Oc6ccc(S([*])(=O)=O)cc6)cc5)cc4)cc3)cc2)cc1,[*]C(=O)c1ccc(Oc2ccc(S(=O)(=O)c3ccc(Oc4ccc(-c5ccc(Oc6ccc([*])cc6)cc5)cc4)cc3)cc2)cc1,0.60 to 0.70
1102,555.15,481.103,0.6756756756756757,-74.0470031738281,74.0470031738281,[*]c1ccc(Oc2ccc(S(=O)(=O)c3ccc(-c4ccc(S([*])(=O)=O)cc4)cc3)cc2)cc1,[*]C(=O)c1ccc(Oc2ccc(S(=O)(=O)c3ccc(Oc4ccc(-c5ccc(Oc6ccc([*])cc6)cc5)cc4)cc3)cc2)cc1,0.60 to 0.70
1103,523.15,493.40674,0.6666666666666666,-29.743261718749977,29.743261718749977,[*]c1ccc(Oc2ccc(S(=O)(=O)c3ccc4ccc(S([*])(=O)=O)cc4c3)cc2)cc1,[*]c1ccc(Oc2ccc(S(=O)(=O)c3ccc4oc5ccc(S([*])(=O)=O)cc5c4c3)cc2)cc1,0.60 to 0.70
1104,448.15,440.75854,0.7931034482758621,-7.391455078124977,7.391455078124977,[*]c1ccc(Oc2ccc(Sc3ccc(Oc4ccc(S([*])(=O)=O)cc4)cc3)cc2)cc1,[*]c1ccc(Sc2ccc(S([*])(=O)=O)cc2)cc1,0.70 to 0.80
1105,504.15,470.77176,0.6153846153846154,-33.37824096679685,33.37824096679685,[*]c1ccc(Oc2ccc3cc(Oc4ccc(S([*])(=O)=O)cc4)ccc3c2)cc1,[*]C(=O)c1ccc(Oc2ccc3cc(Oc4ccc(S(=O)(=O)c5ccc(Oc6ccc([*])cc6)cc5)cc4)ccc3c2)cc1,0.60 to 0.70
1106,450.15,420.80618,0.625,-29.343817138671852,29.343817138671852,[*]c1ccc(Oc2cccc(Oc3ccc(S([*])(=O)=O)cc3)c2)cc1,[*]C(=O)c1ccc(Oc2cccc(Oc3ccc(S(=O)(=O)c4ccc(Oc5ccc([*])cc5)cc4)cc3)c2)cc1,0.60 to 0.70
1107,448.15,485.92178,0.5476190476190477,37.77178344726565,37.77178344726565,[*]c1ccc(Oc2cccc(S([*])(=O)=O)c2)cc1,[*]C(=O)c1ccc(Oc2cccc(Oc3ccc(S(=O)(=O)c4ccc(Oc5ccc([*])cc5)cc4)cc3)c2)cc1,0.50 to 0.60
1108,444.15,423.62784,0.696969696969697,-20.522161865234352,20.522161865234352,[*]c1ccc(Oc2ccccc2Oc2ccc(S([*])(=O)=O)cc2)cc1,[*]c1ccc(Oc2ccccc2S([*])(=O)=O)cc1,0.60 to 0.70
1109,492.65,436.45926,0.7391304347826086,-56.19074096679685,56.19074096679685,[*]c1ccc(S([*])(=O)=O)cc1,[*]c1ccc(Cc2ccc(S([*])(=O)=O)cc2)cc1,0.70 to 0.80
1110,507.15,490.0376,0.5098039215686274,-17.112402343749977,17.112402343749977,[*]NNC(=O)c1cncc(C(=O)NNC(=O)c2ccc([Si](c3ccccc3)(c3ccccc3)c3ccc(C([*])=O)cc3)cc2)c1,[*]NNC(=O)c1ccc(C(=O)NNC(=O)c2ccc(OC(=O)c3cccc(C(=O)Oc4ccc(C([*])=O)cc4)c3)cc2)cc1,0.50 to 0.60
1111,543.15,523.8133,0.4782608695652174,-19.336706542968727,19.336706542968727,[*]NNC(=O)c1ccc(C(=O)NNC(=O)c2ccc([Si](c3ccccc3)(c3ccccc3)c3ccc(C([*])=O)cc3)cc2)c2ccccc12,[*]NNC(=O)c1ccc(Oc2ccc(C([*])=O)cc2)cc1,< 0.50
1112,513.15,490.11075,0.4583333333333333,-23.039251708984352,23.039251708984352,[*]NNC(=O)c1ccc(C(=O)NNC(=O)c2ccc([Si](c3ccccc3)(c3ccccc3)c3ccc(C([*])=O)cc3)cc2)nc1,[*]NNC(=O)c1ccc(Oc2ccc(C([*])=O)cc2)cc1,< 0.50
1113,525.15,492.52158,0.4782608695652174,-32.6284240722656,32.6284240722656,[*]NNC(=O)c1ccc(C(=O)NNC(=O)c2ccc([Si](c3ccccc3)(c3ccccc3)c3ccc(C([*])=O)cc3)cc2)o1,[*]NNC(=O)c1ccc(Oc2ccc(C([*])=O)cc2)cc1,< 0.50
1114,307.15,308.46863,0.4857142857142857,1.3186279296875227,1.3186279296875227,[*]C=CC(C)C([*])(C)C(=O)OC,[*]CCC(C)C([*])(C)C(=O)OC,< 0.50
1115,462.15,347.52063,0.3461538461538461,-114.62937011718748,114.62937011718748,[*]C(=O)NCCNC(=O)c1c([*])ncn1C,[*]C(=O)NCCCCCCNC(=O)c1cc([*])cc(C(C)(C)C)c1,< 0.50
1116,425.15,372.25507,0.3090909090909091,-52.89493408203123,52.89493408203123,[*]C(=O)NCC(C)(C)CNC(=O)c1c([*])ncn1C,[*]CCNC(=O)c1ccc(C(=O)NCC(C)(C)CC([*])C)cc1,< 0.50
1117,359.15,327.0647,0.4313725490196078,-32.08530273437498,32.08530273437498,[*]C(=O)NCCCCCCNC(=O)c1c([*])ncn1C,[*]C(=O)NCCCCCCNC(=O)c1cc([*])cc(C(C)(C)C)c1,< 0.50
1118,370.65,300.8646,0.45,-69.7854064941406,69.7854064941406,[*]CC(C)(C(=O)OC)C(C)(C(=O)OC)C([*])OCCCC,[*]CC([*])(C)C(=O)OCCCC,< 0.50
1119,404.15,309.5902,0.4411764705882353,-94.55979003906248,94.55979003906248,[*]CC(C)(C(=O)OC)C(C)(C(=O)OC)C([*])OCC,[*]CC([*])(C)C(=O)OC,< 0.50
1120,225.15,295.50027,0.4,70.35027465820312,70.35027465820312,[*][Si]([*])(C)CCCOCC1COC(C)(C)O1,[*]O[Si]([*])(C)CCCOCC1COC(=O)O1,< 0.50
1121,404.15,366.1524,0.5476190476190477,-37.99759521484373,37.99759521484373,[*]CCCCCCCCCCCCC(=O)NC1CCC(CC2CCC(NC([*])=O)CC2)CC1,[*]CCCCCCCCCCC(=O)NCC1CCC(CNC([*])=O)CC1,0.50 to 0.60
1122,458.15,390.204,0.5454545454545454,-67.94598999023435,67.94598999023435,[*]CCCCC(=O)NC1CCC(CC2CCC(NC([*])=O)CC2)CC1,[*]CC1CCC(NC(=O)CCCCC(=O)NC([*])(C)C)CC1,0.50 to 0.60
1123,417.15,375.1601,0.5476190476190477,-41.98990478515623,41.98990478515623,[*]CCCCCCCCC(=O)NC1CCC(CC2CCC(NC([*])=O)CC2)CC1,[*]CCCCCCCCCCC(=O)NCC1CCC(CNC([*])=O)CC1,0.50 to 0.60
1124,389.15,373.43686,0.5476190476190477,-15.713140869140602,15.713140869140602,[*]CCCCCCCCC(=O)NC1CCC(CCC2CCC(NC([*])=O)CC2)CC1,[*]CCCCCCCCCCC(=O)NCC1CCC(CNC([*])=O)CC1,0.50 to 0.60
1125,415.15,375.146,0.5476190476190477,-40.00400390624998,40.00400390624998,[*]CCCCCCCCCCC(=O)NC1CCC(CC2CCC(NC([*])=O)CC2)CC1,[*]CCCCCCCCCCC(=O)NCC1CCC(CNC([*])=O)CC1,0.50 to 0.60
1126,378.15,374.91998,0.5476190476190477,-3.2300170898437273,3.2300170898437273,[*]CCCCCCCCCCC(=O)NC1CCC(CCC2CCC(NC([*])=O)CC2)CC1,[*]CCCCCCCCCCC(=O)NCC1CCC(CNC([*])=O)CC1,0.50 to 0.60
1127,327.15,363.67786,0.65,36.52785644531252,36.52785644531252,[*]CC([*])(C)C(=O)OCc1ccccc1,[*]CC([*])(C)C(=O)Oc1ccc(OCc2ccccc2)cc1,0.60 to 0.70
1128,365.65,373.29785,0.5789473684210527,7.647851562500023,7.647851562500023,[*]CC([*])(C)C(=O)OCC(=O)c1ccccc1,[*]CC([*])(C)C(=O)Oc1ccccc1,0.50 to 0.60
1129,282.15,329.2001,0.6444444444444445,47.05010375976565,47.05010375976565,[*]CC([*])(C)C(=O)OCCCCc1ccccc1,[*]CC([*])(C)C(=O)OCCc1ccc(/N=N/c2ccccc2)cc1,0.60 to 0.70
1130,332.05,321.16086,0.725,-10.889141845703136,10.889141845703136,[*]CC([*])(C)C(=O)OCc1c(Cl)cccc1Cl,[*]CC([*])(C)C(=O)OCc1cccc(Cl)c1Cl,0.70 to 0.80
1131,355.15,339.0707,0.6046511627906976,-16.079290771484352,16.079290771484352,[*]CC([*])(C)C(=O)OCc1c(F)cccc1F,[*]CC([*])(C)C(=O)OCc1ccc(F)cc1F,0.60 to 0.70
1132,303.1,328.80173,0.6190476190476191,25.701727294921852,25.701727294921852,[*]CC([*])(C)C(=O)OCc1cc(Cl)cc(Cl)c1,[*]CC([*])(C)C(=O)OCc1ccc(Cl)cc1Cl,0.60 to 0.70
1133,307.6,323.4089,0.6511627906976745,15.808905029296852,15.808905029296852,[*]CC([*])(C)C(=O)OCc1ccc(Cl)c(Cl)c1,[*]CC([*])(C)C(=O)OCc1cc(Cl)ccc1Cl,0.60 to 0.70
1134,316.75,339.68076,0.6585365853658537,22.930755615234375,22.930755615234375,[*]CC([*])(C)C(=O)OCc1ccc(Cl)cc1,[*]CC([*])(C)C(=O)OCc1ccc(Cl)cc1Cl,0.60 to 0.70
1135,329.15,360.99142,0.5217391304347826,31.841424560546898,31.841424560546898,[*]CC([*])(C)C(=O)OCc1ccc[se]1,[*]CC([*])(C)C(=O)OCc1cccc(Cl)c1Cl,0.50 to 0.60
1136,291.4,332.9918,0.6363636363636364,41.5917907714844,41.5917907714844,[*]CC([*])(C)C(=O)OCc1cccc(Cl)c1,[*]CC([*])(C)C(=O)OCc1ccc(Cl)cc1Cl,0.60 to 0.70
1137,327.25,333.43967,0.7948717948717948,6.189666748046875,6.189666748046875,[*]CC([*])(C)C(=O)OCc1ccccc1Cl,[*]CC([*])(C)C(=O)OCc1cccc(Cl)c1Cl,0.70 to 0.80
1138,384.15,376.1473,0.5217391304347826,-8.002691650390602,8.002691650390602,[*]CC([*])(C)C(=O)OCc1ccco1,[*]CC([*])(C)C(=O)OCc1cccc(Cl)c1Cl,0.50 to 0.60
1139,339.15,373.3939,0.5217391304347826,34.2438903808594,34.2438903808594,[*]CC([*])(C)C(=O)OCc1cccs1,[*]CC([*])(C)C(=O)OCc1cccc(Cl)c1Cl,0.50 to 0.60
1140,356.65,373.3939,0.4901960784313725,16.743890380859398,16.743890380859398,[*]CC([*])(C)C(=O)OCc1ccsc1,[*]CC([*])(C)C(=O)OCc1ccc2c(c1)OCCOCCOCCOCCO2,< 0.50
1141,328.15,342.53244,0.7,14.382440185546898,14.382440185546898,[*]CC([*])(CC(=O)OCc1ccccc1)C(=O)OCc1ccccc1,[*]CC([*])(CC(=O)OCCc1ccccc1)C(=O)OCCc1ccccc1,0.70 to 0.80
1142,271.15,323.00665,0.4693877551020408,51.85665283203127,51.85665283203127,[*]COC(=O)OCC([*])(C)C(=O)OCc1ccccc1,[*]CC([*])(C)C(=O)Oc1ccc(OCc2ccccc2)cc1,< 0.50
1143,310.575,365.63083,0.775,55.055828857421886,55.055828857421886,[*]CC([*])(C)C(=O)OCCc1ccccc1,[*]CC([*])(C)C(=O)OCCc1ccc(/N=N/c2ccccc2)cc1,0.70 to 0.80
1144,493.15,492.21973,0.4166666666666667,-0.9302734374999773,0.9302734374999773,[*]Nc1ccc(Oc2ccc(Nc3ccc4c(c3)c3cc([*])ccc3n4CC(CC)CCCC)cc2)cc1,[*]C=Nc1ccc(C(=O)OCCCCOCCCCOCCCCOC(=O)c2ccc(/N=C/c3ccc4c(c3)c3cc([*])ccc3n4CC(CC)CCCC)cc2)cc1,< 0.50
1145,504.15,482.4776,0.4146341463414634,-21.672399902343727,21.672399902343727,[*]Nc1ccc(-c2ccc(Nc3ccc4c(c3)c3cc([*])ccc3n4CC(CC)CCCC)cc2)cc1,[*]C=Nc1ccc(C(=O)OCCCCOCCCCOCCCCOC(=O)c2ccc(/N=C/c3ccc4c(c3)c3cc([*])ccc3n4CC(CC)CCCC)cc2)cc1,< 0.50
1146,486.15,478.5304,0.4756097560975609,-7.619604492187477,7.619604492187477,[*]Nc1ccc(C(=O)c2ccc(C(=O)c3ccc(Nc4ccc5c(c4)c4cc([*])ccc4n5CC(CC)CCCC)cc3)cc2)cc1,[*]C=Nc1ccc(C(=O)OCCCCOCCCCOCCCCOC(=O)c2ccc(/N=C/c3ccc4c(c3)c3cc([*])ccc3n4CC(CC)CCCC)cc2)cc1,< 0.50
1147,509.205,495.10654,0.4756097560975609,-14.098463134765609,14.098463134765609,[*]Nc1ccc(C(=O)c2ccc(Nc3ccc4c(c3)c3cc([*])ccc3n4CC(CC)CCCC)cc2)cc1,[*]C=Nc1ccc(C(=O)OCCCCOCCCCOCCCCOC(=O)c2ccc(/N=C/c3ccc4c(c3)c3cc([*])ccc3n4CC(CC)CCCC)cc2)cc1,< 0.50
1148,427.15,407.8293,0.3134328358208955,-19.320684814453102,19.320684814453102,[*]c1cc(C(=O)Oc2cccc3cccnc23)c([*])s1,[*]Oc1ccc(C=Cc2ccc3cccc(OC(=O)c4ccc(C([*])=O)cc4)c3n2)cc1,< 0.50
1149,501.15,549.2515,0.5106382978723404,48.10152587890627,48.10152587890627,[*]c1ccc(/C=C/c2ccc(-n3c(=O)c4cc5c(=O)n([*])c(=O)c5cc4c3=O)cc2S(=O)(=O)O[Na])c(S(=O)(=O)O[Na])c1,[*]c1ccc(-n2c(=O)c3cc4c(=O)n([*])c(=O)c4cc3c2=O)cc1,0.50 to 0.60
1150,500.15,504.93558,0.5238095238095238,4.785577392578148,4.785577392578148,[*]c1ccc(-n2c(=O)c3cc4c(=O)n([*])c(=O)c4cc3c2=O)cc1S(=O)(=O)O[Na],[*]c1ccc(-n2c(=O)c3cc4c(=O)n([*])c(=O)c4cc3c2=O)cc1,0.50 to 0.60
1151,472.15,431.5782,0.4615384615384615,-40.57181396484373,40.57181396484373,[*]=Cc1ccc(C(=[*])c2ccc(C(F)(F)F)cc2)cc1,[*]=Cc1ccc(/C=C(\c2ccccc2)c2ccc(-c3ccc(C(=[*])c4ccccc4)cc3)cc2)cc1,< 0.50
1152,567.15,532.85547,0.4406779661016949,-34.29453124999998,34.29453124999998,[*]c1ccc(OC(=O)Oc2ccc(C3([*])c4cc(OC)ccc4-c4ccc([N+](=O)[O-])cc43)cc2)cc1,[*]c1ccc(OC(=O)Oc2ccc3c(c2)C([*])(C)CC3(C)C)cc1,< 0.50
1153,488.15,472.8207,0.4133333333333333,-15.329290771484352,15.329290771484352,[*]c1ccc(OC(=O)CCC(=O)Oc2ccc(C3([*])c4cc(N(C)C)ccc4-c4ccc([N+](=O)[O-])cc43)cc2)cc1,[*]c1ccc(OC(=O)CN(CC(=O)Oc2ccc(C([*])(C)C)cc2)c2ccc(/N=N/c3ccc([N+](=O)[O-])cc3)cc2)cc1,< 0.50
1154,503.15,477.50952,0.3733333333333333,-25.640478515624977,25.640478515624977,[*]c1ccc(OC(=O)CCC(=O)Oc2ccc(C3([*])c4cc(OC)ccc4-c4ccc([N+](=O)[O-])cc43)cc2)cc1,[*]c1ccc(OC(=O)CN(CC(=O)Oc2ccc(C([*])(C)C)cc2)c2ccc(/N=N/c3ccc([N+](=O)[O-])cc3)cc2)cc1,< 0.50
1155,454.15,441.14786,0.4025974025974026,-13.002142333984352,13.002142333984352,[*]c1ccc(OC(=O)CCCC(=O)Oc2ccc(C3([*])c4cc(N(C)C)ccc4-c4ccc([N+](=O)[O-])cc43)cc2)cc1,[*]c1ccc(OC(=O)CN(CC(=O)Oc2ccc(C([*])(C)C)cc2)c2ccc(/N=N/c3ccc([N+](=O)[O-])cc3)cc2)cc1,< 0.50
1156,470.15,442.53,0.3870967741935484,-27.620001220703102,27.620001220703102,[*]c1ccc(OC(=O)CCCC(=O)Oc2ccc(C3([*])c4cc(OC)ccc4-c4ccc([N+](=O)[O-])cc43)cc2)cc1,[*]c1ccc(OC(=O)CCCCC(=O)Oc2ccc(C([*])(C)C)cc2)cc1,< 0.50
1157,423.15,434.6946,0.4025974025974026,11.544610595703148,11.544610595703148,[*]c1ccc(OC(=O)CCCCC(=O)Oc2ccc(C3([*])c4cc(N(C)C)ccc4-c4ccc([N+](=O)[O-])cc43)cc2)cc1,[*]c1ccc(OC(=O)CN(CC(=O)Oc2ccc(C([*])(C)C)cc2)c2ccc(/N=N/c3ccc([N+](=O)[O-])cc3)cc2)cc1,< 0.50
1158,551.15,531.85455,0.3968253968253968,-19.295446777343727,19.295446777343727,[*]c1ccc(OC(=O)Oc2ccc(C3([*])c4cc(N(C)C)ccc4-c4ccc([N+](=O)[O-])cc43)cc2)cc1,[*]c1ccc(OC(=O)Oc2ccc3c(c2)C([*])(C)CC3(C)C)cc1,< 0.50
1159,511.15,424.99823,0.45,-86.15177001953123,86.15177001953123,[*]c1ccc2nc(CCCCCCCCc3nc4ccc([*])cc4s3)sc2c1,[*]c1ccc2nc(CCCCCCCc3nc4ccc([*])cc4o3)oc2c1,< 0.50
1160,519.15,474.07822,0.5897435897435898,-45.0717834472656,45.0717834472656,[*]C(CC1C(=O)NC(=O)C1[*])c1ccccc1,[*]C(CC1C(=O)OC(=O)C1[*])c1ccccc1,0.50 to 0.60
1161,223.15,218.47139,0.4814814814814814,-4.678610229492193,4.678610229492193,[*]CCOC([*])C,[*]CC(=O)OCCOC([*])C,< 0.50
1162,393.15,369.63583,0.6666666666666666,-23.514166259765602,23.514166259765602,[*]CC([*])(C)C(=O)OCCN(C)c1ccc(/N=N/c2ccc(/N=N/c3ccc(C#N)cc3)cc2C)cc1,[*]CC([*])(C)C(=O)OCCN(CC)c1ccc(/N=N/c2ccc(C#N)cc2)cc1,0.60 to 0.70
1163,597.15,521.7749,0.5633802816901409,-75.37509765624998,75.37509765624998,[*]Nc1ccc(-c2nnc(-c3cc(C([*])=O)cc(N4C(=O)c5ccccc5C4=O)c3)o2)cc1,[*]Nc1cc(NC(=O)c2ccc3c(c2)C(=O)N(c2cc(-c4nnc(-c5ccccn5)o4)cc(N4C(=O)c5ccc(C([*])=O)cc5C4=O)c2)C3=O)cc(-c2nnc(-c3ccccn3)o2)c1,0.50 to 0.60
1164,314.15,315.61545,0.7213114754098361,1.4654479980468977,1.4654479980468977,[*]CCCCCCCCC(=O)Oc1cccc(C=Cc2nnc(-c3cccc(OC([*])=O)c3)s2)c1,[*]CCCCCCCCC(=O)Oc1ccc(-c2nnc(C=Cc3ccc(OC([*])=O)cc3)s2)cc1,0.70 to 0.80
1165,310.15,316.27664,0.8275862068965517,6.126641845703148,6.126641845703148,[*]CCCCCCCCC(=O)Oc1cccc(-c2nnc(C=Cc3ccc(OC([*])=O)cc3)s2)c1,[*]CCCCCCCCC(=O)Oc1ccc(-c2nnc(C=Cc3ccc(OC([*])=O)cc3)s2)cc1,>= 0.80
1166,328.15,313.16748,0.8275862068965517,-14.982519531249977,14.982519531249977,[*]CCCCCCCCC(=O)Oc1cccc(C=Cc2nnc(-c3ccc(OC([*])=O)cc3)s2)c1,[*]CCCCCCCCC(=O)Oc1ccc(-c2nnc(C=Cc3ccc(OC([*])=O)cc3)s2)cc1,>= 0.80
1167,260.65,259.1137,0.6363636363636364,-1.5362915039062273,1.5362915039062273,[*]N=P([*])(Oc1ccc(CC)cc1)Oc1ccc(CC)cc1,[*]N=P([*])(Oc1ccc(Cc2ccccc2)cc1)Oc1ccc(Cc2ccccc2)cc1,0.60 to 0.70
1168,261.65,281.23132,0.696969696969697,19.581323242187523,19.581323242187523,[*]N=P([*])(Oc1ccc(C(C)CC)cc1)Oc1ccc(C(C)CC)cc1,[*]N=P([*])(Oc1ccc(C(C)C)cc1)Oc1ccc(C(C)C)cc1,0.60 to 0.70
1169,313.15,314.3508,0.4634146341463415,1.2007995605468977,1.2007995605468977,[*]Cc1ccc(-c2ccc(OCCCCCCCCCCCCOc3ccc(C([*])C)cc3)cc2)cc1,[*]CC([*])c1ccc(OCCCC)cc1,< 0.50
1170,387.15,320.63086,0.48,-66.51914062499998,66.51914062499998,[*]CC([*])C(=O)N(C)C,[*]CC([*])C(=O)CC,< 0.50
1171,490.15,489.62735,0.4186046511627907,-0.5226501464843523,0.5226501464843523,[*]c1cc(C)c(Oc2ccc(N3C(=O)CC(Nc4cccc(NC5CC(=O)N(c6ccc(Oc7c(C)cc(C([*])c8cccnc8)cc7C)cc6)C5=O)c4)C3=O)cc2)c(C)c1,[*]c1cc(C)c(Oc2ccc(N3C(=O)c4ccc(-c5ccc6c(c5)C(=O)N(c5ccc(Oc7c(C)cc(C([*])c8cccc9ccccc89)cc7C)cc5)C6=O)cc4C3=O)cc2)c(C)c1,< 0.50
1172,492.15,508.35983,0.4166666666666667,16.209832763671898,16.209832763671898,[*]c1cc(C)c(N2C(=O)CC(Nc3ccc(Cc4ccc(NC5CC(=O)N(c6c(C)cc(C([*])c7cccnc7)cc6C)C5=O)cc4)cc3)C2=O)c(C)c1,[*]Nc1ccc(Cc2ccc(NC3CC(=O)N(c4ccc(Cc5ccc(N6C(=O)CC([*])C6=O)cc5)cc4)C3=O)cc2)cc1,< 0.50
1173,504.15,515.25165,0.3684210526315789,11.101647949218773,11.101647949218773,[*]c1cc(C)c(N2C(=O)CC(Nc3ccc(NC4CC(=O)N(c5c(C)cc(C([*])c6cccnc6)cc5C)C4=O)cc3)C2=O)c(C)c1,[*]c1cc(C)c(N2C(=O)c3ccc(Oc4ccc5c(c4)C(=O)N(c4c(C)cc(C([*])c6cccc(C(F)(F)F)c6)cc4C)C5=O)cc3C2=O)c(C)c1,< 0.50
1174,497.15,517.5992,0.3766233766233766,20.449182128906273,20.449182128906273,[*]c1cc(C)c(N2C(=O)CC(Nc3cccc(NC4CC(=O)N(c5c(C)cc(C([*])c6cccnc6)cc5C)C4=O)c3)C2=O)c(C)c1,[*]c1cc(C)c(N2C(=O)c3ccc(Oc4ccc5c(c4)C(=O)N(c4c(C)cc(C([*])c6cccc(C(F)(F)F)c6)cc4C)C5=O)cc3C2=O)c(C)c1,< 0.50
1175,459.15,478.66693,0.419753086419753,19.516931152343773,19.516931152343773,[*]c1cc(C)c(OC(=O)c2ccc(N3C(=O)CC(Nc4ccc(Cc5ccc(NC6CC(=O)N(c7ccc(C(=O)Oc8c(C)cc(C([*])c9cccnc9)cc8C)cc7)C6=O)cc5)cc4)C3=O)cc2)c(C)c1,[*]Nc1ccc(Cc2ccc(NC3CC(=O)N(c4ccc(Cc5ccc(N6C(=O)CC([*])C6=O)cc5)cc4)C3=O)cc2)cc1,< 0.50
1176,485.15,488.36548,0.3561643835616438,3.2154785156250227,3.2154785156250227,[*]c1cc(C)c(OC(=O)c2ccc(N3C(=O)CC(Nc4ccc(NC5CC(=O)N(c6ccc(C(=O)Oc7c(C)cc(C([*])c8cccnc8)cc7C)cc6)C5=O)cc4)C3=O)cc2)c(C)c1,[*]c1cc(C)c(OC(=O)c2ccc(C(=O)Oc3c(C)cc(C([*])(C)C)cc3C)cc2)c(C)c1,< 0.50
1177,467.15,492.2997,0.3578947368421052,25.149713134765648,25.149713134765648,[*]c1cc(C)c(OC(=O)c2ccc(N3C(=O)CC(Nc4cccc(NC5CC(=O)N(c6ccc(C(=O)Oc7c(C)cc(C([*])c8cccnc8)cc7C)cc6)C5=O)c4)C3=O)cc2)c(C)c1,[*]c1cc(C)c(Oc2ccc(N3C(=O)c4ccc(C(=O)c5ccc6c(c5)C(=O)N(c5ccc(Oc7c(C)cc(C([*])c8cccc9ccccc89)cc7C)cc5)C6=O)cc4C3=O)cc2)c(C)c1,< 0.50
1178,474.15,475.79623,0.4415584415584415,1.6462341308593977,1.6462341308593977,[*]c1cc(C)c(Oc2ccc(N3C(=O)CC(Nc4ccc(Cc5ccc(NC6CC(=O)N(c7ccc(Oc8c(C)cc(C([*])c9cccnc9)cc8C)cc7)C6=O)cc5)cc4)C3=O)cc2)c(C)c1,[*]Nc1ccc(Cc2ccc(NC3CC(=O)N(c4ccc(Cc5ccc(N6C(=O)CC([*])C6=O)cc5)cc4)C3=O)cc2)cc1,< 0.50
1179,502.15,490.0453,0.4117647058823529,-12.104711914062477,12.104711914062477,[*]c1cc(C)c(Oc2ccc(N3C(=O)CC(Nc4ccc(NC5CC(=O)N(c6ccc(Oc7c(C)cc(C([*])c8cccnc8)cc7C)cc6)C5=O)cc4)C3=O)cc2)c(C)c1,[*]c1cc(C)c(Oc2ccc(N3C(=O)c4ccc(-c5ccc6c(c5)C(=O)N(c5ccc(Oc7c(C)cc(C([*])c8cccc9ccccc89)cc7C)cc5)C6=O)cc4C3=O)cc2)c(C)c1,< 0.50
1180,473.15,469.06506,0.5333333333333333,-4.084936523437477,4.084936523437477,[*]/C(=C(/[*])c1ccc([Si](C)(C)C)cc1)c1ccccc1,[*]/C(=C(/[*])c1ccc(C(C)(C)C)cc1)c1ccccc1,0.50 to 0.60
1181,523.15,399.9752,0.4848484848484848,-123.1748107910156,123.1748107910156,[*]/C(=C(/[*])c1ccc([Si](C(C)C)(C(C)C)C(C)C)cc1)c1ccccc1,[*]/C(=C(/[*])c1ccc(C(C)(C)C)cc1)c1ccccc1,< 0.50
1182,473.15,468.57788,0.5454545454545454,-4.572119140624977,4.572119140624977,[*]/C(=C(/[*])c1cccc([Si](C)(C)C)c1)c1ccccc1,[*]/C(=C(/[*])c1cccc([Ge](C)(C)C)c1)c1ccccc1,0.50 to 0.60
1183,268.15,453.52432,0.3947368421052631,185.37432250976565,185.37432250976565,[*]/C(C)=C(/[*])c1ccc([Si](C)(C)C)cc1,[*]CC([*])OC(=O)c1ccc([Si](C)(C)C)cc1,< 0.50
1184,364.15,336.63895,0.2702702702702703,-27.511053466796852,27.511053466796852,[*]=C(OC)c1ccc(C(=[*])OC)s1,[*]c1cc(C(C(=O)OC)C(=O)OC)c([*])s1,< 0.50
1185,298.15,265.938,0.4411764705882353,-32.21201171874998,32.21201171874998,[*]CCCN([*])C(=O)C(F)(F)C(F)(F)C(F)(F)C(F)(F)C(F)(F)C(F)(F)C(F)(F)F,[*]CCCN([*])C(C)=O,< 0.50
1186,259.15,293.51096,0.7435897435897436,34.3609558105469,34.3609558105469,[*]OCCCCCCCCCCOC(=O)c1ccccc1C([*])=O,[*]OCCCS(=O)(=O)CCCCS(=O)(=O)CCCOC(=O)c1ccccc1C([*])=O,0.70 to 0.80
1187,223.15,307.3454,0.6190476190476191,84.19539794921874,84.19539794921874,[*]OCCOCCOC(=O)c1ccccc1C([*])=O,[*]OCCCS(=O)(=O)CCCCS(=O)(=O)CCCOC(=O)c1ccccc1C([*])=O,0.60 to 0.70
1188,333.325,347.26437,0.6666666666666666,13.939373779296886,13.939373779296886,[*]OCCOC(=O)c1ccccc1C([*])=O,[*]OCCCS(=O)(=O)CCCCS(=O)(=O)CCCOC(=O)c1ccccc1C([*])=O,0.60 to 0.70
1189,330.05,350.49652,0.5476190476190477,20.44652099609374,20.44652099609374,[*]OCC1CCC(COC(=O)Oc2ccc(Cc3ccc(OC([*])=O)cc3)cc2)CC1,[*]Oc1ccc(Cc2ccc(Cc3ccc(OC([*])=O)cc3)cc2)cc1,0.50 to 0.60
1190,249.15,210.26442,0.4545454545454545,-38.88558044433594,38.88558044433594,[*]CSSSSC[*],[*]CSSSSCc1ccc([*])cc1,< 0.50
1191,246.15,207.91231,0.4545454545454545,-38.23769226074219,38.23769226074219,[*]CSSC[*],[*]CSC[*],< 0.50
1192,527.9,558.5565,0.7804878048780488,30.656518554687523,30.656518554687523,[*]c1ccc(Sc2ccc3c(c2)Sc2ccc(Sc4ccc(-n5c(=O)c6cc7c(=O)n([*])c(=O)c7cc6c5=O)cc4)cc2S3)cc1,[*]c1ccc(Sc2ccc(-n3c(=O)c4cc5c(=O)n([*])c(=O)c5cc4c3=O)cc2)cc1,0.70 to 0.80
1193,453.15,447.85135,0.5319148936170213,-5.298651123046852,5.298651123046852,[*]NCC1CCCC(CNC(=O)c2cccc(C([*])=O)c2)C1,[*]NCCCCNC(=O)c1cccc(C([*])=O)c1,0.50 to 0.60
1194,481.15,441.31647,0.5813953488372093,-39.83353271484373,39.83353271484373,[*]NCC1CCC(CNC(=O)c2cccc(C([*])=O)c2)CC1,[*]NCCCCNC(=O)c1cccc(C([*])=O)c1,0.50 to 0.60
1195,448.15,482.29544,0.5263157894736842,34.14544067382815,34.14544067382815,[*]C1C(=O)OC(=O)C1C1C2CC(C(=O)OC(C)CC)C(C2)C1[*],[*]C1C(=O)OC(=O)C1C1C2CC(COCCC)C(C2)C1[*],0.50 to 0.60
1196,468.15,478.6599,0.4655172413793103,10.509912109375023,10.509912109375023,[*]C1C(=O)OC(=O)C1C1C2CC(C(=O)OC3CCCCC3)C(C2)C1[*],[*]C1C(=O)OC(=O)C1C1C2CC(COCCC)C(C2)C1[*],< 0.50
1197,428.15,436.94806,0.5714285714285714,8.798059082031273,8.798059082031273,[*]C1C(=O)OC(=O)C1C1C2CC(C(=O)OCCOCC)C(C2)C1[*],[*]C1C(=O)OC(=O)C1C1C2CC(COCCC)C(C2)C1[*],0.50 to 0.60
1198,333.15,345.92914,0.5142857142857142,12.779138183593773,12.779138183593773,[*]CC([*])(C)C(=O)OC(OCC)C(F)(F)F,[*]CC([*])(C)C(=O)OCC,0.50 to 0.60
1199,423.15,369.7492,0.6666666666666666,-53.40079345703123,53.40079345703123,[*]NCCOc1ccc(C([*])=O)cc1,[*]NCCOc1cccc(C([*])=O)c1,0.60 to 0.70
1200,303.15,306.77823,0.5849056603773585,3.6282287597656477,3.6282287597656477,[*]O[Si]([*])(C)CCCOCCOCCOc1ccc(COc2ccc3cc(C#N)ccc3c2)cc1,[*]O[Si]([*])(C)CCCOc1ccc(-c2ccc(C#N)cc2)cc1,0.50 to 0.60
1201,505.15,464.6505,0.3333333333333333,-40.49948730468748,40.49948730468748,[*]=C(C#N)NC(=O)c1ccc(C(=O)NC(=[*])C#N)cc1,[*]Nc1ccc(-c2ccc(NC(=O)c3ccc(C([*])=O)cc3)cc2)cc1,< 0.50
1202,522.15,523.74536,0.5357142857142857,1.5953613281250227,1.5953613281250227,[*]c1ccc(N=C2OC(=O)c3cc(Oc4ccc5c(c4)/C(=N\c4ccc(C(C)(C)c6ccc(C([*])(C)C)cc6)cc4)OC5=O)ccc32)cc1,[*]c1ccc(Oc2ccc3c(c2)C(=O)N(N2C(=O)c4ccc(Oc5ccc(C([*])(C)C)cc5)cc4C2=O)C3=O)cc1,0.50 to 0.60
1203,393.15,417.30103,0.5909090909090909,24.151025390625023,24.151025390625023,[*]Oc1ccc(Oc2ccc(C=Nc3ccc(Oc4ccc(N=Cc5ccc([*])cc5)cc4)cc3)cc2)cc1,[*]c1ccc(Oc2ccc(/C=N/c3ccc(Oc4ccc(-c5ccc(Oc6ccc(/N=C/c7ccc(Oc8ccc(C([*])(C(F)(F)F)C(F)(F)F)cc8)cc7)cc6)cc5)cc4)cc3)cc2)cc1,0.50 to 0.60
1204,374.15,416.48782,0.4761904761904761,42.33782348632815,42.33782348632815,[*]Oc1ccc(Oc2ccc(/C=N/CC/N=C/c3ccc([*])cc3)cc2)cc1,[*]c1ccc(Oc2ccc(/C=N/N=C/c3ccc(Oc4ccc(C([*])(C)C)cc4)cc3)cc2)cc1,< 0.50
1205,378.15,382.5612,0.4545454545454545,4.411187744140648,4.411187744140648,[*]Oc1ccc(Oc2ccc(/C=N/CCCC/N=C/c3ccc([*])cc3)cc2)cc1,[*]c1ccc(Oc2ccc(/C=N/N=C/c3ccc(Oc4ccc(C([*])(C)C)cc4)cc3)cc2)cc1,< 0.50
1206,384.15,369.60516,0.4444444444444444,-14.544836425781227,14.544836425781227,[*]Oc1ccc(Oc2ccc(/C=N/CCCCCC/N=C/c3ccc([*])cc3)cc2)cc1,[*]c1ccc(Oc2ccc(/C=N/N=C/c3ccc(Oc4ccc(C([*])(C)C)cc4)cc3)cc2)cc1,< 0.50
1207,381.15,347.7257,0.4444444444444444,-33.42429199218748,33.42429199218748,[*]Oc1ccc(Oc2ccc(/C=N/CCCCCCCCCC/N=C/c3ccc([*])cc3)cc2)cc1,[*]c1ccc(Oc2ccc(/C=N/N=C/c3ccc(Oc4ccc(C([*])(C)C)cc4)cc3)cc2)cc1,< 0.50
1208,391.15,342.07898,0.4444444444444444,-49.07102050781248,49.07102050781248,[*]Oc1ccc(Oc2ccc(/C=N/CCCCCCCCCCCC/N=C/c3ccc([*])cc3)cc2)cc1,[*]c1ccc(Oc2ccc(/C=N/N=C/c3ccc(Oc4ccc(C([*])(C)C)cc4)cc3)cc2)cc1,< 0.50
1209,390.15,436.02512,0.5909090909090909,45.8751159667969,45.8751159667969,[*]Oc1ccc(Oc2ccc(/C=N/c3ccc(/N=C/c4ccc([*])cc4)cc3)cc2)cc1,[*]c1ccc(Oc2ccc(/C=N/c3ccc(Oc4ccc(-c5ccc(Oc6ccc(/N=C/c7ccc(Oc8ccc(C([*])(C(F)(F)F)C(F)(F)F)cc8)cc7)cc6)cc5)cc4)cc3)cc2)cc1,0.50 to 0.60
1210,435.15,468.3617,0.8809523809523809,33.21169433593752,33.21169433593752,[*]c1ccc(/C=N/c2ccc(Oc3ccc(/N=C/c4ccc(N([*])c5ccccc5)cc4)cc3)cc2)cc1,[*]c1ccc(/C=N/c2ccc(Oc3cccc(Oc4ccc(/N=C/c5ccc(N([*])c6ccccc6)cc5)cc4)c3)cc2)cc1,>= 0.80
1211,503.15,454.5104,0.6382978723404256,-48.63959350585935,48.63959350585935,[*]c1ccc(Oc2ccc(/C=N/c3ccc(/N=C/c4ccc(Oc5ccc(C([*])(c6ccccc6)c6ccccc6)cc5)cc4)cc3)cc2)cc1,[*]c1ccc(Oc2ccc(/C=N/c3ccc(Oc4ccc(-c5ccc(Oc6ccc(/N=C/c7ccc(Oc8ccc(C([*])(C(F)(F)F)C(F)(F)F)cc8)cc7)cc6)cc5)cc4)cc3)cc2)cc1,0.60 to 0.70
1212,393.15,418.59958,0.7333333333333333,25.449578857421898,25.449578857421898,[*]c1ccc(Oc2ccc(/C=N/c3ccc(Oc4ccc(-c5ccc(Oc6ccc(/N=C/c7ccc(Oc8ccc(C([*])(C)C)cc8)cc7)cc6)cc5)cc4)cc3)cc2)cc1,[*]c1ccc(Oc2ccc(/C=N/c3ccc(Oc4ccc(-c5ccc(Oc6ccc(/N=C/c7ccc(Oc8ccc(C([*])(C(F)(F)F)C(F)(F)F)cc8)cc7)cc6)cc5)cc4)cc3)cc2)cc1,0.70 to 0.80
1213,484.15,438.46353,0.6382978723404256,-45.68646850585935,45.68646850585935,[*]c1ccc(Oc2ccc(/C=N/c3ccc(Oc4ccc(/N=C/c5ccc(Oc6ccc(C([*])(c7ccccc7)c7ccccc7)cc6)cc5)cc4)cc3)cc2)cc1,[*]c1ccc(Oc2ccc(/C=N/c3ccc(Oc4ccc(-c5ccc(Oc6ccc(/N=C/c7ccc(Oc8ccc(C([*])(C(F)(F)F)C(F)(F)F)cc8)cc7)cc6)cc5)cc4)cc3)cc2)cc1,0.60 to 0.70
1214,523.15,493.21628,0.5192307692307693,-29.933721923828102,29.933721923828102,[*]c1ccc(Oc2ccc(C3(c4ccc(Oc5ccc(S([*])(=O)=O)cc5)cc4)CC4CCC3C4)cc2)cc1,[*]Oc1ccc(C2(c3ccc(OC([*])=O)cc3)CC3CCC2C3)cc1,0.50 to 0.60
1215,337.0,411.51202,0.525,74.51202392578125,74.51202392578125,[*]OCCOC(=O)c1ccc(C([*])=O)c2ccccc12,[*]OCCOC(=O)c1cccc(C([*])=O)c1,0.50 to 0.60
1216,351.15,407.77643,0.5641025641025641,56.62642822265627,56.62642822265627,[*]OCCOC(=O)c1cccc2c(C([*])=O)cccc12,[*]OCCOC(=O)c1cccc(C([*])=O)c1,0.50 to 0.60
1217,290.15,343.00958,0.5581395348837209,52.85958251953127,52.85958251953127,[*]OCCOCCOC(=O)c1ccccc1-c1ccccc1C([*])=O,[*]OCCOCCOC(=O)c1cccc(C([*])=O)c1,0.50 to 0.60
1218,220.15,197.0826,0.4285714285714285,-23.067404174804693,23.067404174804693,[*]COCCSSC[*],[*]CCOC[*],< 0.50
1219,233.15,190.13223,0.391304347826087,-43.01776733398438,43.01776733398438,[*]COCCSSSSC[*],[*]CCOC[*],< 0.50
1220,215.65,195.2773,0.4761904761904761,-20.372702026367193,20.372702026367193,[*]COCOCCSSC[*],[*]COCOC[*],< 0.50
1221,413.15,367.57996,0.6521739130434783,-45.57004394531248,45.57004394531248,[*]CC([*])(C)C(=O)Oc1c(OC)cc(/C=C/c2ccccc2)cc1OC,[*]CC([*])(C)C(=O)Oc1ccc(/C=C/c2ccccc2)cc1,0.60 to 0.70
1222,523.15,523.2994,0.5,0.14937744140627274,0.14937744140627274,[*]C(=O)Nc1ccc(-c2ccc(NC(=O)N3CC(C)N([*])CC3C)cc2)cc1,[*]C(=O)c1ccc(C(=O)N2CC(C)N([*])CC2C)cc1,0.50 to 0.60
1223,498.35,522.6637,0.8181818181818182,24.313696289062477,24.313696289062477,[*]C(=O)c1ccc2c(c1)C(=O)N(c1ccc(Oc3ccc(C(=O)c4cccc(C(=O)c5ccc(Oc6ccc(N7C(=O)c8ccc([*])cc8C7=O)cc6C(F)(F)F)cc5)n4)cc3)c(C(F)(F)F)c1)C2=O,[*]C(=O)c1ccc2c(c1)C(=O)N(c1ccc(Oc3ccc(C(=O)c4cccc(N5C(=O)c6ccc([*])cc6C5=O)c4)cc3)c(C(F)(F)F)c1)C2=O,>= 0.80
1224,500.25,535.8554,0.75,35.60540771484375,35.60540771484375,[*]C(=O)c1cccc(C(=O)c2ccc(Oc3ccc(-n4c(=O)c5cc6c(=O)n(-c7ccc(Oc8ccc([*])cc8)c(C(F)(F)F)c7)c(=O)c6cc5c4=O)cc3C(F)(F)F)cc2)n1,[*]C(=O)c1cccc(C(=O)c2ccc(Oc3ccc(-n4c(=O)c5cc6c(=O)n(-c7ccc(Oc8ccc([*])cc8)cc7)c(=O)c6cc5c4=O)cc3)cc2)n1,0.70 to 0.80
1225,479.55,498.20236,0.8260869565217391,18.652362060546864,18.652362060546864,[*]C(=O)c1cccc(C(=O)c2ccc(Oc3ccc(N4C(=O)c5ccc(C(c6ccc7c(c6)C(=O)N(c6ccc(Oc8ccc([*])cc8)c(C(F)(F)F)c6)C7=O)(C(F)(F)F)C(F)(F)F)cc5C4=O)cc3C(F)(F)F)cc2)n1,[*]C(=O)c1cccc(C(=O)c2ccc(Oc3ccc(N4C(=O)c5ccc(C(c6ccc7c(c6)C(=O)N(c6ccc(Oc8ccc([*])cc8)cc6)C7=O)(C(F)(F)F)C(F)(F)F)cc5C4=O)cc3)cc2)n1,>= 0.80
1226,485.35,499.72934,0.7777777777777778,14.379339599609352,14.379339599609352,[*]C(=O)c1cccc(C(=O)c2ccc(Oc3ccc(N4C(=O)c5ccc(Oc6ccc7c(c6)C(=O)N(c6ccc(Oc8ccc([*])cc8)c(C(F)(F)F)c6)C7=O)cc5C4=O)cc3C(F)(F)F)cc2)n1,[*]C(=O)c1cccc(C(=O)c2ccc(Oc3ccc(N4C(=O)c5ccc(Oc6ccc7c(c6)C(=O)N(c6ccc(Oc8ccc([*])cc8)cc6)C7=O)cc5C4=O)cc3)cc2)n1,0.70 to 0.80
1227,469.15,491.5806,0.5742574257425742,22.430596923828148,22.430596923828148,[*]c1ccc(C)c(NC(=O)OCCN(CCOC(=O)Nc2ccc(C)c(N3C(=O)c4ccc(C(c5ccc6c(c5)C(=O)N([*])C6=O)(C(F)(F)F)C(F)(F)F)cc4C3=O)c2)c2ccc(/N=N/c3ccc([N+](=O)[O-])cc3)cc2)c1,[*]c1cc(OCCN(CC)c2ccc(/N=N/c3ccc([N+](=O)[O-])cc3)cc2)cc(N2C(=O)c3ccc(C(c4ccc5c(c4)C(=O)N([*])C5=O)(C(F)(F)F)C(F)(F)F)cc3C2=O)c1,0.50 to 0.60
1228,195.15,191.73938,0.8695652173913043,-3.4106201171875057,3.4106201171875057,[*]N=P([*])(OCCOC)OCCOC,[*]N=P([*])(OCCOCCOC)OCCOCCOC,>= 0.80
1229,235.15,261.6079,0.71875,26.457910156249994,26.457910156249994,[*]N=P([*])(OCCOCCOCCOP1(OCCOCCOC)=NP(OCCOCCOC)(OCCOCCOC)=NP(OCCOCCOC)(OCCOCCOC)=N1)OCCOCCOCCOP1(OCCOCCOC)=NP(OCCOCCOC)(OCCOCCOC)=NP(OCCOCCOC)(OCCOCCOC)=N1,[*]N=P([*])(OCCOCCOC)OCCOCCOC,0.70 to 0.80
1230,340.15,347.57004,0.4857142857142857,7.420037841796898,7.420037841796898,[*]COC(=O)CNC([*])=O,[*]COC(=O)CCC(=O)OCC(=O)NCCCCCCNC([*])=O,< 0.50
1231,240.15,284.79846,0.6060606060606061,44.648461914062494,44.648461914062494,[*]N=P([*])(Oc1ccc(C(=O)OC)cc1)Oc1ccc(C(=O)OC)cc1,[*]N=P([*])(Oc1ccc(OC)cc1)Oc1ccc(OC)cc1,0.60 to 0.70
1232,441.15,373.35623,0.5714285714285714,-67.79376831054685,67.79376831054685,[*]CC([*])(C)c1ccccc1,[*]CC([*])(C)c1ccc(C(C)C)cc1,0.50 to 0.60
1233,449.15,369.76883,0.6071428571428571,-79.38117065429685,79.38117065429685,[*]CC([*])(C)c1ccc(C)cc1,[*]CC([*])(C)c1ccc(C(C)C)cc1,0.60 to 0.70
1234,366.15,331.88495,0.4193548387096774,-34.26505126953123,34.26505126953123,[*]CCC([*])(C)c1ccccc1,[*]C=CC([*])(C)c1ccccc1,< 0.50
1235,292.15,381.16296,0.2727272727272727,89.01296386718752,89.01296386718752,[*]N=P([*])(N1CCCCC1)N1CCCCC1,[*]N=P([*])(C)C,< 0.50
1236,223.15,222.96739,0.5909090909090909,-0.18260803222656818,0.18260803222656818,[*]COCC([*])(C)C,[*]COCC([*])(C)CC,0.50 to 0.60
1237,513.15,505.26428,0.9019607843137256,-7.885717773437477,7.885717773437477,[*]Oc1ccc2c(c1)C(=O)N(c1cccc(Oc3ccc(P(=O)(c4ccccc4)c4ccc(Oc5ccc(N6C(=O)c7ccc([*])cc7C6=O)cc5)cc4)cc3)c1)C2=O,[*]c1ccc2c(c1)C(=O)N(c1ccc(Oc3ccc(P(=O)(c4ccccc4)c4ccc(Oc5cccc(N6C(=O)c7ccc([*])cc7C6=O)c5)cc4)cc3)cc1)C2=O,>= 0.80
1238,500.15,514.11566,0.7213114754098361,13.965661621093773,13.965661621093773,[*]Oc1ccc(-c2ccc(Oc3ccc4c(c3)C(=O)N(c3cccc(Oc5ccc(P(=O)(c6ccccc6)c6ccccc6)c(Oc6cccc(N7C(=O)c8ccc([*])cc8C7=O)c6)c5)c3)C4=O)cc2)cc1,[*]Oc1ccc(Oc2ccc(P(=O)(c3ccccc3)c3ccc(Oc4ccc(Oc5ccc6c(c5)C(=O)N(c5ccc(N7C(=O)c8ccc([*])cc8C7=O)cc5)C6=O)cc4)cc3)cc2)cc1,0.70 to 0.80
1239,538.15,525.3849,0.86,-12.765112304687477,12.765112304687477,[*]Oc1ccc(S(=O)(=O)c2ccc(Oc3ccc4c(c3)C(=O)N(c3cccc(N5C(=O)c6ccc([*])cc6C5=O)c3)C4=O)cc2)cc1,[*]Oc1ccc(S(=O)(=O)c2ccc(Oc3ccc4c(c3)C(=O)N(c3ccc(Oc5cccc(Oc6ccc(N7C(=O)c8ccc([*])cc8C7=O)cc6)c5)cc3)C4=O)cc2)cc1,>= 0.80
1240,482.15,505.26566,0.8666666666666667,23.115655517578148,23.115655517578148,[*]Oc1ccc(Sc2ccc(Oc3ccc4c(c3)C(=O)N(c3cccc(N5C(=O)c6ccc([*])cc6C5=O)c3)C4=O)cc2)cc1,[*]Oc1ccc(Oc2ccc(Oc3ccc4c(c3)C(=O)N(c3cccc(N5C(=O)c6ccc([*])cc6C5=O)c3)C4=O)cc2)cc1,>= 0.80
1241,463.65,481.4003,0.9166666666666666,17.750299072265648,17.750299072265648,[*]Oc1ccc(Sc2ccc(Oc3ccc4c(c3)C(=O)N(c3cccc(Oc5cccc(Oc6cccc(N7C(=O)c8ccc([*])cc8C7=O)c6)c5)c3)C4=O)cc2)cc1,[*]Oc1ccc(Sc2ccc(Oc3ccc4c(c3)C(=O)N(c3ccc(Oc5cccc(Oc6ccc(N7C(=O)c8ccc([*])cc8C7=O)cc6)c5)cc3)C4=O)cc2)cc1,>= 0.80
1242,419.65,463.079,0.7254901960784313,43.42901000976565,43.42901000976565,[*]Oc1ccc2c(c1)C(=O)N(c1ccc(OCCOCCOc3cccc(N4C(=O)c5ccc([*])cc5C4=O)c3)cc1)C2=O,[*]Oc1ccc2c(c1)C(=O)N(c1ccc(Oc3cccc(N4C(=O)c5ccc([*])cc5C4=O)c3)cc1)C2=O,0.70 to 0.80
1243,497.15,517.73254,0.7741935483870968,20.582543945312523,20.582543945312523,[*]Oc1ccc2c(c1)C(=O)N(c1ccc(Oc3cccc(-c4cc(-c5ccccc5)cc(-c5cccc(Oc6ccc(N7C(=O)c8ccc([*])cc8C7=O)cc6)c5)n4)c3)cc1)C2=O,[*]C(=O)c1ccc2c(c1)C(=O)N(c1ccc(Oc3cccc(-c4cc(-c5ccccc5)cc(-c5cccc(Oc6ccc(N7C(=O)c8ccc([*])cc8C7=O)cc6)c5)n4)c3)cc1)C2=O,0.70 to 0.80
1244,584.15,541.5597,0.875,-42.59030761718748,42.59030761718748,[*]Oc1ccc2c(c1)C(=O)N(c1ccc(P(=O)(c3ccccc3)c3ccc(N4C(=O)c5ccc([*])cc5C4=O)cc3)cc1)C2=O,[*]Oc1ccc(Oc2ccc(P(=O)(c3ccccc3)c3ccc(Oc4ccc(Oc5ccc6c(c5)C(=O)N(c5ccc(N7C(=O)c8ccc([*])cc8C7=O)cc5)C6=O)cc4)cc3)cc2)cc1,>= 0.80
1245,380.15,430.21124,0.7254901960784313,50.06124267578127,50.06124267578127,[*]Oc1ccc2c(c1)C(=O)N(c1cccc(OCCOCCOCCOc3ccc(N4C(=O)c5ccc([*])cc5C4=O)cc3)c1)C2=O,[*]Oc1ccc2c(c1)C(=O)N(c1ccc(Oc3cccc(N4C(=O)c5ccc([*])cc5C4=O)c3)cc1)C2=O,0.70 to 0.80
1246,451.65,476.829,0.7708333333333334,25.179010009765648,25.179010009765648,[*]Oc1ccc2c(c1)C(=O)N(c1cccc(OCCOc3ccc(N4C(=O)c5ccc([*])cc5C4=O)cc3)c1)C2=O,[*]Oc1ccc2c(c1)C(=O)N(c1ccc(Oc3cccc(N4C(=O)c5ccc([*])cc5C4=O)c3)cc1)C2=O,0.70 to 0.80
1247,485.15,519.8781,0.7424242424242424,34.72811279296877,34.72811279296877,[*]Oc1ccc2c(c1)C(=O)N(c1cccc(Oc3cc(Oc4cccc(N5C(=O)c6ccc([*])cc6C5=O)c4)ccc3P(=O)(c3ccccc3)c3ccccc3)c1)C2=O,[*]c1ccc2c(c1)C(=O)N(c1cccc(Oc3cc(Oc4cccc(N5C(=O)c6ccc(C([*])(C(F)(F)F)C(F)(F)F)cc6C5=O)c4)ccc3P(=O)(c3ccccc3)c3ccccc3)c1)C2=O,0.70 to 0.80
1248,521.15,533.59186,0.7457627118644068,12.441857910156273,12.441857910156273,[*]Oc1ccc2c(c1)C(=O)N(c1cccc(P(=O)(c3ccc(C(F)(F)F)cc3)c3cccc(N4C(=O)c5ccc([*])cc5C4=O)c3)c1)C2=O,[*]c1ccc2c(c1)C(=O)N(c1cccc(P(=O)(c3ccc(C(F)(F)F)cc3)c3cccc(N4C(=O)c5ccc(C([*])(C(F)(F)F)C(F)(F)F)cc5C4=O)c3)c1)C2=O,0.70 to 0.80
1249,563.15,564.24023,0.7671232876712328,1.0902343750000227,1.0902343750000227,[*]Oc1ccc2c(c1)C(=O)N(c1cccc(P(=O)(c3ccc(Oc4ccc(C56CC7CC(CC(C7)C5)C6)cc4)cc3)c3cccc(N4C(=O)c5ccc([*])cc5C4=O)c3)c1)C2=O,[*]c1ccc2c(c1)C(=O)N(c1cccc(P(=O)(c3ccc(Oc4ccc(C56CC7CC(CC(C7)C5)C6)cc4)cc3)c3cccc(N4C(=O)c5ccc(C([*])(C(F)(F)F)C(F)(F)F)cc5C4=O)c3)c1)C2=O,0.70 to 0.80
1250,501.15,535.32056,0.7333333333333333,34.17055664062502,34.17055664062502,[*]Oc1ccc2c(c1)C(=O)N(c1cccc(P(=O)(c3cccc(N4C(=O)c5ccc([*])cc5C4=O)c3)c3cc(C(F)(F)F)cc(C(F)(F)F)c3)c1)C2=O,[*]c1ccc2c(c1)C(=O)N(c1cccc(P(=O)(c3cccc(N4C(=O)c5ccc(C([*])(C(F)(F)F)C(F)(F)F)cc5C4=O)c3)c3cc(C(F)(F)F)cc(C(F)(F)F)c3)c1)C2=O,0.70 to 0.80
1251,524.15,533.55865,0.7391304347826086,9.408654785156273,9.408654785156273,[*]Oc1ccc2c(c1)C(=O)N(c1cccc(P(=O)(c3ccccc3)c3cccc(N4C(=O)c5ccc([*])cc5C4=O)c3)c1)C2=O,[*]Oc1ccc2c(c1)C(=O)N(c1cccc(N3C(=O)c4ccc([*])cc4C3=O)c1)C2=O,0.70 to 0.80
1252,527.15,523.2986,0.9534883720930232,-3.8514160156249773,3.8514160156249773,[*]Oc1ccc2ccc(Oc3ccc4c(c3)C(=O)N(c3cccc(N5C(=O)c6ccc([*])cc6C5=O)c3)C4=O)cc2c1,[*]Oc1ccc2cc(Oc3ccc4c(c3)C(=O)N(c3cccc(N5C(=O)c6ccc([*])cc6C5=O)c3)C4=O)ccc2c1,>= 0.80
1253,538.15,524.93,0.8679245283018868,-13.220007324218727,13.220007324218727,[*]Oc1cccc(S(=O)(=O)c2ccc(Oc3ccc4c(c3)C(=O)N(c3cccc(N5C(=O)c6ccc([*])cc6C5=O)c3)C4=O)cc2)c1,[*]Oc1ccc(S(=O)(=O)c2cccc(Oc3ccc4c(c3)C(=O)N(c3ccc(Oc5ccc(N6C(=O)c7ccc([*])cc7C6=O)cc5)cc3)C4=O)c2)cc1,>= 0.80
1254,497.15,527.7141,0.8444444444444444,30.564111328125023,30.564111328125023,[*]Oc1ccccc1Oc1ccc2c(c1)C(=O)N(c1cccc(N3C(=O)c4ccc([*])cc4C3=O)c1)C2=O,[*]Oc1ccccc1Oc1ccc2c(c1)C(=O)N(c1ccc(Oc3ccccc3Oc3ccc(N4C(=O)c5ccc([*])cc5C4=O)cc3)cc1)C2=O,>= 0.80
1255,486.15,504.45367,0.8245614035087719,18.303674316406273,18.303674316406273,[*]c1ccc(Oc2ccc3c(c2)C(=O)N(c2cccc(P(=O)(c4ccccc4)c4cccc(N5C(=O)c6ccc(Oc7ccc(C([*])(C)C)cc7)cc6C5=O)c4)c2)C3=O)cc1,[*]c1ccc(Oc2ccc3c(c2)C(=O)N(c2cccc(P(C)(=O)c4cccc(N5C(=O)c6ccc(Oc7ccc(C([*])(C)C)cc7)cc6C5=O)c4)c2)C3=O)cc1,>= 0.80
1256,644.15,564.83026,0.7804878048780488,-79.31973876953123,79.31973876953123,[*]c1ccc2c(c1)C(=O)N(c1ccc(P(=O)(c3ccccc3)c3ccc(N4C(=O)c5ccc([*])cc5C4=O)cc3)cc1)C2=O,[*]c1ccc2c(c1)C(=O)N(c1ccc(N3C(=O)c4ccc(P([*])(=O)c5ccccc5)cc4C3=O)cc1)C2=O,0.70 to 0.80
1257,516.15,494.59515,0.9655172413793104,-21.554846191406227,21.554846191406227,[*]c1ccc2c(c1)C(=O)N(c1cccc(Oc3ccc(P(=O)(c4ccccc4)c4ccc(Oc5cccc(N6C(=O)c7ccc(C([*])(C(F)(F)F)C(F)(F)F)cc7C6=O)c5)cc4)cc3)c1)C2=O,[*]c1ccc2c(c1)C(=O)N(c1ccc(Oc3ccc(P(=O)(c4ccccc4)c4ccc(Oc5cccc(N6C(=O)c7ccc(C([*])(C(F)(F)F)C(F)(F)F)cc7C6=O)c5)cc4)cc3)cc1)C2=O,>= 0.80
1258,507.15,532.36334,0.8032786885245902,25.213342285156273,25.213342285156273,[*]c1ccc2c(c1)C(=O)N(c1cccc(Oc3ccc(P(=O)(c4ccccc4)c4ccccc4)c(Oc4cccc(N5C(=O)c6ccc([*])cc6C5=O)c4)c3)c1)C2=O,[*]c1ccc2c(c1)C(=O)N(c1cccc(Oc3cc(Oc4cccc(N5C(=O)c6ccc(C([*])(C(F)(F)F)C(F)(F)F)cc6C5=O)c4)ccc3P(=O)(c3ccccc3)c3ccccc3)c1)C2=O,>= 0.80
1259,451.15,484.94095,0.5517241379310345,33.79094848632815,33.79094848632815,[*]NCCN(CCNC(=O)c1cccc(N2C(=O)c3ccc(C([*])=O)cc3C2=O)c1)c1ccc(/C=C/c2ccc([N+](=O)[O-])cc2)cc1,[*]OCCN(CCOC(=O)c1ccc2c(c1)C(=O)N(c1cccc(N3C(=O)c4ccc(C([*])=O)cc4C3=O)c1)C2=O)c1ccc(/N=N/c2ccc([N+](=O)[O-])cc2)cc1,0.50 to 0.60
1260,415.15,450.01678,0.4705882352941176,34.86678466796877,34.86678466796877,[*]NCCN(CCN1C(=O)c2ccc(C([*])=O)cc2C1=O)c1ccc(/C=C/c2ccc([N+](=O)[O-])cc2)cc1,[*]OCCN(CCOC(=O)c1ccc2c(c1)C(=O)N(c1cccc(N3C(=O)c4ccc(C([*])=O)cc4C3=O)c1)C2=O)c1ccc(/N=N/c2ccc([N+](=O)[O-])cc2)cc1,< 0.50
1261,438.15,442.33008,0.6376811594202898,4.180078125000023,4.180078125000023,[*]NCCN(CCNC(=O)c1ccc([Si](c2ccccc2)(c2ccccc2)c2ccc(C([*])=O)cc2)cc1)c1ccc(/C=C/c2ccc([N+](=O)[O-])cc2)cc1,[*]c1ccc(C(=O)NCCN(CCNC(=O)c2ccc([Si]([*])(C)C)cc2)c2ccc(/C=C/c3ccc([N+](=O)[O-])cc3)cc2)cc1,0.60 to 0.70
1262,451.15,485.65698,0.5652173913043478,34.50698242187502,34.50698242187502,[*]NCCN(CCNC(=O)c1ccc2c(c1)C(=O)N(c1ccc(C([*])=O)cc1)C2=O)c1ccc(/C=C/c2ccc([N+](=O)[O-])cc2)cc1,[*]NCCCCCCNC(=O)c1ccc2c(c1)C(=O)N(c1ccc(C([*])=O)cc1)C2=O,0.50 to 0.60
1263,497.15,481.877,0.5,-15.272985839843727,15.272985839843727,[*]NCCN(CCNC(=O)c1ccc2c(c1)C(=O)N(c1ccc(Oc3ccc(N4C(=O)c5ccc(C([*])=O)cc5C4=O)cc3)cc1)C2=O)c1ccc(/C=C/c2ccc([N+](=O)[O-])cc2)cc1,[*]NCCCCCCNC(=O)c1ccc2c(c1)C(=O)N(c1ccc(C([*])=O)cc1)C2=O,0.50 to 0.60
1264,483.65,499.893,0.8780487804878049,16.243005371093773,16.243005371093773,[*]c1ccc(Oc2ccc(S(=O)(=O)c3ccc(Oc4ccc(C([*])(C)C)cc4)cc3N)c(N)c2)cc1,[*]c1ccc(Oc2ccc(S(=O)(=O)c3ccc(Oc4ccc(C([*])(C)C)cc4)cc3N)cc2)cc1,>= 0.80
1265,515.35,494.1743,0.54,-21.175714111328148,21.175714111328148,[*]Oc1ccc(-c2ccc(Oc3ccc(S(=O)(=O)c4ccc([*])cc4N)c(N)c3)cc2)cc1,[*]c1ccc(Oc2ccc(S(=O)(=O)c3ccc(Oc4ccc(C([*])(C)C)cc4)cc3N)cc2)cc1,0.50 to 0.60
1266,288.15,273.3446,0.4782608695652174,-14.805395507812477,14.805395507812477,[*]CCC([*])=O,[*]CCC(=O)OCCOC([*])=O,< 0.50
1267,601.15,626.39874,0.717391304347826,25.248742675781273,25.248742675781273,[*]c1ccc(-c2ccc(-n3c(=O)c4cc5c(=O)n([*])c(=O)c5cc4c3=O)cc2OC)c(OC)c1,[*]c1ccc(-c2ccc(-n3c(=O)c4cc5c(=O)n([*])c(=O)c5cc4c3=O)cc2OC(F)(F)F)c(OC(F)(F)F)c1,0.70 to 0.80
1268,278.15,282.65463,0.5882352941176471,4.504632568359398,4.504632568359398,[*]CC([*])C(=O)OC(OCC)C(F)(F)F,[*]CC([*])C(=O)OC(C(F)(F)F)C(F)(F)F,0.50 to 0.60
1269,626.65,618.28845,0.6451612903225806,-8.361547851562477,8.361547851562477,[*]c1cccc(N2C(=O)c3ccc(C(c4ccc5c(c4)C(=O)N([*])C5=O)(C(F)(F)F)C(F)(F)F)cc3C2=O)c1C,[*]C(=O)Nc1ccc(C(c2ccc(NC(=O)c3cccc(N4C(=O)c5ccc(C(c6ccc7c(c6)C(=O)N(c6cccc([*])c6C)C7=O)(C(F)(F)F)C(F)(F)F)cc5C4=O)c3C)cc2)(C(F)(F)F)C(F)(F)F)cc1,0.60 to 0.70
1270,535.15,504.84146,0.7017543859649122,-30.308538818359352,30.308538818359352,[*]Oc1ccc2c(c1)C(=O)N(c1ccc(Oc3ccc(-c4ccc(Oc5ccc(N6C(=O)c7ccc(Oc8cc(C(C)(C)C)c([*])cc8C(C)(C)C)cc7C6=O)cc5)cc4)cc3)cc1)C2=O,[*]Oc1ccc(N2C(=O)c3ccc(Oc4ccc5c(c4)C(=O)N(c4ccc(Oc6ccc([*])cc6C(C)(C)C)cc4)C5=O)cc3C2=O)cc1,0.70 to 0.80
1271,561.15,537.19275,0.6981132075471698,-23.957250976562477,23.957250976562477,[*]Oc1ccc(N2C(=O)c3ccc(C(=O)c4ccc5c(c4)C(=O)N(c4ccc(Oc6cc(C(C)(C)C)c([*])cc6C(C)(C)C)cc4)C5=O)cc3C2=O)cc1,[*]Oc1ccc(C(=O)c2ccc(Oc3cc(C(C)(C)C)c([*])cc3C(C)(C)C)cc2)cc1,0.60 to 0.70
1272,550.15,543.9559,0.6451612903225806,-6.194128417968727,6.194128417968727,[*]Oc1ccc(N2C(=O)c3ccc(C(c4ccc5c(c4)C(=O)N(c4ccc(Oc6cc(C(C)(C)C)c([*])cc6C(C)(C)C)cc4)C5=O)(C(F)(F)F)C(F)(F)F)cc3C2=O)cc1,[*]c1ccc(N2C(=O)c3ccc(C(c4ccc5c(c4)C(=O)N(c4ccc(Oc6c(C(C)(C)C)cc([*])cc6C(C)(C)C)cc4)C5=O)(C(F)(F)F)C(F)(F)F)cc3C2=O)cc1,0.60 to 0.70
1273,502.15,514.1299,0.6764705882352942,11.979882812500023,11.979882812500023,[*]Oc1ccc(N2C(=O)c3ccc(Oc4ccc(C(c5ccccc5)(c5ccccc5)c5ccc(Oc6ccc7c(c6)C(=O)N(c6ccc(Oc8ccc([*])c(C(C)(C)C)c8)cc6)C7=O)cc5)cc4)cc3C2=O)cc1,[*]Oc1ccc(N2C(=O)c3ccc(Oc4ccc(C5(c6ccc(Oc7ccc8c(c7)C(=O)N(c7ccc(Oc9ccc([*])c(C(C)(C)C)c9)cc7)C8=O)cc6)CCC(c6ccccc6)CC5)cc4)cc3C2=O)cc1,0.60 to 0.70
1274,515.15,540.49615,0.7735849056603774,25.346154785156273,25.346154785156273,[*]Oc1ccc(N2C(=O)c3ccc(Oc4ccc5c(c4)C(=O)N(c4ccc(Oc6cc(C(C)(C)C)c([*])cc6C(C)(C)C)cc4)C5=O)cc3C2=O)cc1,[*]Oc1ccc(N2C(=O)c3ccc(Oc4ccc5c(c4)C(=O)N(c4ccc(Oc6ccc([*])cc6C(C)(C)C)cc4)C5=O)cc3C2=O)cc1,0.70 to 0.80
1275,536.15,540.4334,0.639344262295082,4.283410644531273,4.283410644531273,[*]Oc1ccc(N2C(=O)c3ccc(S(=O)(=O)c4ccc5c(c4)C(=O)N(c4ccc(Oc6cc(C(C)(C)C)c([*])cc6C(C)(C)C)cc4)C5=O)cc3C2=O)cc1,[*]c1ccc(N2C(=O)c3ccc(S(=O)(=O)c4ccc5c(c4)C(=O)N(c4ccc(Oc6c(C(C)(C)C)cc([*])cc6C(C)(C)C)cc4)C5=O)cc3C2=O)cc1,0.60 to 0.70
1276,501.15,531.3357,0.6727272727272727,30.185693359375023,30.185693359375023,[*]Oc1ccc2c(c1)C(=O)N(c1ccc(Oc3ccc(N4C(=O)c5ccc(Oc6c([*])cc(C(C)(C)C)cc6C(C)(C)C)cc5C4=O)cc3)cc1)C2=O,[*]c1ccc(N2C(=O)c3ccc(Oc4ccc5c(c4)C(=O)N(c4ccc(Oc6c(C(C)(C)C)cc([*])cc6C(C)(C)C)cc4)C5=O)cc3C2=O)cc1,0.60 to 0.70
1277,548.15,512.04,0.734375,-36.11002197265623,36.11002197265623,[*]Oc1cccc2c1C(=O)N(c1ccc(Oc3ccc(-c4ccc(Oc5ccc(N6C(=O)c7cccc(Oc8cc(C(C)(C)C)c([*])cc8C(C)(C)C)c7C6=O)cc5)cc4)cc3)cc1)C2=O,[*]Oc1cccc2c1C(=O)N(c1ccc(Oc3ccc(-c4ccc(Oc5ccc(N6C(=O)c7cccc(Oc8c([*])cc(C(C)(C)C)cc8C(C)(C)C)c7C6=O)cc5)cc4)cc3)cc1)C2=O,0.70 to 0.80
1278,388.15,424.05215,0.5454545454545454,35.90215454101565,35.90215454101565,[*]Oc1ccc(OC(=O)c2ccc(OC(=O)OC3COC4C(OC([*])=O)COC34)cc2)cc1,[*]Oc1ccc(OC(=O)c2ccc(OC([*])=O)cc2)cc1,0.50 to 0.60
1279,345.55,363.6229,0.5272727272727272,18.072894287109364,18.072894287109364,[*]/C=C(/[*])CCCOC(=O)c1cc(-c2ccc(OC)cc2)ccc1-c1ccc(OC)cc1,[*]/C=C(/[*])CCCOc1ccc(OC(=O)c2ccc(OC)cc2)cc1,0.50 to 0.60
1280,395.15,440.12836,0.8125,44.97835693359377,44.97835693359377,[*]c1ccc(OS(=O)(=O)c2cccc(C(=O)c3cccc(S(=O)(=O)Oc4ccc(C([*])(C)C)cc4)c3)c2)cc1,[*]c1ccc(OC(=O)c2cccc(S(=O)(=O)Oc3ccc(C([*])(C)C)cc3)c2)cc1,>= 0.80
1281,397.15,417.59625,0.7391304347826086,20.446252441406273,20.446252441406273,[*]c1ccc(OS(=O)(=O)c2cccc(S(=O)(=O)Oc3ccc(C([*])(C)C)cc3)c2)cc1,[*]c1ccc(OC(=O)c2cccc(S(=O)(=O)Oc3ccc(C([*])(C)C)cc3)c2)cc1,0.70 to 0.80
1282,420.15,406.82065,0.5849056603773585,-13.329351806640602,13.329351806640602,[*]c1ccc(OS(=O)(=O)c2cccc(S(=O)(=O)Oc3ccc(C([*])(C)CC)cc3)c2)cc1,[*]c1ccc(OC(=O)c2cccc(S(=O)(=O)Oc3ccc(C([*])(C)C)cc3)c2)cc1,0.50 to 0.60
1283,505.15,490.02444,0.8666666666666667,-15.125555419921852,15.125555419921852,[*]Nc1ccc(Oc2ccc(NC(=O)Nc3ccccc3CCc3ccccc3NC([*])=O)cc2)cc1,[*]Nc1ccc(CCc2ccccc2NC(=O)Nc2ccc(Oc3ccc(NC([*])=O)cc3)cc2)cc1,>= 0.80
1284,495.15,488.85815,0.5098039215686274,-6.291845703124977,6.291845703124977,[*]C(=O)c1ccc(Oc2ccc(C(C)(C)c3ccc(Oc4ccc(C(=O)c5c(C)ccc6c([*])c(C)ccc56)cc4)cc3)cc2)cc1,[*]c1ccc(Oc2ccc(C(=O)c3ccc(C(C)(C)c4ccc(C(=O)c5ccc(Oc6ccc(C([*])(C)C)cc6)cc5)cc4)cc3)cc2)cc1,0.50 to 0.60
1285,643.65,585.71545,0.6363636363636364,-57.93454589843748,57.93454589843748,[*]c1cc(C)c(N2C(=O)c3ccc(C(c4ccc5c(c4)C(=O)N(c4c(C)cc([*])cc4C)C5=O)(C(F)(F)F)C(F)(F)F)cc3C2=O)c(C)c1,[*]c1ccc2c(c1)C(=O)N(c1ccc(N3C(=O)c4ccc(C(c5ccc6c(c5)C(=O)N(c5ccc(N7C(=O)c8ccc([*])cc8C7=O)cc5)C6=O)(C(F)(F)F)C(F)(F)F)cc4C3=O)cc1)C2=O,0.60 to 0.70
1286,551.65,512.6436,0.6545454545454545,-39.00638427734373,39.00638427734373,[*]Cc1cc(C(C)C)c(N2C(=O)c3ccc(C(c4ccc5c(c4)C(=O)N(c4c(C(C)C)cc([*])cc4C(C)C)C5=O)(C(F)(F)F)C(F)(F)F)cc3C2=O)c(C(C)C)c1,[*]Cc1cc(C(C)C)c(N2C(=O)c3ccc(C(=O)c4ccc5c(c4)C(=O)N(c4c(C(C)C)cc([*])cc4C(C)C)C5=O)cc3C2=O)c(C(C)C)c1,0.60 to 0.70
1287,580.65,551.1937,0.6964285714285714,-29.456274414062477,29.456274414062477,[*]Cc1cc(C)c(N2C(=O)c3ccc(C(c4ccc5c(c4)C(=O)N(c4c(C)cc([*])cc4C)C5=O)(C(F)(F)F)C(F)(F)F)cc3C2=O)c(C)c1,[*]Cc1cc(C)c(Oc2ccc(N3C(=O)c4ccc(C(c5ccc6c(c5)C(=O)N(c5ccc(Oc7c(C)cc([*])cc7C)cc5)C6=O)(C(F)(F)F)C(F)(F)F)cc4C3=O)cc2)c(C)c1,0.60 to 0.70
1288,539.15,510.25235,0.6415094339622641,-28.897650146484352,28.897650146484352,[*]Cc1cc(CC)c(N2C(=O)c3ccc(C(c4ccc5c(c4)C(=O)N(c4c(CC)cc([*])cc4CC)C5=O)(C(F)(F)F)C(F)(F)F)cc3C2=O)c(CC)c1,[*]Cc1cc(CC)c(N2C(=O)c3ccc(C(=O)c4ccc5c(c4)C(=O)N(c4c(CC)cc([*])cc4CC)C5=O)cc3C2=O)c(CC)c1,0.60 to 0.70
1289,693.15,617.76666,0.5789473684210527,-75.38333740234373,75.38333740234373,[*]c1c(C)c(C)c(N2C(=O)c3ccc(C(c4ccc5c(c4)C(=O)N([*])C5=O)(C(F)(F)F)C(F)(F)F)cc3C2=O)c(C)c1C,[*]c1ccc(-c2ccc(N3C(=O)c4ccc(C(c5ccc6c(c5)C(=O)N([*])C6=O)(C(F)(F)F)C(F)(F)F)cc4C3=O)cc2-c2ccc(C)cc2)c(-c2ccc(C)cc2)c1,0.50 to 0.60
1290,650.15,619.7569,0.711864406779661,-30.393103027343727,30.393103027343727,[*]c1c(C)cc(C)c(N2C(=O)c3ccc(C(c4ccc5c(c4)C(=O)N([*])C5=O)(C(F)(F)F)C(F)(F)F)cc3C2=O)c1C,[*]c1c(C)cc(C)c(N2C(=O)c3ccc(C(=O)Nc4ccc(C(c5ccc(NC(=O)c6ccc7c(c6)C(=O)N([*])C7=O)cc5)(C(F)(F)F)C(F)(F)F)cc4)cc3C2=O)c1C,0.70 to 0.80
1291,619.15,603.52045,0.6875,-15.629553222656227,15.629553222656227,[*]c1cc(C)c(-c2c(C)cc(N3C(=O)c4ccc(C(c5ccc6c(c5)C(=O)N([*])C6=O)(C(F)(F)F)C(F)(F)F)cc4C3=O)cc2C)c(C)c1,[*]c1cc(C)c(-c2c(C)cc(N3C(=O)c4ccc(-c5ccc6c(c5)C(=O)N([*])C6=O)cc4C3=O)cc2C)c(C)c1,0.60 to 0.70
1292,558.15,589.5534,0.6842105263157895,31.403405761718773,31.403405761718773,[*]c1cc(C)c(N2C(=O)c3ccc(-c4ccc5c(c4)C(=O)N(c4c(C)cc([*])cc4C)C5=O)cc3C2=O)c(C)c1,[*]c1cc(C)c(N2C(=O)c3ccc(S(=O)(=O)c4ccc5c(c4)C(=O)N(c4c(C)cc([*])cc4C)C5=O)cc3C2=O)c(C)c1,0.60 to 0.70
1293,591.15,553.0073,0.7540983606557377,-38.14267578124998,38.14267578124998,[*]c1cc(C)c(N2C(=O)c3ccc(C(=O)Nc4ccc(C(c5ccc(NC(=O)c6ccc7c(c6)C(=O)N(c6c(C)cc([*])cc6C)C7=O)cc5)(C(F)(F)F)C(F)(F)F)cc4)cc3C2=O)c(C)c1,[*]c1c(C)cc(C)c(N2C(=O)c3ccc(C(=O)Nc4ccc(C(c5ccc(NC(=O)c6ccc7c(c6)C(=O)N([*])C7=O)cc5)(C(F)(F)F)C(F)(F)F)cc4)cc3C2=O)c1C,0.70 to 0.80
1294,608.15,526.3411,0.6615384615384615,-81.80887451171873,81.80887451171873,[*]c1cc(C)c(N2C(=O)c3ccc(C(=O)Oc4ccc(C(c5ccc(OC(=O)c6ccc7c(c6)C(=O)N(c6c(C)cc([*])cc6C)C7=O)cc5)(C(F)(F)F)C(F)(F)F)cc4)cc3C2=O)c(C)c1,[*]C(=O)Oc1ccc(C(c2ccc(OC(=O)c3ccc(C)c(N4C(=O)c5ccc(C(c6ccc7c(c6)C(=O)N(c6cc([*])ccc6C)C7=O)(C(F)(F)F)C(F)(F)F)cc5C4=O)c3)cc2)(C(F)(F)F)C(F)(F)F)cc1,0.60 to 0.70
1295,634.15,577.0742,0.5185185185185185,-57.07578124999998,57.07578124999998,[*]c1cc(C)c(N2C(=O)c3ccc(C(c4ccc5c(c4)C(=O)N(c4c(C)cc(-c6cc(C)c([*])cc6C)cc4C)C5=O)(C(F)(F)F)C(F)(F)F)cc3C2=O)c(C)c1,[*]c1ccc2c(c1)C(=O)N(c1ccc(N3C(=O)c4ccc(C(c5ccc6c(c5)C(=O)N(c5ccc(N7C(=O)c8ccc([*])cc8C7=O)cc5)C6=O)(C(F)(F)F)C(F)(F)F)cc4C3=O)cc1)C2=O,0.50 to 0.60
1296,561.15,551.62317,0.7454545454545455,-9.526831054687477,9.526831054687477,[*]c1cc(C)c(N2C(=O)c3ccc(C(c4ccc5c(c4)C(=O)N(c4c(C)cc(C([*])c6cc(C(F)(F)F)cc(C(F)(F)F)c6)cc4C)C5=O)(C(F)(F)F)C(F)(F)F)cc3C2=O)c(C)c1,[*]c1cc(C)c(N2C(=O)c3ccc(Oc4ccc5c(c4)C(=O)N(c4c(C)cc(C([*])c6cc(C(F)(F)F)cc(C(F)(F)F)c6)cc4C)C5=O)cc3C2=O)c(C)c1,0.70 to 0.80
1297,559.25,564.885,0.7586206896551724,5.635009765625,5.635009765625,[*]c1cc(C)c(N2C(=O)c3ccc(C(c4ccc5c(c4)C(=O)N(c4c(C)cc(C([*])c6cccc(C(F)(F)F)c6)cc4C)C5=O)(C(F)(F)F)C(F)(F)F)cc3C2=O)c(C)c1,[*]c1cc(C)c(N2C(=O)c3ccc(Oc4ccc5c(c4)C(=O)N(c4c(C)cc(C([*])c6cccc(C(F)(F)F)c6)cc4C)C5=O)cc3C2=O)c(C)c1,0.70 to 0.80
1298,587.15,588.58,0.7536231884057971,1.4300170898437727,1.4300170898437727,[*]c1cc(C)c(N2C(=O)c3ccc(C(c4ccc5c(c4)C(=O)N(c4c(C)cc(C([*])c6cccc7ccccc67)cc4C)C5=O)(C(F)(F)F)C(F)(F)F)cc3C2=O)c(C)c1,[*]c1cc(C)c(Oc2ccc(N3C(=O)c4ccc(C(c5ccc6c(c5)C(=O)N(c5ccc(Oc7c(C)cc(C([*])c8cccc9ccccc89)cc7C)cc5)C6=O)(C(F)(F)F)C(F)(F)F)cc4C3=O)cc2)c(C)c1,0.70 to 0.80
1299,634.15,603.4982,0.6119402985074627,-30.651770019531227,30.651770019531227,[*]c1cc(C)c(N2C(=O)c3ccc(C(c4ccc5c(c4)C(=O)N(c4c(C)cc(C6([*])c7ccccc7-c7ccccc76)cc4C)C5=O)(C(F)(F)F)C(F)(F)F)cc3C2=O)c(C)c1,[*]c1ccc(N2C(=O)c3ccc(C(c4ccc5c(c4)C(=O)N(c4ccc(C6([*])c7ccccc7-c7ccccc76)cc4C(C)C)C5=O)(C(F)(F)F)C(F)(F)F)cc3C2=O)c(C(C)C)c1,0.60 to 0.70
1300,676.15,636.4131,0.5294117647058824,-39.73691406249998,39.73691406249998,[*]c1cc(C)c(N2C(=O)c3ccc(C(c4ccc5c(c4)C(=O)N(c4c(C)cc([*])c6ccccc46)C5=O)(C(F)(F)F)C(F)(F)F)cc3C2=O)c2ccccc12,[*]c1ccc2c(c1)C(=O)N(c1ccc(N3C(=O)c4ccc(C(c5ccc6c(c5)C(=O)N(c5ccc(N7C(=O)c8ccc([*])cc8C7=O)cc5)C6=O)(C(F)(F)F)C(F)(F)F)cc4C3=O)cc1)C2=O,0.50 to 0.60
1301,537.95,548.8599,0.7924528301886793,10.909924316406205,10.909924316406205,[*]c1cc(C)c(Oc2cc(N3C(=O)c4ccc(C(c5ccc6c(c5)C(=O)N(c5cc(Oc7c(C)cc([*])cc7C)cc(C(F)(F)F)c5)C6=O)(C(F)(F)F)C(F)(F)F)cc4C3=O)cc(C(F)(F)F)c2)c(C)c1,[*]c1cc(C)c(Oc2cc(N3C(=O)c4ccc(Oc5ccc6c(c5)C(=O)N(c5cc(Oc7c(C)cc([*])cc7C)cc(C(F)(F)F)c5)C6=O)cc4C3=O)cc(C(F)(F)F)c2)c(C)c1,0.70 to 0.80
1302,598.15,612.78156,0.7407407407407407,14.631555175781273,14.631555175781273,[*]c1ccc(-c2ccc(N3C(=O)c4ccc(C(c5ccc6c(c5)C(=O)N([*])C6=O)(C(F)(F)F)C(F)(F)F)cc4C3=O)cc2C)c(C)c1,[*]c1ccc(-c2ccc(N3C(=O)c4ccc(C(c5ccc6c(c5)C(=O)N([*])C6=O)(C(F)(F)F)C(F)(F)F)cc4C3=O)cc2-c2ccc(C)cc2)c(-c2ccc(C)cc2)c1,0.70 to 0.80
1303,608.15,619.078,0.6808510638297872,10.928002929687523,10.928002929687523,[*]c1ccc(C)c(N2C(=O)c3ccc(C(c4ccc5c(c4)C(=O)N([*])C5=O)(C(F)(F)F)C(F)(F)F)cc3C2=O)c1,[*]c1ccc(C)c(N2C(=O)c3ccc(-c4ccc5c(c4)C(=O)N([*])C5=O)cc3C2=O)c1,0.60 to 0.70
1304,625.15,585.66583,0.6842105263157895,-39.48416748046873,39.48416748046873,[*]c1ccc(N2C(=O)c3ccc(C(c4ccc5c(c4)C(=O)N(c4ccc([*])cc4C)C5=O)(C(F)(F)F)C(F)(F)F)cc3C2=O)c(C)c1,[*]C(=O)Nc1ccc(C(c2ccc(NC(=O)c3ccc(N4C(=O)c5ccc(C(c6ccc7c(c6)C(=O)N(c6ccc([*])cc6C)C7=O)(C(F)(F)F)C(F)(F)F)cc5C4=O)c(C)c3)cc2)(C(F)(F)F)C(F)(F)F)cc1,0.60 to 0.70
1305,640.15,615.4525,0.5769230769230769,-24.697485351562477,24.697485351562477,[*]c1cc(C)c(N2C(=O)c3ccc(C(c4ccc5c(c4)C(=O)N([*])C5=O)(C(F)(F)F)C(F)(F)F)cc3C2=O)cc1C,[*]c1cc(N2C(=O)c3ccc(C(=O)c4ccc5c(c4)C(=O)N([*])C5=O)cc3C2=O)c(C)cc1C,0.50 to 0.60
1306,526.15,536.5198,0.7358490566037735,10.369775390625023,10.369775390625023,[*]C(=O)c1ccc2c(c1)C(=O)N(c1cc(N3C(=O)c4ccc(Cc5cccc([*])c5)cc4C3=O)cc(C(F)(F)F)c1)C2=O,[*]C(=O)c1ccc2c(c1)C(=O)N(c1cc(N3C(=O)c4ccc([*])cc4C3=O)cc(C(F)(F)F)c1)C2=O,0.70 to 0.80
1307,391.15,401.30228,0.7377049180327869,10.152276611328148,10.152276611328148,[*]c1ccc(OC(=O)c2ccc3c(c2)C(=O)N(CCOCCOCCN2C(=O)c4ccc(C(=O)Oc5ccc(C([*])(C)C)cc5)cc4C2=O)C3=O)cc1,[*]c1ccc(OC(=O)CCCCCCCCCCCN2C(=O)c3ccc(C(=O)Oc4ccc(C([*])(C)C)cc4)cc3C2=O)cc1,0.70 to 0.80
1308,370.15,386.27332,0.9482758620689656,16.123315429687523,16.123315429687523,[*]c1ccc(OC(=O)CCCCCCCCCCCN2C(=O)c3ccc(C(=O)Oc4ccc(C(C)(C)c5ccc(C([*])(C)C)cc5)cc4)cc3C2=O)cc1,[*]c1ccc(OC(=O)CCCCCCCCCCCN2C(=O)c3ccc(C(=O)Oc4ccc(C([*])(C)C)cc4)cc3C2=O)cc1,>= 0.80
1309,377.15,417.0526,0.9482758620689656,39.90261230468752,39.90261230468752,[*]c1ccc(OC(=O)CCCCCN2C(=O)c3ccc(C(=O)Oc4ccc(C(C)(C)c5ccc(C([*])(C)C)cc5)cc4)cc3C2=O)cc1,[*]c1ccc(OC(=O)CCCCCCCCCCCN2C(=O)c3ccc(C(=O)Oc4ccc(C([*])(C)C)cc4)cc3C2=O)cc1,>= 0.80
1310,333.15,382.81393,0.7704918032786885,49.6639343261719,49.6639343261719,[*]c1ccc(OC(=O)c2ccc3c(c2)C(=O)N(CCCOCCCCOCCCN2C(=O)c4ccc(C(=O)Oc5ccc(C([*])(C)C)cc5)cc4C2=O)C3=O)cc1,[*]c1ccc(OC(=O)CCCCCCCCCCCN2C(=O)c3ccc(C(=O)Oc4ccc(C([*])(C)C)cc4)cc3C2=O)cc1,0.70 to 0.80
1311,498.15,503.54483,0.7758620689655172,5.394830322265648,5.394830322265648,[*]c1ccc(OC(=O)c2ccc3c(c2)C(=O)N(c2cc(N4C(=O)c5ccc(C(=O)Oc6ccc(C([*])(C)C)cc6)cc5C4=O)ccc2O)C3=O)cc1,[*]c1ccc(OC(=O)c2ccc3c(c2)C(=O)N(c2ccc(Oc4ccc(N5C(=O)c6ccc(C(=O)Oc7ccc(C([*])(C)C)cc7)cc6C5=O)cc4)cc2)C3=O)cc1,0.70 to 0.80
1312,334.55,524.5684,0.3714285714285714,190.01842041015624,190.01842041015624,[*]C1C2C/C(=C\C)C(C2)C1[*],[*]C=CC1CC([*])C/C1=C\C,< 0.50
1313,292.15,250.0431,0.4285714285714285,-42.106893920898415,42.106893920898415,[*]CCCCCSC([*])=O,[*]CCCCCCCCCCCCOC([*])=O,< 0.50
1314,456.15,504.87106,0.8,48.7210632324219,48.7210632324219,[*]Oc1ccc2c(c1)C(=O)N(c1cccc(C(F)(F)C(F)(F)C(F)(F)c3cccc(N4C(=O)c5ccc([*])cc5C4=O)c3)c1)C2=O,[*]Oc1ccc2c(c1)C(=O)N(c1cccc(C(c3cccc(N4C(=O)c5ccc([*])cc5C4=O)c3)(C(F)(F)F)C(F)(F)F)c1)C2=O,>= 0.80
1315,430.15,484.1934,0.7843137254901961,54.04338989257815,54.04338989257815,[*]Oc1ccc2c(c1)C(=O)N(c1cccc(C(F)(F)C(F)(F)C(F)(F)C(F)(F)C(F)(F)c3cccc(N4C(=O)c5ccc([*])cc5C4=O)c3)c1)C2=O,[*]Oc1ccc2c(c1)C(=O)N(c1cccc(C(c3cccc(N4C(=O)c5ccc([*])cc5C4=O)c3)(C(F)(F)F)C(F)(F)F)c1)C2=O,0.70 to 0.80
1316,525.15,538.1908,0.7727272727272727,13.040795898437523,13.040795898437523,[*]Oc1ccc2c(c1)C(=O)N(c1cccc(C(O)c3cccc(N4C(=O)c5ccc([*])cc5C4=O)c3)c1)C2=O,[*]Oc1ccc2c(c1)C(=O)N(c1cccc(N3C(=O)c4ccc([*])cc4C3=O)c1)C2=O,0.70 to 0.80
1317,566.15,556.9696,0.84,-9.180395507812477,9.180395507812477,[*]Oc1ccc2c(c1)C(=O)N(c1cccc(C(c3ccccc3)(c3cccc(N4C(=O)c5ccc([*])cc5C4=O)c3)C(F)(F)F)c1)C2=O,[*]Oc1ccc2c(c1)C(=O)N(c1ccc(C(c3ccccc3)(c3ccc(N4C(=O)c5ccc([*])cc5C4=O)cc3)C(F)(F)F)cc1)C2=O,>= 0.80
1318,381.65,418.66605,0.7307692307692307,37.01604614257815,37.01604614257815,[*]c1ccc2c(c1)C(=O)N(c1cccc(C(F)(F)C(F)(F)C(F)(F)C(F)(F)C(F)(F)c3cccc(N4C(=O)c5ccc(C(F)(F)C(F)(F)C(F)(F)C(F)(F)C(F)(F)C(F)(F)C([*])(F)F)cc5C4=O)c3)c1)C2=O,[*]c1ccc2c(c1)C(=O)N(c1ccc(Oc3ccc(N4C(=O)c5ccc(C(F)(F)C(F)(F)C(F)(F)C(F)(F)C(F)(F)C(F)(F)C(F)(F)C([*])(F)F)cc5C4=O)cc3)cc1)C2=O,0.70 to 0.80
1319,417.15,454.70343,0.7307692307692307,37.55343017578127,37.55343017578127,[*]c1ccc2c(c1)C(=O)N(c1cccc(C(F)(F)C(F)(F)C(F)(F)C(F)(F)C(F)(F)c3cccc(N4C(=O)c5ccc(C(F)(F)C(F)(F)C(F)(F)C([*])(F)F)cc5C4=O)c3)c1)C2=O,[*]c1ccc2c(c1)C(=O)N(c1ccc(Oc3ccc(N4C(=O)c5ccc(C(F)(F)C(F)(F)C(F)(F)C(F)(F)C(F)(F)C(F)(F)C(F)(F)C([*])(F)F)cc5C4=O)cc3)cc1)C2=O,0.70 to 0.80
1320,384.15,464.64023,0.6981132075471698,80.4902282714844,80.4902282714844,[*]c1ccc2c(c1)C(=O)N(c1cccc(C(F)(F)C(F)(F)C(F)(F)C(F)(F)C(F)(F)c3cccc(N4C(=O)c5ccc(C(F)(F)C(F)(F)C([*])(F)F)cc5C4=O)c3)c1)C2=O,[*]c1ccc2c(c1)C(=O)N(c1ccc(Oc3ccc(N4C(=O)c5ccc(C(F)(F)C(F)(F)C(F)(F)C(F)(F)C(F)(F)C(F)(F)C(F)(F)C([*])(F)F)cc5C4=O)cc3)cc1)C2=O,0.60 to 0.70
1321,406.65,436.42242,0.7169811320754716,29.772424316406273,29.772424316406273,[*]c1ccc2c(c1)C(=O)N(c1cccc(C(F)(F)C(F)(F)C(F)(F)c3cccc(N4C(=O)c5ccc(C(F)(F)C(F)(F)C(F)(F)C(F)(F)C(F)(F)C(F)(F)C([*])(F)F)cc5C4=O)c3)c1)C2=O,[*]c1ccc2c(c1)C(=O)N(c1ccc(Oc3ccc(N4C(=O)c5ccc(C(F)(F)C(F)(F)C(F)(F)C(F)(F)C(F)(F)C(F)(F)C(F)(F)C([*])(F)F)cc5C4=O)cc3)cc1)C2=O,0.70 to 0.80
1322,432.15,470.75107,0.7115384615384616,38.6010681152344,38.6010681152344,[*]c1ccc2c(c1)C(=O)N(c1cccc(C(F)(F)C(F)(F)C(F)(F)c3cccc(N4C(=O)c5ccc(C(F)(F)C(F)(F)C(F)(F)C([*])(F)F)cc5C4=O)c3)c1)C2=O,[*]c1ccc2c(c1)C(=O)N(c1ccc(Oc3ccc(N4C(=O)c5ccc(C(F)(F)C(F)(F)C(F)(F)C([*])(F)F)cc5C4=O)cc3)cc1)C2=O,0.70 to 0.80
1323,430.15,493.479,0.7058823529411765,63.32900390625002,63.32900390625002,[*]c1ccc2c(c1)C(=O)N(c1cccc(C(F)(F)C(F)(F)C(F)(F)c3cccc(N4C(=O)c5ccc(C(F)(F)C(F)(F)C([*])(F)F)cc5C4=O)c3)c1)C2=O,[*]c1ccc2c(c1)C(=O)N(c1ccc(Oc3ccc(N4C(=O)c5ccc(C(F)(F)C(F)(F)C([*])(F)F)cc5C4=O)cc3)cc1)C2=O,0.70 to 0.80
1324,540.15,570.85736,0.8409090909090909,30.707360839843773,30.707360839843773,[*]c1ccc2c(c1)C(=O)N(c1cccc(C(c3cccc(N4C(=O)c5ccc([*])cc5C4=O)c3)(C(F)(F)F)C(F)(F)F)c1)C2=O,[*]c1ccc2c(c1)C(=O)N(c1cccc(C(c3cccc(N4C(=O)c5ccc(C([*])(C(F)(F)F)C(F)(F)F)cc5C4=O)c3)(C(F)(F)F)C(F)(F)F)c1)C2=O,>= 0.80
1325,585.15,500.6518,0.8,-84.49820556640623,84.49820556640623,[*]c1ccc2c(c1)C(=O)N(c1cccc(Oc3cccc(N4C(=O)c5ccc(C(F)(F)C(F)(F)C([*])(F)F)cc5C4=O)c3)c1)C2=O,[*]c1ccc2c(c1)C(=O)N(c1ccc(Oc3ccc(N4C(=O)c5ccc(C(F)(F)C(F)(F)C([*])(F)F)cc5C4=O)cc3)cc1)C2=O,>= 0.80
1326,613.15,575.28076,0.574468085106383,-37.86923828124998,37.86923828124998,[*]Cc1ccc(N2C(=O)C3CCC4C(=O)N(c5ccc([*])cc5C)C(=O)C4C3C2=O)c(C)c1,[*]Cc1ccc(-n2c(=O)c3cc4c(=O)n(-c5ccc([*])cc5C)c(=O)c4cc3c2=O)c(C)c1,0.50 to 0.60
1327,250.15,237.4296,0.5714285714285714,-12.72040405273438,12.72040405273438,[*]CCCC([*])(C)CC,[*]CCCC([*])(C)C,0.50 to 0.60
1328,578.15,606.7363,0.5510204081632653,28.586328125000023,28.586328125000023,[*]c1ccc(Oc2ccc(-c3cnc4ccc(-c5ccc6ncc([*])nc6c5)cc4n3)cc2)cc1,[*]c1ccc(Oc2ccc(-c3cc(-c4ccccc4)c4cc(-c5ccc6nc([*])cc(-c7ccccc7)c6c5)ccc4n3)cc2)cc1,0.50 to 0.60
1329,406.15,518.7027,0.52,112.55269775390627,112.55269775390627,[*]Oc1ccc(-c2cnc3cc(-c4ccc5nc(-c6ccc(Oc7ccc(Oc8ccc([*])cc8)cc7)cc6)cnc5c4)ccc3n2)cc1,[*]c1ccc(Oc2ccc(-c3cc(-c4ccccc4)c4cc(-c5ccc6nc([*])cc(-c7ccccc7)c6c5)ccc4n3)cc2)cc1,0.50 to 0.60
1330,468.15,550.1969,0.52,82.04689941406252,82.04689941406252,[*]Oc1ccc(-c2cnc3cc(-c4ccc5nc(-c6ccc(Oc7ccc([*])cc7)cc6)cnc5c4)ccc3n2)cc1,[*]c1ccc(Oc2ccc(-c3cc(-c4ccccc4)c4cc(-c5ccc6nc([*])cc(-c7ccccc7)c6c5)ccc4n3)cc2)cc1,0.50 to 0.60
1331,489.15,517.0662,0.5,27.916223144531273,27.916223144531273,[*]Oc1ccc(-c2cnc3cc(-c4ccc5ncc(-c6ccc(Oc7ccc(Oc8ccc([*])cc8)cc7)cc6)nc5c4)ccc3n2)cc1,[*]c1ccc(Oc2ccc(-c3cc(-c4ccccc4)c4cc(-c5ccc6nc([*])cc(-c7ccccc7)c6c5)ccc4n3)cc2)cc1,0.50 to 0.60
1332,508.15,549.2508,0.5,41.10079345703127,41.10079345703127,[*]Oc1ccc(-c2cnc3ccc(-c4ccc5nc(-c6ccc(Oc7ccc([*])cc7)cc6)cnc5c4)cc3n2)cc1,[*]c1ccc(Oc2ccc(-c3cc(-c4ccccc4)c4cc(-c5ccc6nc([*])cc(-c7ccccc7)c6c5)ccc4n3)cc2)cc1,0.50 to 0.60
1333,489.15,515.6086,0.4901960784313725,26.458581542968773,26.458581542968773,[*]Oc1ccc(-c2cnc3ccc(-c4ccc5ncc(-c6ccc(Oc7ccc(Oc8ccc([*])cc8)cc7)cc6)nc5c4)cc3n2)cc1,[*]c1ccc(Oc2ccc(-c3cc(-c4ccccc4)c4cc(-c5ccc6nc([*])cc(-c7ccccc7)c6c5)ccc4n3)cc2)cc1,< 0.50
1334,508.15,551.1153,0.4901960784313725,42.96529541015627,42.96529541015627,[*]Oc1ccc(-c2cnc3ccc(-c4ccc5ncc(-c6ccc(Oc7ccc([*])cc7)cc6)nc5c4)cc3n2)cc1,[*]c1ccc(Oc2ccc(-c3cc(-c4ccccc4)c4cc(-c5ccc6nc([*])cc(-c7ccccc7)c6c5)ccc4n3)cc2)cc1,< 0.50
1335,618.65,641.4238,0.5454545454545454,22.773828125000023,22.773828125000023,[*]c1ccc(-c2ccc(-c3cnc4cc(-c5ccc6nc([*])cnc6c5)ccc4n3)cc2)cc1,[*]C(=O)c1ccc2nc(-c3ccc(-c4cnc5cc([*])ccc5n4)cc3)cnc2c1,0.50 to 0.60
1336,663.15,600.49603,0.5833333333333334,-62.65396728515623,62.65396728515623,[*]c1ccc(-c2ccc(-c3cnc4cc(Oc5ccc6nc([*])cnc6c5)ccc4n3)cc2)cc1,[*]c1ccc(-c2ccc(-c3ccc(-c4cc(-c5ccccc5)c5cc(Oc6ccc7nc([*])cc(-c8ccccc8)c7c6)ccc5n4)cc3)cc2)cc1,0.50 to 0.60
1337,578.15,616.7665,0.6,38.61647949218752,38.61647949218752,[*]c1ccc(-c2ccc(-c3cnc4ccc(-c5ccc6ncc(-c7ccc([*])cc7)nc6c5)cc4n3)cc2)cc1,[*]c1ccc2ncc(-c3ccc(-c4cnc5ccc(S([*])(=O)=O)cc5n4)cc3)nc2c1,0.60 to 0.70
1338,623.15,667.4743,0.5581395348837209,44.32430419921877,44.32430419921877,[*]c1ccc(-c2cnc3cc(-c4ccc5nc([*])cnc5c4)ccc3n2)cc1,[*]C(=O)c1ccc2nc(-c3ccc(-c4cnc5cc([*])ccc5n4)cc3)cnc2c1,0.50 to 0.60
1339,649.15,667.0353,0.5333333333333333,17.885278320312523,17.885278320312523,[*]c1ccc(-c2cnc3cc(-c4ccc5ncc([*])nc5c4)ccc3n2)cc1,[*]C(=O)c1ccc2nc(-c3ccc(-c4cnc5cc([*])ccc5n4)cc3)cnc2c1,0.50 to 0.60
1340,579.15,625.2439,0.5625,46.09389648437502,46.09389648437502,[*]c1ccc(-c2cnc3cc(Oc4ccc5nc([*])cnc5c4)ccc3n2)cc1,[*]c1ccc(-c2ccc(-c3ccc(-c4cc(-c5ccccc5)c5cc(Oc6ccc7nc([*])cc(-c8ccccc8)c7c6)ccc5n4)cc3)cc2)cc1,0.50 to 0.60
1341,665.15,542.20416,0.5116279069767442,-122.94583740234373,122.94583740234373,[*]c1ccc(-c2cnc3cc4nc([*])cnc4cc3n2)cc1,[*]C(=O)c1ccc2nc(-c3ccc(-c4cnc5cc([*])ccc5n4)cc3)cnc2c1,0.50 to 0.60
1342,665.15,547.7119,0.5116279069767442,-117.43808593749998,117.43808593749998,[*]c1ccc(-c2cnc3cc4ncc([*])nc4cc3n2)cc1,[*]C(=O)c1ccc2nc(-c3ccc(-c4cnc5cc([*])ccc5n4)cc3)cnc2c1,0.50 to 0.60
1343,649.15,687.5818,0.5581395348837209,38.43178710937502,38.43178710937502,[*]c1ccc(-c2cnc3ccc(-c4ccc5ncc([*])nc5c4)cc3n2)cc1,[*]c1ccc2ncc(-c3ccc(-c4cnc5ccc(S([*])(=O)=O)cc5n4)cc3)nc2c1,0.50 to 0.60
1344,579.15,620.79755,0.5306122448979592,41.64754638671877,41.64754638671877,[*]c1ccc(-c2cnc3ccc(Oc4ccc5ncc([*])nc5c4)cc3n2)cc1,[*]c1ccc(-c2ccc(-c3ccc(-c4cc(-c5ccccc5)c5cc(Oc6ccc7nc([*])cc(-c8ccccc8)c7c6)ccc5n4)cc3)cc2)cc1,0.50 to 0.60
1345,486.15,532.403,0.5652173913043478,46.25301513671877,46.25301513671877,[*]c1ccc(Oc2ccc(-c3cnc4cc(-c5ccc6nc(-c7ccc(Oc8ccc([*])cc8)cc7)cnc6c5)ccc4n3)cc2)cc1,[*]c1ccc(Oc2ccc(-c3cc(-c4ccccc4)c4cc(-c5ccc6nc([*])cc(-c7ccccc7)c6c5)ccc4n3)cc2)cc1,0.50 to 0.60
1346,607.15,605.3774,0.5833333333333334,-1.7726196289062273,1.7726196289062273,[*]c1ccc(Oc2ccc(-c3cnc4cc(-c5ccc6nc([*])cnc6c5)ccc4n3)cc2)cc1,[*]c1ccc(Oc2ccc(-c3cc(-c4ccccc4)c4cc(-c5ccc6nc([*])cc(-c7ccccc7)c6c5)ccc4n3)cc2)cc1,0.50 to 0.60
1347,553.15,606.18805,0.56,53.03804931640627,53.03804931640627,[*]c1ccc(Oc2ccc(-c3cnc4cc(-c5ccc6ncc([*])nc6c5)ccc4n3)cc2)cc1,[*]c1ccc(Oc2ccc(-c3cc(-c4ccccc4)c4cc(-c5ccc6nc([*])cc(-c7ccccc7)c6c5)ccc4n3)cc2)cc1,0.50 to 0.60
1348,655.15,539.47345,0.5833333333333334,-115.67655029296873,115.67655029296873,[*]c1ccc(Oc2ccc(-c3cnc4cc(Oc5ccc6nc([*])cnc6c5)ccc4n3)cc2)cc1,[*]c1ccc(Oc2ccc(-c3cc(-c4ccccc4)c4cc(Oc5ccc6nc([*])cc(-c7ccccc7)c6c5)ccc4n3)cc2)cc1,0.50 to 0.60
1349,543.15,538.5717,0.56,-4.578283691406227,4.578283691406227,[*]c1ccc(Oc2ccc(-c3cnc4cc(Oc5ccc6ncc([*])nc6c5)ccc4n3)cc2)cc1,[*]c1ccc(Oc2ccc(-c3cc(-c4ccccc4)c4cc(Oc5ccc6nc([*])cc(-c7ccccc7)c6c5)ccc4n3)cc2)cc1,0.50 to 0.60
1350,626.15,626.87115,0.5416666666666666,0.7211547851562727,0.7211547851562727,[*]c1ccc(Oc2ccc(-c3cnc4cc5nc([*])cnc5cc4n3)cc2)cc1,[*]c1ccc(Oc2ccc(-c3cc(-c4ccccc4)c4cc5c(-c6ccccc6)cc([*])nc5cc4n3)cc2)cc1,0.50 to 0.60
1351,626.15,626.87115,0.5416666666666666,0.7211547851562727,0.7211547851562727,[*]c1ccc(Oc2ccc(-c3cnc4cc5ncc([*])nc5cc4n3)cc2)cc1,[*]c1ccc(Oc2ccc(-c3cc(-c4ccccc4)c4cc5c(-c6ccccc6)cc([*])nc5cc4n3)cc2)cc1,0.50 to 0.60
1352,560.15,552.4314,0.7115384615384616,-7.718603515624977,7.718603515624977,[*]c1ccc(OC(=O)c2cccc(C(=O)Oc3ccc(C4([*])c5ccccc5-c5ccccc54)cc3C)c2)c(C)c1,[*]c1cc(C)c(OC(=O)c2cccc(C(=O)Oc3c(C)cc(C4([*])c5ccccc5-c5ccccc54)cc3C)c2)c(C)c1,0.70 to 0.80
1353,546.15,535.4679,0.5409836065573771,-10.682104492187477,10.682104492187477,[*]c1ccc(OC(=O)c2cccc(C(=O)Oc3ccc(C4([*])OC(=O)c5ccccc54)cc3C)c2)c(C)c1,[*]c1cc(C)c(OC(=O)c2cccc(C(=O)Oc3c(C)cc(C4([*])c5ccccc5-c5ccccc54)cc3C)c2)c(C)c1,0.50 to 0.60
1354,350.45,374.3968,0.5675675675675675,23.94678955078126,23.94678955078126,[*]C=CC1CC([*])C(C(=O)OC)C1C(=O)OC,[*]C=CC1CC([*])CC1C(=O)OC,0.50 to 0.60
1355,356.55,386.1858,0.4186046511627907,29.63579101562499,29.63579101562499,[*]C=CC1CC([*])C(C(=O)OC(C)(C)C)C1C(=O)OC(C)(C)C,[*]C=CC1CC([*])CC1C(=O)OC,< 0.50
1356,253.65,259.21008,0.4117647058823529,5.560083007812494,5.560083007812494,[*]OC([*])C,[*]CC(C)O[*],< 0.50
1357,415.0,377.87576,0.5384615384615384,-37.124237060546875,37.124237060546875,[*]CC([*])c1ccncc1,[*]CC([*])c1ccc(C(C)C)cc1,0.50 to 0.60
1358,427.15,472.8215,0.7115384615384616,45.6715026855469,45.6715026855469,[*]Nc1cccc(Oc2ccc(C(=O)c3ccc(Oc4cccc(NC(=O)c5ccc(C([*])=O)cn5)c4)cc3)cc2)c1,[*]Nc1ccc(Oc2ccc(C(=O)c3ccc(Oc4cccc(NC(=O)c5ccc(C([*])=O)cc5)c4)cc3)cc2)cc1,0.70 to 0.80
1359,366.15,351.45197,0.5238095238095238,-14.698034667968727,14.698034667968727,[*]C=C(c1ccccc1)c1ccc2c(c1)Sc1ccc(C(=Cc3cc(OCCCCCCCC)c([*])cc3OCCCCCCCC)c3ccccc3)cc1S2,[*]C=C(c1ccccc1)c1ccc2cc(C(=Cc3cc(OC)c([*])cc3OC)c3ccccc3)ccc2c1,0.50 to 0.60
1360,293.15,290.59576,0.5217391304347826,-2.5542358398437273,2.5542358398437273,[*]=CCCC(=[*])C(C)(C)C,[*]=CCCC(=[*])C,0.50 to 0.60
1361,293.15,294.85092,0.4444444444444444,1.7009216308593977,1.7009216308593977,[*]Oc1ccc(OC(=O)c2ccc(-c3ccc(OCCCCCCCCCC[Si](C)(C)O[Si](C)(C)CCCCCCOC(=O)C([*])C)cc3)cc2)cc1[N+](=O)[O-],[*]CC([*])C(=O)OCCCCCCCCCCCCOc1ccc(C(=O)Oc2ccc(-c3cccc(OC(=O)c4ccc(OC(=O)c5ccc(OCCCCCCCCCCCC)cc5)cc4)c3)cc2)cc1,< 0.50
1362,323.15,339.23032,0.4533333333333333,16.080316162109398,16.080316162109398,[*]COCCCCCCCOc1ccc(-c2ccc(C(=O)Oc3ccc(OC([*])C)c([N+](=O)[O-])c3)cc2)cc1,[*]CC([*])C(=O)OCCCCCCCCCCCCOc1ccc(C(=O)Oc2ccc(-c3cccc(OC(=O)c4ccc(OC(=O)c5ccc(OCCCCCCCCCCCC)cc5)cc4)c3)cc2)cc1,< 0.50
1363,308.15,296.37344,0.5357142857142857,-11.776556396484352,11.776556396484352,[*]Oc1ccc(OC(=O)c2ccc(-c3ccc(OCCCCCCCCCC[Si](C)(C)O[Si](C)(C)CCCCCCOC(=O)C([*])C)cc3)cc2)cc1,[*]Oc1ccc(OCCCCCCOc2ccc(OC(=O)c3ccc(C([*])=O)cc3)cc2)cc1,0.50 to 0.60
1364,338.15,363.03293,0.5957446808510638,24.882928466796898,24.882928466796898,[*]C=Cc1cc(OCCCC)c([*])cc1OC,[*]C=Cc1cc(OC)c([*])cc1OCCC(C)CCCC(C)C,0.50 to 0.60
1365,386.15,419.93906,0.6833333333333333,33.7890563964844,33.7890563964844,[*]C=Cc1cc(OC)c(C=Cc2cc(OC)c([*])cc2OCC(CC)CCCC)cc1OC,[*]C=Cc1ccc(N(c2ccccc2)c2ccc(C=Cc3cc(OCC(CC)CCCC)c([*])cc3OC)cc2)cc1,0.60 to 0.70
1366,383.15,420.25073,0.7241379310344828,37.10073242187502,37.10073242187502,[*]C=Cc1cc(OC)c(C=Cc2cc(OCC(CC)CCCC)c([*])cc2OC)cc1OC,[*]C=Cc1ccc(N(c2ccccc2)c2ccc(C=Cc3cc(OCC(CC)CCCC)c([*])cc3OC)cc2)cc1,0.70 to 0.80
1367,339.15,345.09525,0.65,5.945245361328148,5.945245361328148,[*]C=Cc1cc(OC)c([*])cc1OCC(CC)CCCC,[*]C=Cc1ccc(N(c2ccccc2)c2ccc(C=Cc3cc(OCC(CC)CCCC)c([*])cc3OC)cc2)cc1,0.60 to 0.70
1368,352.15,345.1377,0.7068965517241379,-7.012304687499977,7.012304687499977,[*]C=Cc1cc(OCC(CC)CCCC)c([*])cc1OC,[*]C=Cc1ccc(N(c2ccccc2)c2ccc(C=Cc3cc(OCC(CC)CCCC)c([*])cc3OC)cc2)cc1,0.70 to 0.80
1369,327.65,326.86276,0.9302325581395348,-0.7872375488281023,0.7872375488281023,[*]C=Cc1cc(OCCC(C)CCCC(C)C)c([*])cc1OC,[*]C=Cc1cc(OC)c([*])cc1OCCC(C)CCCC(C)C,>= 0.80
1370,333.15,342.53342,0.6530612244897959,9.383416748046898,9.383416748046898,[*]C=Cc1cc(OCCCCCC)c([*])cc1OC,[*]C=Cc1ccc(/C=C/c2cc(OCCCCCCCC)c([*])cc2OCCCCCCCC)c2nsnc12,0.60 to 0.70
1371,331.15,337.80563,0.6530612244897959,6.655633544921898,6.655633544921898,[*]C=Cc1cc(OCCCCCCCC)c([*])cc1OC,[*]C=Cc1ccc(/C=C/c2cc(OCCCCCCCC)c([*])cc2OCCCCCCCC)c2nsnc12,0.60 to 0.70
1372,309.15,344.60666,0.6530612244897959,35.4566589355469,35.4566589355469,[*]C=Cc1cc(OCCCCCCCCCCCC)c([*])cc1OC,[*]C=Cc1ccc(/C=C/c2cc(OCCCCCCCC)c([*])cc2OCCCCCCCC)c2nsnc12,0.60 to 0.70
1373,394.15,416.93698,0.5961538461538461,22.786981201171898,22.786981201171898,[*]C=Cc1cc(OCCc2ccccc2)c([*])cc1OC,[*]C=Cc1ccc(OCCOCCOCCOc2ccc(/C=C/c3cc(OC)c([*])cc3OC)c3ccccc23)c2ccccc12,0.50 to 0.60
1374,319.15,367.1244,0.8125,47.97438964843752,47.97438964843752,[*]C=Cc1ccc(C=Cc2cc(OCCCCCCC)c([*])cc2OCCCCCCC)cc1,[*]C=Cc1ccc(N(c2ccccc2)c2ccc(C=Cc3cc(OCCCCCCCC)c([*])cc3OCCCCCCCC)cc2)cc1,>= 0.80
1375,317.15,369.7403,0.8125,52.59029541015627,52.59029541015627,[*]C=Cc1ccc(C=Cc2cc(OCCCCCCCCC)c([*])cc2OCCCCCCCCC)cc1,[*]C=Cc1ccc(N(c2ccccc2)c2ccc(C=Cc3cc(OCCCCCCCC)c([*])cc3OCCCCCCCC)cc2)cc1,>= 0.80
1376,311.15,364.08316,0.8125,52.93316040039065,52.93316040039065,[*]C=Cc1ccc(C=Cc2cc(OCCCCCCCCCCCC)c([*])cc2OCCCCCCCCCCCC)cc1,[*]C=Cc1ccc(N(c2ccccc2)c2ccc(C=Cc3cc(OCCCCCCCC)c([*])cc3OCCCCCCCC)cc2)cc1,>= 0.80
1377,306.15,364.1718,0.8125,58.02181396484377,58.02181396484377,[*]C=Cc1ccc(C=Cc2cc(OCCCCCCCCCCCCCCCC)c([*])cc2OCCCCCCCCCCCCCCCC)cc1,[*]C=Cc1ccc(N(c2ccccc2)c2ccc(C=Cc3cc(OCCCCCCCC)c([*])cc3OCCCCCCCC)cc2)cc1,>= 0.80
1378,403.15,340.1797,0.75,-62.97031249999998,62.97031249999998,[*]C=Cc1ccc(OCCCCCCCCOc2ccc(/C=C/c3cc(OCCCCCCCC)c([*])cc3OCCCCCCCC)cc2)cc1,[*]C=Cc1ccc(N(c2ccccc2)c2ccc(C=Cc3cc(OCCCCCCCC)c([*])cc3OCCCCCCCC)cc2)cc1,0.70 to 0.80
1379,310.15,348.6007,0.4761904761904761,38.45070800781252,38.45070800781252,[*]c1cc(OCCCC)c([*])cc1OCCCC,[*]C=Nc1ccc(N=Cc2cc(OCCCCCCCC)c([*])cc2OCCCCCCCC)cc1,< 0.50
1380,429.15,539.8598,0.746031746031746,110.70980224609377,110.70980224609377,[*]Nc1cccc(NC(=O)c2ccc3c(c2)C(=O)N(c2cccc(P(=O)(c4ccccc4)c4cccc(N5C(=O)c6ccc(C([*])=O)cc6C5=O)c4)c2)C3=O)n1,[*]Nc1cccc(P(=O)(c2ccccc2)c2cccc(NC(=O)c3ccc4c(c3)C(=O)N(c3cccc(P(=O)(c5ccccc5)c5cccc(N6C(=O)c7ccc(C([*])=O)cc7C6=O)c5)c3)C4=O)c2)c1,0.70 to 0.80
1381,521.15,514.5568,0.8387096774193549,-6.593176269531227,6.593176269531227,[*]Nc1ccc2c(c1)-c1cc(NC(=O)c3ccc4c(c3)C(=O)N(c3cccc(P(=O)(c5ccccc5)c5cccc(N6C(=O)c7ccc(C([*])=O)cc7C6=O)c5)c3)C4=O)ccc1C2,[*]Nc1cccc(P(=O)(c2ccccc2)c2cccc(NC(=O)c3ccc4c(c3)C(=O)N(c3cccc(P(=O)(c5ccccc5)c5cccc(N6C(=O)c7ccc(C([*])=O)cc7C6=O)c5)c3)C4=O)c2)c1,>= 0.80
1382,638.15,607.78986,0.72,-30.360144042968727,30.360144042968727,[*]Nc1cccc(NC(=O)c2ccc3c(c2)C(=O)N(c2cc(-c4nc5ccccc5o4)cc(N4C(=O)c5ccc(C([*])=O)cc5C4=O)c2)C3=O)n1,[*]Nc1ccc(S(=O)(=O)c2ccc(NC(=O)c3ccc4c(c3)C(=O)N(c3cc(-c5nc6ccccc6o5)cc(N5C(=O)c6ccc(C([*])=O)cc6C5=O)c3)C4=O)cc2)cc1,0.70 to 0.80
1383,631.15,606.4651,0.7910447761194029,-24.684912109374977,24.684912109374977,[*]Nc1cccc(NC(=O)c2ccc3c(c2)C(=O)N(c2cc(-c4nc5ccccc5s4)cc(N4C(=O)c5ccc(C([*])=O)cc5C4=O)c2)C3=O)n1,[*]Nc1ccc(NC(=O)c2ccc3c(c2)C(=O)N(c2cc(-c4nc5ccccc5s4)cc(N4C(=O)c5ccc(C([*])=O)cc5C4=O)c2)C3=O)cc1,0.70 to 0.80
1384,612.15,576.5582,0.6271186440677966,-35.59177246093748,35.59177246093748,[*]Nc1cccc(NC(=O)c2ccc3c(c2)C(=O)N(c2cccc(N4C(=O)c5ccc(C([*])=O)cc5C4=O)c2)C3=O)n1,[*]Nc1cccc(N2C(=O)c3ccc(C(=O)c4ccc5c(c4)C(=O)N(c4cccc(NC(=O)c6cccc(C([*])=O)c6)c4)C5=O)cc3C2=O)c1,0.60 to 0.70
1385,303.15,302.52118,0.4736842105263157,-0.6288208007812273,0.6288208007812273,[*]COC(=O)C1CCC(C(=O)OCC([*])(C)C)CC1,[*]COC(=O)c1ccc(C(=O)OCC([*])(C)C)cc1,< 0.50
1386,377.15,372.24164,0.6875,-4.908361816406227,4.908361816406227,[*]CCN([*])C(=O)c1ccc(F)cc1,[*]CCN([*])C(=O)c1cc(F)cc(F)c1,0.60 to 0.70
1387,374.15,376.44302,0.7058823529411765,2.2930236816406477,2.2930236816406477,[*]CCN([*])C(=O)c1ccc(F)c(F)c1,[*]CCN([*])C(=O)c1cc(F)c(F)c(F)c1,0.70 to 0.80
1388,373.15,366.33206,0.5,-6.817938232421852,6.817938232421852,[*]CCN([*])C(=O)c1ccc(SC(F)(F)F)cc1,[*]CCN([*])C(=O)c1cc(F)cc(F)c1,0.50 to 0.60
1389,370.15,369.0412,0.7058823529411765,-1.1088012695312273,1.1088012695312273,[*]CCN([*])C(=O)c1cccc(F)c1,[*]CCN([*])C(=O)c1cc(F)cc(F)c1,0.70 to 0.80
1390,384.15,361.79282,0.7931034482758621,-22.357183837890602,22.357183837890602,[*]CCN([*])C(=O)c1ccccc1,[*]CCCN([*])C(=O)c1ccccc1,0.70 to 0.80
1391,346.15,391.62668,0.711864406779661,45.4766784667969,45.4766784667969,[*]CC([*])(C)C(=O)NC(=O)OC(C)COc1ccc(S(=O)(=O)c2ccc(OCC(C)O)cc2)cc1,[*]CC([*])(C)C(=O)NC(=O)OC(C)COc1c(Br)cc(S(=O)(=O)c2cc(Br)c(OCC(C)O)c(Br)c2)cc1Br,0.70 to 0.80
1392,491.15,524.51654,0.4675324675324675,33.36654052734377,33.36654052734377,[*]CN1C(=O)c2ccc(C(c3ccc4c(c3)C(=O)N(Cc3nc5ccc(Cc6ccc7nc([*])oc(=O)c7c6)cc5c(=O)o3)C4=O)(C(F)(F)F)C(F)(F)F)cc2C1=O,[*]c1ccc2c(c1)C(=O)N(Cc1nc3cc(-c4ccc5oc(CN6C(=O)c7ccc(C([*])(C(F)(F)F)C(F)(F)F)cc7C6=O)nc5c4)ccc3o1)C2=O,< 0.50
1393,339.15,270.77655,0.575,-68.37344970703123,68.37344970703123,[*]CCCCCCCCC(=O)OC1CCC(OC([*])=O)CC1,[*]CCCCCCCCC(=O)OC1COC2C(OC([*])=O)COC12,0.50 to 0.60
1394,350.95,282.0864,0.55,-68.86360473632811,68.86360473632811,[*]CCCCC(=O)OC1CCC(OC([*])=O)CC1,[*]CCCCCCCCC(=O)OC1COC2C(OC([*])=O)COC12,0.50 to 0.60
1395,276.55,262.60904,0.6,-13.940960693359386,13.940960693359386,[*]CC(=O)OC([*])C,[*]CC(=O)OC([*])CC,0.60 to 0.70
1396,367.15,372.46353,0.6571428571428571,5.313531494140648,5.313531494140648,[*]c1cc(OC)c(OC(=O)CCCCCCCCC(=O)Oc2c(OC)cc([*])cc2OC)c(OC)c1,[*]c1cc(C)c(OC(=O)CCCCCC(=O)Oc2c(C)cc([*])cc2C)c(C)c1,0.60 to 0.70
1397,487.15,554.75836,0.6415094339622641,67.60836181640627,67.60836181640627,[*]C(=O)c1ccc2c(c1)C(=O)N(c1ccc(N3C(=O)c4ccc([*])cc4C3=O)c(S(=O)(=O)O[Na])c1)C2=O,[*]C(=O)c1ccc2c(c1)C(=O)N(c1ccc3c(c1)C(=O)c1cc(N4C(=O)c5ccc([*])cc5C4=O)ccc1-3)C2=O,0.60 to 0.70
1398,502.15,493.4057,0.6363636363636364,-8.744299316406227,8.744299316406227,[*]C(=O)c1ccc2c(c1)C(=O)N(c1ccc(/C=C/c3ccc(N4C(=O)c5ccc([*])cc5C4=O)cc3S(=O)(=O)O[Na])c(S(=O)(=O)O[Na])c1)C2=O,[*]C(=O)c1ccc2c(c1)C(=O)N(c1ccc(/C=C/c3ccc(N4C(=O)c5ccc([*])cc5C4=O)cc3)cc1)C2=O,0.60 to 0.70
1399,525.15,528.5739,0.569620253164557,3.4239135742187727,3.4239135742187727,[*]c1ccc(Oc2ccc(-c3ccc(N4C(=O)c5ccc(C(=O)c6ccc7c(c6)C(=O)N(c6ccc(-c8ccc(Oc9ccc%10c(c9)C([*])(C)CC%10(C)C)c(C(F)(F)F)c8)cc6)C7=O)cc5C4=O)cc3)cc2C(F)(F)F)cc1,[*]c1ccc(N2C(=O)c3ccc(C(=O)c4ccc5c(c4)C(=O)N(c4ccc(Oc6c(C(C)(C)C)cc([*])cc6C(C)(C)C)c(C(F)(F)F)c4)C5=O)cc3C2=O)cc1,0.50 to 0.60
1400,593.15,616.2306,0.5961538461538461,23.080590820312523,23.080590820312523,[*]c1ccc(N2C(=O)c3ccc(C(=O)c4ccc5c(c4)C(=O)N(c4ccc6c(c4)C([*])(C)CC6(C)C)C5=O)cc3C2=O)cc1,[*]C(=O)c1ccc(N2C(=O)c3ccc(C(=O)c4ccc5c(c4)C(=O)N(c4ccc([*])cc4)C5=O)cc3C2=O)cc1,0.50 to 0.60
1401,538.15,551.2712,0.5522388059701493,13.121179199218773,13.121179199218773,[*]c1ccc(Oc2ccc(-c3ccc(-n4c(=O)c5cc6c(=O)n(-c7ccc(-c8ccc(Oc9ccc%10c(c9)C([*])(C)CC%10(C)C)c(C(F)(F)F)c8)cc7)c(=O)c6cc5c4=O)cc3)cc2C(F)(F)F)cc1,[*]c1ccc(Oc2ccc(Oc3ccc(-n4c(=O)c5cc6c(=O)n([*])c(=O)c6cc5c4=O)cc3C(F)(F)F)cc2)cc1,0.50 to 0.60
1402,535.15,518.3586,0.581081081081081,-16.791418457031227,16.791418457031227,[*]c1ccc(Oc2ccc(-c3ccc(N4C(=O)c5ccc(C(c6ccc7c(c6)C(=O)N(c6ccc(-c8ccc(Oc9ccc%10c(c9)C([*])(C)CC%10(C)C)c(C(F)(F)F)c8)cc6)C7=O)(C(F)(F)F)C(F)(F)F)cc5C4=O)cc3)cc2C(F)(F)F)cc1,[*]c1ccc2c(c1)C(=O)N(c1ccc(Oc3ccc(C(c4ccc(Oc5ccc(N6C(=O)c7ccc([*])cc7C6=O)cc5C(F)(F)F)cc4)(C(F)(F)F)C(F)(F)F)cc3)c(C(F)(F)F)c1)C2=O,0.50 to 0.60
1403,514.15,524.4103,0.5569620253164557,10.260278320312523,10.260278320312523,[*]c1ccc(Oc2ccc(-c3ccc(N4C(=O)c5ccc(Oc6ccc(C(C)(C)c7ccc(Oc8ccc9c(c8)C(=O)N(c8ccc(-c%10ccc(Oc%11ccc%12c(c%11)C([*])(C)CC%12(C)C)c(C(F)(F)F)c%10)cc8)C9=O)cc7)cc6)cc5C4=O)cc3)cc2C(F)(F)F)cc1,[*]c1ccc(Oc2ccc(N3C(=O)c4ccc(Oc5ccccc5Oc5ccc6c(c5)C(=O)N(c5ccc(Oc7ccc(C([*])(C)C)cc7)c(C(F)(F)F)c5)C6=O)cc4C3=O)cc2C(F)(F)F)cc1,0.50 to 0.60
1404,522.15,522.8816,0.5753424657534246,0.7315917968750227,0.7315917968750227,[*]c1ccc(Oc2ccc(-c3ccc(N4C(=O)c5ccc(Oc6ccc7c(c6)C(=O)N(c6ccc(-c8ccc(Oc9ccc%10c(c9)C([*])(C)CC%10(C)C)c(C(F)(F)F)c8)cc6)C7=O)cc5C4=O)cc3)cc2C(F)(F)F)cc1,[*]c1ccc(N2C(=O)c3ccc(Oc4ccc5c(c4)C(=O)N(c4ccc(Oc6c(C(C)(C)C)cc([*])cc6C(C)(C)C)c(C(F)(F)F)c4)C5=O)cc3C2=O)cc1,0.50 to 0.60
1405,350.15,367.07303,0.2631578947368421,16.923028564453148,16.923028564453148,[*]CC1=CCC(C([*])(C)C)CC1,[*]CC([*])C1CCC(C(C)(C)C)CC1,< 0.50
1406,324.15,342.77243,0.6111111111111112,18.622430419921898,18.622430419921898,[*]c1ccc(-c2cc(CCCCCCBr)c([*])s2)s1,[*]c1cc(CCCCBr)c([*])s1,0.60 to 0.70
1407,523.15,383.5183,0.3,-139.63168945312498,139.63168945312498,[*]/C(C)=C(/[*])[Ge](C)(C)C,[*]/C(C)=C(/[*])[Si](C)(C)C,< 0.50
1408,416.15,411.8611,0.4935064935064935,-4.288885498046852,4.288885498046852,[*]CCOC(=O)c1ccc(OC2(F)C(F)(F)C(F)(F)C2(F)Oc2ccc(C(=O)OCCN([*])c3ccc(/C=C/C4=CC(=C(C#N)C#N)CC(C)(C)C4)cc3)cc2)cc1,[*]CCOC(=O)c1ccc(C(=O)OCCN([*])c2ccc(C=C(C#N)C#N)cc2)cc1,< 0.50
1409,407.15,420.86096,0.5952380952380952,13.710961914062523,13.710961914062523,[*]Oc1cccc2c(OP([*])(=O)OC3CCCCC3)cccc12,[*]Oc1ccc(OP([*])(=O)OC2CCCCC2)cc1,0.50 to 0.60
1410,405.15,362.43546,0.391304347826087,-42.71454467773435,42.71454467773435,[*]NC(CCC(=O)Nc1ccc(N(c2ccccc2)c2ccccc2)cc1)C([*])=O,[*]CCCC(=O)Nc1ccc(NC([*])=O)cc1,< 0.50
1411,484.15,474.50464,0.4186046511627907,-9.645361328124977,9.645361328124977,[*]Oc1c(-c2ccccc2)cc([*])cc1-c1ccccc1-c1ccccc1,[*]Oc1cccc(Oc2ccc([*])cc2-c2ccccc2)n1,< 0.50
1412,513.15,430.72333,0.3953488372093023,-82.42667236328123,82.42667236328123,[*]Oc1c(-c2ccccc2)cc([*])cc1-c1ccc(C(C)(C)C)cc1,[*]Oc1cc(C)c([*])c(-c2ccccc2)c1,< 0.50
1413,491.15,428.9908,0.4615384615384615,-62.1591857910156,62.1591857910156,[*]Oc1c(-c2ccccc2)cc([*])cc1-c1ccc(C)cc1,[*]Oc1cc(C)c([*])c(-c2ccccc2)c1,< 0.50
1414,492.15,428.9908,0.4423076923076923,-63.1591857910156,63.1591857910156,[*]Oc1c(-c2ccccc2)cc([*])cc1-c1cccc(C)c1,[*]Oc1ccc(C(=O)c2ccc(C(=O)c3ccc(Oc4ccc([*])cc4-c4cccc(C)c4)cc3)cc2)cc1,< 0.50
1415,493.15,456.24576,0.4615384615384615,-36.90424194335935,36.90424194335935,[*]Oc1c(-c2ccccc2)cc([*])cc1-c1ccccc1,[*]Oc1cccc(Oc2ccc([*])cc2-c2ccccc2)n1,< 0.50
1416,344.15,383.91736,0.5833333333333334,39.76735839843752,39.76735839843752,[*]#Cc1ccccc1C#C[SiH](C#[*])c1ccccc1,[*]#Cc1cccc(C#C[SiH](C#[*])c2ccccc2)c1,0.50 to 0.60
1417,399.15,475.11987,0.55,75.96987304687502,75.96987304687502,[*]c1ccc(-c2cc3ccc4ccccc4c3cc2-c2ccc(N([*])c3ccc(C)cc3)cc2)cc1,[*]c1ccc(-c2ccc(N([*])c3ccc(C)cc3)cc2)cc1,0.50 to 0.60
1418,490.15,321.32755,0.4848484848484848,-168.82245483398435,168.82245483398435,[*]COCc1ccc([*])cc1,[*]COc1ccc(OCCCCCCCCCCCCOc2ccc(OCc3ccc([*])cc3)cc2)cc1,< 0.50
1419,470.15,393.9922,0.5806451612903226,-76.15781249999998,76.15781249999998,[*]C(=O)c1ccc(N([*])C)cc1,[*]C(=O)c1ccc(N([*])CCC)cc1,0.50 to 0.60
1420,214.15,220.15681,0.3684210526315789,6.006814575195307,6.006814575195307,[*]CCSC([*])C,[*]CCSSCC[*],< 0.50
1421,420.15,449.90384,0.6896551724137931,29.753839111328148,29.753839111328148,[*]Oc1ccc(-c2ccc(/N=N/c3ccc(C([*])=O)cc3)cc2)cc1,[*]Oc1ccc(C([*])=O)cc1,0.60 to 0.70
1422,311.15,284.83615,0.6190476190476191,-26.313848876953102,26.313848876953102,[*]NCC(F)(F)C(F)(F)C(F)(F)C(F)(F)CNC(=O)OCC(F)(F)C(F)(F)COC([*])=O,[*]NCCCCCCNC(=O)OCC(F)(F)C(F)(F)C(F)(F)C(F)(F)COC([*])=O,0.60 to 0.70
1423,293.15,307.95416,0.6585365853658537,14.804162597656273,14.804162597656273,[*]NCC(F)(F)C(F)(F)C(F)(F)C(F)(F)CNC(=O)OCC(F)(F)C(F)(F)C(F)(F)C(F)(F)COC([*])=O,[*]NCCCCCCNC(=O)OCC(F)(F)C(F)(F)C(F)(F)C(F)(F)COC([*])=O,0.60 to 0.70
1424,298.15,292.4486,0.6428571428571429,-5.701391601562477,5.701391601562477,[*]NCC(F)(F)C(F)(F)C(F)(F)C(F)(F)CNC(=O)OCC(F)(F)C(F)(F)C(F)(F)COC([*])=O,[*]NCCCCCCNC(=O)OCC(F)(F)C(F)(F)C(F)(F)C(F)(F)COC([*])=O,0.60 to 0.70
1425,278.15,277.9772,0.5609756097560976,-0.17279663085935226,0.17279663085935226,[*]NCC(F)(F)C(F)(F)C(F)(F)C(F)(F)CNC(=O)OCCCCCCOC([*])=O,[*]NCCCCNC(=O)OCCCCCCOC([*])=O,0.50 to 0.60
1426,306.15,284.88733,0.5609756097560976,-21.262670898437477,21.262670898437477,[*]NCC(F)(F)C(F)(F)C(F)(F)C(F)(F)CNC(=O)OCCCCCOC([*])=O,[*]NCCCCNC(=O)OCCCCCCOC([*])=O,0.50 to 0.60
1427,306.15,292.02716,0.55,-14.122839355468727,14.122839355468727,[*]NCC(F)(F)C(F)(F)C(F)(F)C(F)(F)CNC(=O)OCCCCOC([*])=O,[*]NCCCCNC(=O)OCCCCOC([*])=O,0.50 to 0.60
1428,343.15,270.3175,0.5,-72.83249511718748,72.83249511718748,[*]CC([*])CCI,[*]CC([*])CCC,0.50 to 0.60
1429,267.15,229.19286,0.5833333333333334,-37.95714416503904,37.95714416503904,[*]CC([*])CCCCCCCCCI,[*]CC([*])CCCCCCC,0.50 to 0.60
1430,303.15,244.3424,0.5714285714285714,-58.80759277343748,58.80759277343748,[*]CC([*])CCCI,[*]CC([*])CCCC,0.50 to 0.60
1431,273.15,229.72327,0.5294117647058824,-43.42673339843748,43.42673339843748,[*]CCN(C)C(=O)CCCCCCCCC(=O)N([*])C,[*]CCN([*])C(=O)CCCCCC,0.50 to 0.60
1432,261.15,227.27579,0.5,-33.87421264648435,33.87421264648435,[*]CCCCCCCCCCC(=O)N([*])C,[*]CCCN([*])C(=O)CCCCC,0.50 to 0.60
1433,244.15,225.88895,0.5,-18.26105346679688,18.26105346679688,[*]CCCCCCCCCCCC(=O)N([*])C,[*]CCCN([*])C(=O)CCCCC,0.50 to 0.60
1434,280.65,239.21611,0.4,-41.43388977050779,41.43388977050779,[*]CCCCCCN(C)C(=O)CCC(=O)N([*])C,[*]CCCN([*])C(=O)CC,< 0.50
1435,276.15,256.15036,0.4210526315789473,-19.999639892578102,19.999639892578102,[*]CCCCCCN(C)C(=O)CCCC(=O)N([*])C,[*]CCCN([*])C(=O)CCCCC,< 0.50
1436,570.15,536.4095,0.5609756097560976,-33.74051513671873,33.74051513671873,[*]c1ccc(-c2ccc(C3([*])c4ccccc4-c4ccccc43)cc2)cc1,[*]c1ccc(Oc2ccc(/C=N/N=C/c3ccc(Oc4ccc(C5([*])c6ccccc6-c6ccccc65)cc4)cc3)cc2)cc1,0.50 to 0.60
1437,553.15,561.4988,0.7627118644067796,8.348779296875023,8.348779296875023,[*]c1c(C)cc(C)c(C(=O)c2cccc(N3C(=O)c4ccc(C(c5ccc6c(c5)C(=O)N([*])C6=O)(C(F)(F)F)C(F)(F)F)cc4C3=O)c2)c1C,[*]c1c(C)cc(C)c(C(=O)c2cccc(N3C(=O)c4ccc(C(=O)c5ccc6c(c5)C(=O)N([*])C6=O)cc4C3=O)c2)c1C,0.70 to 0.80
1438,593.15,611.852,0.8653846153846154,18.701989746093773,18.701989746093773,[*]c1c(C)cc(C)c(C(=O)c2cccc(N3C(=O)c4ccc(-c5ccc6c(c5)C(=O)N([*])C6=O)cc4C3=O)c2)c1C,[*]c1c(C)cc(C)c(C(=O)c2cccc(N3C(=O)c4ccc(C(=O)c5ccc6c(c5)C(=O)N([*])C6=O)cc4C3=O)c2)c1C,>= 0.80
1439,259.5,303.65784,0.3809523809523809,44.1578369140625,44.1578369140625,[*]c1nc(C(F)(F)F)nc(C(F)(OC(F)(F)C(F)(F)C(F)(F)C(F)(F)C(F)(F)C(F)(F)OC([*])(F)C(F)(F)F)C(F)(F)F)n1,[*]c1nc(C(F)(F)C(F)(F)C(F)(F)F)nc(C(F)(F)C(F)(F)C(F)(F)C(F)(F)C(F)(F)C([*])(F)F)n1,< 0.50
1440,408.15,392.73682,0.5,-15.413183593749977,15.413183593749977,[*]C=Cc1ccc([*])cc1-c1ccc(OCC(CC)CCCC)c2ccccc12,[*]C=Cc1ccc([*])cc1OCc1cc(OCCC(C)CCCC(C)C)cc(OCC(CC)CCCC)c1,0.50 to 0.60
1441,414.15,422.24463,0.4583333333333333,8.094628906250023,8.094628906250023,[*]C=Cc1ccc([*])cc1-c1c(OCC(CC)CCCC)ccc2cc(-c3ccccc3)ccc12,[*]C=Cc1ccc([*])cc1-c1cc(OCCC(C)C)c(OCCC(C)C)cc1-c1ccccc1,< 0.50
1442,391.15,389.72375,0.4675324675324675,-1.4262451171874773,1.4262451171874773,[*]C=Cc1ccc([*])cc1-c1c(OCC(CC)CCCC)ccc2ccccc12,[*]C=Cc1ccc([*])cc1OCc1cc(OCCC(C)CCCC(C)C)cc(OCC(CC)CCCC)c1,< 0.50
1443,503.15,470.13596,0.6486486486486487,-33.0140441894531,33.0140441894531,[*]Oc1ccc(C(c2ccc(OC([*])=O)cc2)C(Cl)(Cl)Cl)cc1,[*]Oc1ccc(C(c2ccc(OC([*])=O)cc2)C(Cl)Cl)cc1,0.60 to 0.70
1444,548.15,495.81992,0.5666666666666667,-52.3300842285156,52.3300842285156,[*]NC1CCC(CC2CCC(NC(=O)c3ccc4c(c3)C(=O)N(c3ccc(C([*])=O)cc3)C4=O)CC2)CC1,[*]NCCCCCCNC(=O)c1ccc2c(c1)C(=O)N(c1ccc(C([*])=O)cc1)C2=O,0.50 to 0.60
1445,593.15,628.66626,0.7454545454545455,35.51625976562502,35.51625976562502,[*]c1ccc2nc(-c3ccc(Oc4ccc(-c5cc(-c6ccccc6)c6cc(C7([*])c8ccccc8C(=O)c8ccccc87)ccc6n5)cc4)cc3)cc(-c3ccccc3)c2c1,[*]c1ccc(-c2cc(-c3ccccc3)c3cc(-c4ccc5nc(-c6ccc(C7([*])c8ccccc8C(=O)c8ccccc87)cc6)cc(-c6ccccc6)c5c4)ccc3n2)cc1,0.70 to 0.80
1446,658.15,650.62695,0.8431372549019608,-7.523046874999977,7.523046874999977,[*]c1ccc(-c2cc(-c3ccccc3)c3cc(C4(c5ccc6nc(-c7ccc(C8([*])c9ccccc9C(=O)c9ccccc98)cc7)cc(-c7ccccc7)c6c5)c5ccccc5-c5ccccc54)ccc3n2)cc1,[*]c1ccc(-c2cc(-c3ccccc3)c3cc(-c4ccc5nc(-c6ccc(C7([*])c8ccccc8C(=O)c8ccccc87)cc6)cc(-c6ccccc6)c5c4)ccc3n2)cc1,>= 0.80
1447,663.15,652.5393,0.86,-10.610693359374977,10.610693359374977,[*]c1ccc(-c2cc(-c3ccccc3)c3cc(C4(c5ccc6nc(-c7ccc(C8([*])c9ccccc9C(=O)c9ccccc98)cc7)cc(-c7ccccc7)c6c5)c5ccccc5C(=O)c5ccccc54)ccc3n2)cc1,[*]c1ccc(-c2cc(-c3ccccc3)c3cc(-c4ccc5nc(-c6ccc(C7([*])c8ccccc8C(=O)c8ccccc87)cc6)cc(-c6ccccc6)c5c4)ccc3n2)cc1,>= 0.80
1448,613.15,630.69,0.8269230769230769,17.540002441406273,17.540002441406273,[*]c1ccc(-c2cc(-c3ccccc3)c3cc(Oc4ccc5nc(-c6ccc(C7([*])c8ccccc8C(=O)c8ccccc87)cc6)cc(-c6ccccc6)c5c4)ccc3n2)cc1,[*]c1ccc(-c2cc(-c3ccccc3)c3cc(-c4ccc5nc(-c6ccc(C7([*])c8ccccc8C(=O)c8ccccc87)cc6)cc(-c6ccccc6)c5c4)ccc3n2)cc1,>= 0.80
1449,623.15,677.5978,0.82,54.44777832031252,54.44777832031252,[*]c1ccc2nc(-c3ccc(-c4ccc(-c5cc(-c6ccccc6)c6cc(C7([*])c8ccccc8C(=O)c8ccccc87)ccc6n5)cc4)cc3)cc(-c3ccccc3)c2c1,[*]c1ccc(-c2cc(-c3ccccc3)c3cc(-c4ccc5nc(-c6ccc(C7([*])c8ccccc8C(=O)c8ccccc87)cc6)cc(-c6ccccc6)c5c4)ccc3n2)cc1,>= 0.80
1450,678.15,647.0421,0.7592592592592593,-31.107885742187477,31.107885742187477,[*]c1ccc2nc(-c3ccc(C4(c5ccc(-c6cc(-c7ccccc7)c7cc(C8([*])c9ccccc9C(=O)c9ccccc98)ccc7n6)cc5)c5ccccc5-c5ccccc54)cc3)cc(-c3ccccc3)c2c1,[*]c1ccc(-c2cc(-c3ccccc3)c3cc(-c4ccc5nc(-c6ccc(C7([*])c8ccccc8C(=O)c8ccccc87)cc6)cc(-c6ccccc6)c5c4)ccc3n2)cc1,0.70 to 0.80
1451,548.15,499.22333,0.532258064516129,-48.92667236328123,48.92667236328123,[*]c1ccc(NC(=O)c2ccc(Oc3cc(C(C)(C)C)c(Oc4ccc(C(=O)Nc5ccc(C([*])(C)C)cc5C)cc4)cc3C(C)(C)C)cc2)c(C)c1,[*]c1ccc(Oc2ccc(/C=C/C(=O)c3ccc(Oc4ccc(C([*])(C)C)cc4C)cc3)cc2)c(C)c1,0.50 to 0.60
1452,568.15,476.05484,0.5666666666666667,-92.09515991210935,92.09515991210935,[*]c1cc(C)c(NC(=O)c2ccc(Oc3cc(C(C)(C)C)c(Oc4ccc(C(=O)Nc5c(C)cc(C([*])(C)C)cc5C)cc4)cc3C(C)(C)C)cc2)c(C)c1,[*]Oc1ccc(C(=O)Nc2ccc(C(C)(C)c3ccc(NC(=O)c4ccc(Oc5cc(C(C)(C)C)c([*])cc5C(C)(C)C)cc4)cc3)cc2)cc1,0.50 to 0.60
1453,388.15,357.8097,0.5714285714285714,-30.340307617187477,30.340307617187477,[*]CC([*])c1ccc(OC(C)=O)c(OC)c1,[*]CC([*])c1cccc(OC(C)=O)c1,0.50 to 0.60
1454,420.15,356.49915,0.6111111111111112,-63.65085449218748,63.65085449218748,[*]CC([*])c1cc(OC)c(OC(C)=O)c(OC)c1,[*]CC([*])c1cc(OC)c(O)c(OC)c1,0.60 to 0.70
1455,415.15,409.9012,0.6666666666666666,-5.248785400390602,5.248785400390602,[*]CC([*])c1ccc(O)c(OC)c1,[*]CC([*])c1cc(OC)c(O)c(OC)c1,0.60 to 0.70
1456,315.15,312.71796,0.5396825396825397,-2.4320434570312273,2.4320434570312273,[*]CCc1ccc(OC(=O)CCCCCCCCC(=O)Oc2ccc(CC(NC([*])=O)C(=O)OCc3ccccc3)cc2)cc1,[*]CCCCCCCCC(=O)NC(Cc1ccccc1)C(=O)OC/C=C/COC(=O)C(Cc1ccccc1)NC([*])=O,0.50 to 0.60
1457,328.15,337.52646,0.4929577464788732,9.376458740234398,9.376458740234398,[*]CCC(=O)Oc1ccc(CCC(=O)NC(Cc2ccc(OC(=O)CC([*])C)cc2)C(=O)OCc2ccccc2)cc1,[*]Cc1ccc(OC(=O)CC(C)CCC(=O)Oc2ccc(CCC(=O)NC([*])C(=O)OC)cc2)cc1,< 0.50
1458,351.15,352.1992,0.5,1.0491882324218977,1.0491882324218977,[*]CCc1ccc(OC(=O)CCC(=O)Oc2ccc(CC(NC([*])=O)C(=O)OCc3ccccc3)cc2)cc1,[*]CCCCC(=O)NC(Cc1ccccc1)C(=O)OC/C=C/COC(=O)C(Cc1ccccc1)NC([*])=O,0.50 to 0.60
1459,339.15,347.55475,0.5079365079365079,8.404748535156273,8.404748535156273,[*]CCc1ccc(OC(=O)CCCC(=O)Oc2ccc(CC(NC([*])=O)C(=O)OCc3ccccc3)cc2)cc1,[*]CCCCC(=O)NC(Cc1ccccc1)C(=O)OC/C=C/COC(=O)C(Cc1ccccc1)NC([*])=O,0.50 to 0.60
1460,327.65,344.99142,0.532258064516129,17.341424560546898,17.341424560546898,[*]CCc1ccc(OC(=O)CCCCC(=O)Oc2ccc(CC(NC([*])=O)C(=O)OCc3ccccc3)cc2)cc1,[*]CCCCC(=O)NC(Cc1ccccc1)C(=O)OC/C=C/COC(=O)C(Cc1ccccc1)NC([*])=O,0.50 to 0.60
1461,320.15,325.69412,0.5396825396825397,5.544122314453148,5.544122314453148,[*]CCc1ccc(OC(=O)CCCCCCC(=O)Oc2ccc(CC(NC([*])=O)C(=O)OCc3ccccc3)cc2)cc1,[*]CCCCCCCCC(=O)NC(Cc1ccccc1)C(=O)OC/C=C/COC(=O)C(Cc1ccccc1)NC([*])=O,0.50 to 0.60
1462,349.15,346.8748,0.4615384615384615,-2.2752136230468523,2.2752136230468523,[*]CCc1ccc(OC(=O)COCC(=O)Oc2ccc(CC(NC([*])=O)C(=O)OCc3ccccc3)cc2)cc1,[*]CCCCC(=O)NC(Cc1ccccc1)C(=O)OC/C=C/COC(=O)C(Cc1ccccc1)NC([*])=O,< 0.50
1463,328.15,325.8759,0.4558823529411764,-2.2741149902343523,2.2741149902343523,[*]CCc1ccc(OC(=O)COCCOCC(=O)Oc2ccc(CC(NC([*])=O)C(=O)OCc3ccccc3)cc2)cc1,[*]Cc1ccc(OC(=O)COCCOCC(=O)Oc2ccc(CCC(=O)NC([*])C(=O)OC)cc2)cc1,< 0.50
1464,310.15,340.33658,0.8235294117647058,30.186578369140648,30.186578369140648,[*]c1ccc(OCCCCCCCCCCCCOc2ccc(C(C)(C)c3ccc(OCOc4ccc(C([*])(C)C)cc4)cc3)cc2)cc1,[*]c1ccc(OCCCCCCCCOc2ccc(C([*])(C)C)cc2)cc1,>= 0.80
1465,470.15,364.49762,0.4166666666666667,-105.65238037109373,105.65238037109373,[*]CC1(C)C(=O)OC(=O)C1(C)C([*])OCCCC,[*]CC1C(=O)OC(=O)C1C([*])OCCCC,< 0.50
1466,533.15,431.74832,0.3947368421052631,-101.40167846679685,101.40167846679685,[*]CC1(C)C(=O)OC(=O)C1(C)C([*])OC,[*]CC1(C)CC([*])(C)C(=O)OC1=O,< 0.50
1467,517.15,402.6723,0.375,-114.47769775390623,114.47769775390623,[*]CC1(C)C(=O)OC(=O)C1(C)C([*])OCC,[*]CC1(C)CC([*])(C)C(=O)OC1=O,< 0.50
1468,492.15,378.39713,0.391304347826087,-113.75287475585935,113.75287475585935,[*]CC1(C)C(=O)OC(=O)C1(C)C([*])OCC(C)C,[*]CC1C(=O)OC(=O)C1C([*])OCC(C)C,< 0.50
1469,438.15,397.95398,0.5666666666666667,-40.19602050781248,40.19602050781248,[*]CC([*])c1ccccc1C(F)(F)F,[*]CC([*])c1ccccc1F,0.50 to 0.60
1470,358.15,363.96982,0.5681818181818182,5.819818115234398,5.819818115234398,[*]CC([*])(C)C(=O)OCCC[Si]12O[Si]3(CC(C)C)O[Si]4(CC(C)C)O[Si](CC(C)C)(O1)O[Si]1(CC(C)C)O[Si](CC(C)C)(O2)O[Si](CC(C)C)(O3)O[Si](CC(C)C)(O4)O1,[*]CC([*])(C)C(=O)OCCCCCCCC(C)C,0.50 to 0.60
1471,516.15,566.5355,0.5857142857142857,50.38552246093752,50.38552246093752,[*]Nc1ccc(NC(=O)Nc2ccc3c(c2)C(=O)N(c2ccc(-c4cc(-c5ccc(-c6ccccc6)cc5)cc(-c5ccc(N6C(=O)c7ccc(NC([*])=O)cc7C6=O)cc5)n4)cc2)C3=O)cc1,[*]Nc1ccc(Oc2ccc(NC(=O)Nc3ccc4c(c3)C(=O)N(c3ccc(Oc5ccc6ccccc6c5-c5c(Oc6ccc(N7C(=O)c8ccc(NC([*])=O)cc8C7=O)cc6)ccc6ccccc56)cc3)C4=O)cc2)cc1,0.50 to 0.60
1472,545.15,557.79675,0.5857142857142857,12.646752929687523,12.646752929687523,[*]Nc1ccc(-c2cc(-c3ccc(-c4ccccc4)cc3)cc(-c3ccc(NC(=O)Nc4ccc5c(c4)C(=O)N(c4ccc(-c6cc(-c7ccc(-c8ccccc8)cc7)cc(-c7ccc(N8C(=O)c9ccc(NC([*])=O)cc9C8=O)cc7)n6)cc4)C5=O)cc3)n2)cc1,[*]Nc1ccc(Oc2ccc(NC(=O)Nc3ccc4c(c3)C(=O)N(c3ccc(Oc5ccc6ccccc6c5-c5c(Oc6ccc(N7C(=O)c8ccc(NC([*])=O)cc8C7=O)cc6)ccc6ccccc56)cc3)C4=O)cc2)cc1,0.50 to 0.60
1473,521.15,557.4894,0.6351351351351351,36.33937988281252,36.33937988281252,[*]Nc1ccc2c(c1)C(=O)N(c1ccc(-c3cc(-c4ccc(-c5ccccc5)cc4)cc(-c4ccc(N5C(=O)c6ccc(NC(=O)Nc7cccc(NC([*])=O)n7)cc6C5=O)cc4)n3)cc1)C2=O,[*]Nc1ccc2c(c1)C(=O)N(c1ccc(Oc3ccc4ccccc4c3-c3c(Oc4ccc(N5C(=O)c6ccc(NC(=O)Nc7cccc(NC([*])=O)n7)cc6C5=O)cc4)ccc4ccccc34)cc1)C2=O,0.60 to 0.70
1474,527.15,589.04974,0.6486486486486487,61.89974365234377,61.89974365234377,[*]Nc1ccc2c(c1)C(=O)N(c1ccc(-c3cc(-c4ccc(-c5ccccc5)cc4)cc(-c4ccc(N5C(=O)c6ccc(NC(=O)Nc7cccc8c(NC([*])=O)cccc78)cc6C5=O)cc4)n3)cc1)C2=O,[*]Nc1ccc2c(c1)C(=O)N(c1ccc(Oc3ccc4ccccc4c3-c3c(Oc4ccc(N5C(=O)c6ccc(NC(=O)Nc7cccc8c(NC([*])=O)cccc78)cc6C5=O)cc4)ccc4ccccc34)cc1)C2=O,0.60 to 0.70
